training_bundle_row,dependence_unit,_row_id
0,F-9A,0
1,F-9A,2
2,F-9A,6
3,F-9A,10
4,F-9A,13
5,F-9A,17
6,F-9A,30
7,F-9A,37
8,F-9A,38
9,F-9A,41
10,F-9A,49
11,F-9A,51
12,F-9A,52
13,F-9A,65
14,F-9A,68
15,F-9A,75
16,F-9A,78
17,F-9A,80
18,F-9A,89
19,F-9A,93
20,F-9A,94
21,F-9A,96
22,F-9A,97
23,F-9A,102
24,F-9A,105
25,F-9A,108
26,F-9A,110
27,F-9A,113
28,F-9A,114
29,F-9A,119
30,F-9A,121
31,F-9A,131
32,F-9A,135
33,F-9A,136
34,F-9A,137
35,F-9A,141
36,F-9A,145
37,F-9A,157
38,F-9A,159
39,F-9A,161
40,F-9A,162
41,F-9A,168
42,F-9A,170
43,F-9A,176
44,F-9A,181
45,F-9A,185
46,F-9A,186
47,F-9A,190
48,F-9A,191
49,F-9A,193
50,F-9A,197
51,F-9A,200
52,F-9A,201
53,F-9A,203
54,F-9A,208
55,F-9A,210
56,F-9A,212
57,F-9A,213
58,F-9A,214
59,F-9A,215
60,F-9A,217
61,F-9A,219
62,F-9A,226
63,F-9A,230
64,F-9A,231
65,F-9A,236
66,F-9A,238
67,F-9A,240
68,F-9A,247
69,F-9A,249
70,F-9A,250
71,F-9A,253
72,F-9A,256
73,F-9A,258
74,F-9A,261
75,F-9A,262
76,F-9A,263
77,F-9A,270
78,F-9A,271
79,F-9A,277
80,F-9A,286
81,F-9A,292
82,F-9A,293
83,F-9A,294
84,F-9A,295
85,F-9A,298
86,F-9A,299
87,F-9A,300
88,F-9A,301
89,F-9A,313
90,F-9A,314
91,F-9A,315
92,F-9A,316
93,F-9A,322
94,F-9A,325
95,F-9A,328
96,F-9A,329
97,F-9A,332
98,F-9A,333
99,F-9A,334
100,F-9A,338
101,F-9A,342
102,F-9A,343
103,F-9A,347
104,F-9A,350
105,F-9A,351
106,F-9A,352
107,F-9A,356
108,F-9A,372
109,F-9A,373
110,F-9A,374
111,F-9A,377
112,F-9A,383
113,F-9A,389
114,F-9A,390
115,F-9A,393
116,F-9A,394
117,F-9A,395
118,F-9A,397
119,F-9A,398
120,F-9A,407
121,F-9A,410
122,F-9A,412
123,F-9A,424
124,F-9A,428
125,F-9A,432
126,F-9A,437
127,F-9A,439
128,F-9A,441
129,F-9A,451
130,F-9A,453
131,F-9A,457
132,F-9A,460
133,F-9A,463
134,F-9A,464
135,F-9A,466
136,F-9A,470
137,F-9A,474
138,F-9A,477
139,F-9A,479
140,F-9A,483
141,F-9A,485
142,F-9A,487
143,F-9A,489
144,F-9A,490
145,F-9A,498
146,F-9A,499
147,F-9A,501
148,F-9A,502
149,F-9A,506
150,F-9A,507
151,F-9A,512
152,F-9A,514
153,F-9A,519
154,F-9A,521
155,F-9A,522
156,F-9A,527
157,F-9A,529
158,F-9A,534
159,F-9A,537
160,F-9A,545
161,F-9A,551
162,F-9A,553
163,F-9A,554
164,F-9A,559
165,F-9A,561
166,F-9A,562
167,F-9A,565
168,F-9A,567
169,F-9A,571
170,F-9A,575
171,F-9A,577
172,F-9A,587
173,F-9A,592
174,F-9A,595
175,F-9A,596
176,F-9A,599
177,F-9A,600
178,F-9A,601
179,F-9A,602
180,F-9A,605
181,F-9A,608
182,F-9A,609
183,F-9A,615
184,F-9A,617
185,F-9A,619
186,F-9A,623
187,F-9A,626
188,F-9A,628
189,F-9A,631
190,F-9A,634
191,F-9A,639
192,F-9A,644
193,F-9A,646
194,F-9A,650
195,F-9A,655
196,F-9A,661
197,F-9A,664
198,F-9A,669
199,F-9A,670
200,F-9A,671
201,F-9A,682
202,F-9A,684
203,F-9A,690
204,F-9A,691
205,F-9A,694
206,F-9A,700
207,F-9A,704
208,F-9A,707
209,F-9A,710
210,F-9A,715
211,F-9A,727
212,F-9A,729
213,F-9A,732
214,F-9A,734
215,F-9A,735
216,F-9A,736
217,F-9A,739
218,F-9A,750
219,F-9A,758
220,F-9A,759
221,F-9A,760
222,F-9A,763
223,F-9A,767
224,F-9A,768
225,F-9A,769
226,F-9A,770
227,F-9A,777
228,F-9A,778
229,F-9A,781
230,F-9A,783
231,F-9A,787
232,F-9A,789
233,F-9A,790
234,F-9A,799
235,F-9A,804
236,F-9A,808
237,F-9A,810
238,F-9A,812
239,F-9A,815
240,F-9A,820
241,F-9A,821
242,F-9A,822
243,F-9A,824
244,F-9A,827
245,F-9A,828
246,F-9A,830
247,F-9A,835
248,F-9A,840
249,F-9A,842
250,F-9A,846
251,F-9A,849
252,F-9A,851
253,F-9A,856
254,F-9A,860
255,F-9A,862
256,F-9A,864
257,F-9A,866
258,F-9A,869
259,F-9A,875
260,F-9A,883
261,F-9A,890
262,F-9A,895
263,F-9A,896
264,F-9A,903
265,F-9A,905
266,F-9A,906
267,F-9A,914
268,F-9A,924
269,F-9A,925
270,F-9A,926
271,F-9A,938
272,F-9A,939
273,F-9A,942
274,F-9A,943
275,F-9A,945
276,F-9A,948
277,F-9A,951
278,F-9A,952
279,F-9A,959
280,F-9A,960
281,F-9A,961
282,F-9A,970
283,F-9A,971
284,F-9A,972
285,F-9A,975
286,F-9A,978
287,F-9A,981
288,F-9A,982
289,F-9A,990
290,F-9A,991
291,F-9A,993
292,F-9A,1000
293,F-9A,1004
294,F-9A,1007
295,F-9A,1011
296,F-9A,1017
297,F-9A,1020
298,F-9A,1021
299,F-9A,1025
300,F-9A,1032
301,F-9A,1033
302,F-9A,1036
303,F-9A,1037
304,F-9A,1039
305,F-9A,1042
306,F-9A,1045
307,F-9A,1047
308,F-9A,1051
309,F-9A,1052
310,F-9A,1054
311,F-9A,1057
312,F-9A,1063
313,F-9A,1069
314,F-9A,1072
315,F-9A,1081
316,F-9A,1085
317,F-9A,1087
318,F-9A,1089
319,F-9A,1090
320,F-9A,1092
321,F-9A,1093
322,F-9A,1094
323,F-9A,1095
324,F-9A,1096
325,F-9A,1098
326,F-9A,1103
327,F-9A,1111
328,F-9A,1116
329,F-9A,1119
330,F-9A,1120
331,F-9A,1121
332,F-9A,1124
333,F-9A,1129
334,F-9A,1130
335,F-9A,1131
336,F-9A,1132
337,F-9A,1136
338,F-9A,1137
339,F-9A,1145
340,F-9A,1152
341,F-9A,1154
342,F-9A,1157
343,F-9A,1162
344,F-9A,1164
345,F-9A,1166
346,F-9A,1167
347,F-9A,1168
348,F-9A,1172
349,F-9A,1175
350,F-9A,1176
351,F-9A,1179
352,F-9A,1187
353,F-9A,1188
354,F-9A,1194
355,F-9A,1195
356,F-9A,1203
357,F-9A,1204
358,F-9A,1206
359,F-9A,1207
360,F-9A,1212
361,F-9A,1214
362,F-9A,1218
363,F-9A,1219
364,F-9A,1220
365,F-9A,1221
366,F-9A,1222
367,F-9A,1223
368,F-9A,1225
369,F-9A,1226
370,F-9A,1228
371,F-9A,1229
372,F-9A,1232
373,F-9A,1233
374,F-9A,1235
375,F-9A,1239
376,F-9A,1243
377,F-9A,1244
378,F-9A,1246
379,F-9A,1253
380,F-9A,1257
381,F-9A,1261
382,F-9A,1266
383,F-9A,1267
384,F-9A,1274
385,F-9A,1276
386,F-9A,1281
387,F-9A,1282
388,F-9A,1283
389,F-9A,1288
390,F-9A,1290
391,F-9A,1291
392,F-9A,1295
393,F-9A,1298
394,F-9A,1299
395,F-9A,1301
396,F-9A,1303
397,F-9A,1304
398,F-9A,1306
399,F-9A,1310
400,F-9A,1313
401,F-9A,1315
402,F-9A,1331
403,F-9A,1337
404,F-9A,1340
405,F-9A,1354
406,F-9A,1358
407,F-9A,1363
408,F-9A,1364
409,F-9A,1365
410,F-9A,1366
411,F-9A,1367
412,F-9A,1373
413,F-9A,1380
414,F-9A,1386
415,F-9A,1388
416,F-9A,1391
417,F-9A,1400
418,F-9A,1407
419,F-9A,1409
420,F-9A,1412
421,F-9A,1413
422,F-9A,1414
423,F-9A,1415
424,F-9A,1418
425,F-9A,1421
426,F-9A,1428
427,F-9A,1430
428,F-9A,1433
429,F-9A,1436
430,F-9A,1438
431,F-9A,1441
432,F-9A,1442
433,F-9A,1444
434,F-9A,1449
435,F-9A,1450
436,F-9A,1455
437,F-9A,1456
438,F-9A,1464
439,F-9A,1465
440,F-9A,1468
441,F-9A,1470
442,F-9A,1472
443,F-9A,1473
444,F-9A,1475
445,F-9A,1480
446,F-9A,1483
447,F-9A,1486
448,F-9A,1487
449,F-9A,1491
450,F-9A,1492
451,F-9A,1495
452,F-9A,1500
453,F-9A,1504
454,F-9A,1506
455,F-9A,1507
456,F-9A,1510
457,F-9A,1512
458,F-9A,1513
459,F-9A,1514
460,F-9A,1516
461,F-9A,1517
462,F-9A,1526
463,F-9A,1527
464,F-9A,1538
465,F-9A,1540
466,F-9A,1541
467,F-9A,1566
468,F-9A,1568
469,F-9A,1572
470,F-9A,1573
471,F-9A,1576
472,F-9A,1588
473,F-9A,1590
474,F-9A,1592
475,F-9A,1598
476,F-9A,1604
477,F-9A,1605
478,F-9A,1608
479,F-9A,1609
480,F-9A,1613
481,F-9A,1614
482,F-9A,1615
483,F-9A,1617
484,F-9A,1623
485,F-9A,1625
486,F-9A,1632
487,F-9A,1634
488,F-9A,1639
489,F-9A,1642
490,F-9A,1644
491,F-9A,1647
492,F-9A,1648
493,F-9A,1649
494,F-9A,1653
495,F-9A,1658
496,F-9A,1659
497,F-9A,1660
498,F-9A,1663
499,F-9A,1674
500,F-9A,1675
501,F-9A,1677
502,F-9A,1678
503,F-9A,1685
504,F-9A,1692
505,F-9A,1698
506,F-9A,1699
507,F-9A,1702
508,F-9A,1710
509,F-9A,1716
510,F-9A,1719
511,F-9A,1722
512,F-9A,1723
513,F-9A,1732
514,F-9A,1734
515,F-9A,1745
516,F-9A,1746
517,F-9A,1747
518,F-9A,1751
519,F-9A,1754
520,F-9A,1756
521,F-9A,1757
522,F-9A,1758
523,F-9A,1760
524,F-9A,1765
525,F-9A,1766
526,F-9A,1768
527,F-9A,1769
528,F-9A,1771
529,F-9A,1773
530,F-9A,1775
531,F-9A,1782
532,F-9A,1783
533,F-9A,1786
534,F-9A,1787
535,F-9A,1788
536,F-9A,1790
537,F-9A,1796
538,F-9A,1798
539,F-9A,1800
540,F-9A,1804
541,F-9A,1806
542,F-9A,1809
543,F-9A,1815
544,F-9A,1816
545,F-9A,1822
546,F-9A,1825
547,F-9A,1826
548,F-9A,1831
549,F-9A,1833
550,F-9A,1836
551,F-9A,1838
552,F-9A,1842
553,F-9A,1844
554,F-9A,1848
555,F-9A,1852
556,F-9A,1853
557,F-9A,1856
558,F-9A,1861
559,F-9A,1863
560,F-9A,1865
561,F-9A,1866
562,F-9A,1868
563,F-9A,1872
564,F-9A,1875
565,F-9A,1879
566,F-9A,1883
567,F-9A,1886
568,F-9A,1888
569,F-9A,1889
570,F-9A,1890
571,F-9A,1894
572,F-9A,1896
573,F-9A,1899
574,F-9A,1905
575,F-9A,1907
576,F-9A,1911
577,F-9A,1917
578,F-9A,1927
579,F-9A,1939
580,F-9A,1941
581,F-9A,1942
582,F-9A,1944
583,F-9A,1948
584,F-9A,1950
585,F-9A,1956
586,F-9A,1962
587,F-9A,1963
588,F-9A,1964
589,F-9A,1966
590,F-9A,1968
591,F-9A,1971
592,F-9A,1973
593,F-9A,1975
594,F-9A,1977
595,F-9A,1979
596,F-9A,1980
597,F-9A,1986
598,F-9A,1987
599,F-9A,1990
600,F-9A,1992
601,F-9A,1995
602,F-9A,2001
603,F-9A,2002
604,F-9A,2003
605,F-9A,2006
606,F-9A,2007
607,F-9A,2010
608,F-9A,2014
609,F-9A,2018
610,F-9A,2019
611,F-9A,2021
612,F-9A,2024
613,F-9A,2029
614,F-9A,2030
615,F-9A,2032
616,F-9A,2035
617,F-9A,2046
618,F-9A,2049
619,F-9A,2050
620,F-9A,2057
621,F-9A,2059
622,F-9A,2062
623,F-9A,2068
624,F-9A,2069
625,F-9A,2070
626,F-9A,2074
627,F-9A,2082
628,F-9A,2083
629,F-9A,2085
630,F-9A,2086
631,F-9A,2090
632,F-9A,2094
633,F-9A,2097
634,F-9A,2101
635,F-9A,2117
636,F-9A,2118
637,F-9A,2119
638,F-9A,2120
639,F-9A,2124
640,F-9A,2128
641,F-9A,2129
642,F-9A,2132
643,F-9A,2138
644,F-9A,2141
645,F-9A,2143
646,F-9A,2144
647,F-9A,2146
648,F-9A,2150
649,F-9A,2155
650,F-9A,2157
651,F-9A,2159
652,F-9A,2160
653,F-9A,2163
654,F-9A,2167
655,F-9A,2168
656,F-9A,2175
657,F-9A,2176
658,F-9A,2178
659,F-9A,2182
660,F-9A,2187
661,F-9A,2192
662,F-9A,2193
663,F-9A,2195
664,F-9A,2197
665,F-9A,2204
666,F-9A,2214
667,F-9A,2215
668,F-9A,2217
669,F-9A,2221
670,F-9A,2233
671,F-9A,2234
672,F-9A,2239
673,F-9A,2240
674,F-9A,2244
675,F-9A,2245
676,F-9A,2247
677,F-9A,2265
678,F-9A,2268
679,F-9A,2270
680,F-9A,2272
681,F-9A,2274
682,F-9A,2279
683,F-9A,2280
684,F-9A,2281
685,F-9A,2282
686,F-9A,2283
687,F-9A,2287
688,F-9A,2291
689,F-9A,2296
690,F-9A,2301
691,F-9A,2305
692,F-9A,2313
693,F-9A,2315
694,F-9A,2316
695,F-9A,2317
696,F-9A,2318
697,F-9A,2321
698,F-9A,2332
699,F-9A,2337
700,F-9A,2338
701,F-9A,2339
702,F-9A,2346
703,F-9A,2350
704,F-9A,2351
705,F-9A,2353
706,F-9A,2356
707,F-9A,2359
708,F-9A,2360
709,F-9A,2362
710,F-9A,2366
711,F-9A,2369
712,F-9A,2370
713,F-9A,2379
714,F-9A,2381
715,F-9A,2383
716,F-9A,2385
717,F-9A,2386
718,F-9A,2389
719,F-9A,2391
720,F-9A,2393
721,F-9A,2396
722,F-9A,2399
723,F-9A,2405
724,F-9A,2408
725,F-9A,2419
726,F-9A,2420
727,F-9A,2424
728,F-9A,2432
729,F-9A,2439
730,F-9A,2449
731,F-9A,2451
732,F-9A,2452
733,F-9A,2454
734,F-9A,2458
735,F-9A,2460
736,F-9A,2461
737,F-9A,2463
738,F-9A,2476
739,F-9A,2477
740,F-9A,2479
741,F-9A,2482
742,F-9A,2487
743,F-9A,2488
744,F-9A,2490
745,F-9A,2493
746,F-9A,2495
747,F-9A,2496
748,F-9A,2498
749,F-9A,2502
750,F-9A,2506
751,F-9A,2508
752,F-9A,2510
753,F-9A,2516
754,F-9A,2517
755,F-9A,2520
756,F-9A,2521
757,F-9A,2522
758,F-9A,2525
759,F-9A,2526
760,F-9A,2533
761,F-9A,2535
762,F-9A,2538
763,F-9A,2542
764,F-9A,2545
765,F-9A,2551
766,F-9A,2557
767,F-9A,2563
768,F-9A,2569
769,F-9A,2570
770,F-9A,2579
771,F-9A,2585
772,F-9A,2586
773,F-9A,2588
774,F-9A,2590
775,F-9A,2599
776,F-9A,2600
777,F-9A,2602
778,F-9A,2616
779,F-9A,2617
780,F-9A,2619
781,F-9A,2621
782,F-9A,2624
783,F-9A,2638
784,F-9A,2639
785,F-9A,2640
786,F-9A,2645
787,F-9A,2651
788,F-9A,2655
789,F-9A,2657
790,F-9A,2658
791,F-9A,2662
792,F-9A,2663
793,F-9A,2665
794,F-9A,2677
795,F-9A,2678
796,F-9A,2684
797,F-9A,2688
798,F-9A,2692
799,F-9A,2694
800,F-9A,2703
801,F-9A,2704
802,F-9A,2710
803,F-9A,2712
804,F-9A,2717
805,F-9A,2720
806,F-9A,2721
807,F-9A,2724
808,F-9A,2725
809,F-9A,2729
810,F-9A,2730
811,F-9A,2738
812,F-9A,2740
813,F-9A,2747
814,F-9A,2748
815,F-9A,2756
816,F-9A,2759
817,F-9A,2765
818,F-9A,2768
819,F-9A,2772
820,F-9A,2774
821,F-9A,2776
822,F-9A,2778
823,F-9A,2785
824,F-9A,2787
825,F-9A,2789
826,F-9A,2791
827,F-9A,2792
828,F-9A,2794
829,F-9A,2795
830,F-9A,2799
831,F-9A,2811
832,F-9A,2815
833,F-9A,2817
834,F-9A,2818
835,F-9A,2824
836,F-9A,2825
837,F-9A,2829
838,F-9A,2832
839,F-9A,2834
840,F-9A,2837
841,F-9A,2839
842,F-9A,2846
843,F-9A,2849
844,F-9A,2855
845,F-9A,2857
846,F-9A,2867
847,F-9A,2870
848,F-9A,2874
849,F-9A,2876
850,F-9A,2878
851,F-9A,2882
852,F-9A,2889
853,F-9A,2890
854,F-9A,2900
855,F-9A,2905
856,F-9A,2908
857,F-9A,2912
858,F-9A,2916
859,F-9A,2918
860,F-9A,2938
861,F-9A,2941
862,F-9A,2942
863,F-9A,2944
864,F-9A,2946
865,F-9A,2954
866,F-9A,2955
867,F-9A,2956
868,F-9A,2959
869,F-9A,2962
870,F-9A,2963
871,F-9A,2967
872,F-9A,2969
873,F-9A,2971
874,F-9A,2973
875,F-9A,2974
876,F-9A,2975
877,F-9A,2978
878,F-9A,2988
879,F-9A,2990
880,F-9A,2999
881,F-9A,3003
882,F-9A,3023
883,F-9A,3027
884,F-9A,3035
885,F-9A,3038
886,F-9A,3048
887,F-9A,3049
888,F-9A,3050
889,F-9A,3051
890,F-9A,3053
891,F-9A,3054
892,F-9A,3056
893,F-9A,3058
894,F-9A,3064
895,F-9A,3067
896,F-9A,3068
897,F-9A,3069
898,F-9A,3074
899,F-9A,3075
900,F-9A,3076
901,F-9A,3081
902,F-9A,3084
903,F-9A,3086
904,F-9A,3089
905,F-9A,3093
906,F-9A,3097
907,F-9A,3100
908,F-9A,3101
909,F-9A,3104
910,F-9A,3106
911,F-9A,3107
912,F-9A,3112
913,F-9A,3116
914,F-9A,3118
915,F-9A,3120
916,F-9A,3133
917,F-9A,3138
918,F-9A,3141
919,F-9A,3144
920,F-9A,3145
921,F-9A,3148
922,F-9A,3150
923,F-9A,3151
924,F-9A,3154
925,F-9A,3155
926,F-9A,3156
927,F-9A,3157
928,F-9A,3163
929,F-9A,3165
930,F-9A,3167
931,F-9A,3168
932,F-9A,3172
933,F-9A,3177
934,F-9A,3180
935,F-9A,3181
936,F-9A,3186
937,F-9A,3191
938,F-9A,3196
939,F-9A,3199
940,F-9A,3200
941,F-9A,3201
942,F-9A,3202
943,F-9A,3205
944,F-9A,3207
945,F-9A,3209
946,F-9A,3211
947,F-9A,3215
948,F-9A,3216
949,F-9A,3223
950,F-9A,3226
951,F-9A,3232
952,F-9A,3233
953,F-9A,3240
954,F-9A,3241
955,F-9A,3249
956,F-9A,3250
957,F-9A,3254
958,F-9A,3256
959,F-9A,3266
960,F-9A,3276
961,F-9A,3280
962,F-9A,3283
963,F-9A,3290
964,F-9A,3300
965,F-9A,3301
966,F-9A,3302
967,F-9A,3305
968,F-9A,3306
969,F-9A,3309
970,F-9A,3313
971,F-9A,3315
972,F-9A,3335
973,F-9A,3345
974,F-9A,3347
975,F-9A,3348
976,F-9A,3351
977,F-9A,3353
978,F-9A,3354
979,F-9A,3356
980,F-9A,3362
981,F-9A,3364
982,F-9A,3365
983,F-9A,3367
984,F-9A,3368
985,F-9A,3374
986,F-9A,3377
987,F-9A,3382
988,F-9A,3387
989,F-9A,3393
990,F-9A,3395
991,F-9A,3402
992,F-9A,3405
993,F-9A,3407
994,F-9A,3408
995,F-9A,3412
996,F-9A,3414
997,F-9A,3416
998,F-9A,3419
999,F-9A,3424
1000,F-9A,3433
1001,F-9A,3439
1002,F-9A,3441
1003,F-9A,3444
1004,F-9A,3447
1005,F-9A,3448
1006,F-9A,3451
1007,F-9A,3454
1008,F-9A,3455
1009,F-9A,3459
1010,F-9A,3469
1011,F-9A,3470
1012,F-9A,3471
1013,F-9A,3474
1014,F-9A,3482
1015,F-9A,3489
1016,F-9A,3492
1017,F-9A,3495
1018,F-9A,3496
1019,F-9A,3499
1020,F-9A,3500
1021,F-9A,3502
1022,F-9A,3504
1023,F-9A,3507
1024,F-9A,3509
1025,F-9A,3511
1026,F-9A,3516
1027,F-9A,3518
1028,F-9A,3519
1029,F-9A,3524
1030,F-9A,3526
1031,F-9A,3528
1032,F-9A,3533
1033,F-9A,3538
1034,F-9A,3546
1035,F-9A,3560
1036,F-9A,3563
1037,F-9A,3564
1038,F-9A,3565
1039,F-9A,3566
1040,F-9A,3567
1041,F-9A,3569
1042,F-9A,3580
1043,F-9A,3582
1044,F-9A,3583
1045,F-9A,3585
1046,F-9A,3591
1047,F-9A,3592
1048,F-9A,3593
1049,F-9A,3599
1050,F-9A,3605
1051,F-9A,3608
1052,F-9A,3610
1053,F-9A,3613
1054,F-9A,3615
1055,F-9A,3620
1056,F-9A,3627
1057,F-9A,3629
1058,F-9A,3630
1059,F-9A,3632
1060,F-9A,3634
1061,F-9A,3636
1062,F-9A,3638
1063,F-9A,3640
1064,F-9A,3646
1065,F-9A,3653
1066,F-9A,3662
1067,F-9A,3665
1068,F-9A,3666
1069,F-9A,3671
1070,F-9A,3672
1071,F-9A,3676
1072,F-9A,3683
1073,F-9A,3684
1074,F-9A,3687
1075,F-9A,3688
1076,F-9A,3695
1077,F-9A,3697
1078,F-9A,3698
1079,F-9A,3699
1080,F-9A,3700
1081,F-9A,3701
1082,F-9A,3702
1083,F-9A,3705
1084,F-9A,3708
1085,F-9A,3712
1086,F-9A,3717
1087,F-9A,3725
1088,F-9A,3726
1089,F-9A,3729
1090,F-9A,3732
1091,F-9A,3734
1092,F-9A,3735
1093,F-9A,3741
1094,F-9A,3744
1095,F-9A,3754
1096,F-9A,3755
1097,F-9A,3761
1098,F-9A,3762
1099,F-9A,3764
1100,F-9A,3766
1101,F-9A,3773
1102,F-9A,3774
1103,F-9A,3778
1104,F-9A,3780
1105,F-9A,3796
1106,F-9A,3797
1107,F-9A,3804
1108,F-9A,3812
1109,F-9A,3816
1110,F-9A,3817
1111,F-9A,3821
1112,F-9A,3823
1113,F-9A,3824
1114,F-9A,3826
1115,F-9A,3831
1116,F-9A,3834
1117,F-9A,3836
1118,F-9A,3839
1119,F-9A,3850
1120,F-9A,3853
1121,F-9A,3854
1122,F-9A,3858
1123,F-9A,3863
1124,F-9A,3864
1125,F-9A,3865
1126,F-9A,3869
1127,F-9A,3871
1128,F-9A,3883
1129,F-9A,3885
1130,F-9A,3890
1131,F-9A,3891
1132,F-9A,3893
1133,F-9A,3895
1134,F-9A,3900
1135,F-9A,3902
1136,F-9A,3903
1137,F-9A,3904
1138,F-9A,3905
1139,F-9A,3907
1140,F-9A,3909
1141,F-9A,3923
1142,F-9A,3928
1143,F-9A,3929
1144,F-9A,3931
1145,F-9A,3932
1146,F-9A,3933
1147,F-9A,3935
1148,F-9A,3937
1149,F-9A,3940
1150,F-9A,3943
1151,F-9A,3945
1152,F-9A,3947
1153,F-9A,3950
1154,F-9A,3955
1155,F-9A,3956
1156,F-9A,3958
1157,F-9A,3961
1158,F-9A,3964
1159,F-9A,3968
1160,F-9A,3974
1161,F-9A,3979
1162,F-9A,3980
1163,F-9A,3982
1164,F-9A,3984
1165,F-9A,3986
1166,F-9A,3987
1167,F-9A,3989
1168,F-9A,3990
1169,F-9A,3992
1170,F-9A,3994
1171,F-9A,3997
1172,F-9A,3999
1173,F-9A,4001
1174,F-9A,4002
1175,F-9A,4004
1176,F-9A,4007
1177,F-9A,4011
1178,F-9A,4013
1179,F-9A,4015
1180,F-9A,4017
1181,F-9A,4020
1182,F-9A,4024
1183,F-9A,4032
1184,F-9A,4035
1185,F-9A,4046
1186,F-9A,4047
1187,F-9A,4061
1188,F-9A,4062
1189,F-9A,4063
1190,F-9A,4065
1191,F-9A,4066
1192,F-9A,4068
1193,F-9A,4070
1194,F-9A,4071
1195,F-9A,4079
1196,F-9A,4080
1197,F-9A,4081
1198,F-9A,4083
1199,F-9A,4084
1200,F-9A,4093
1201,F-9A,4108
1202,F-9A,4109
1203,F-9A,4110
1204,F-9A,4118
1205,F-9A,4119
1206,F-9A,4121
1207,F-9A,4123
1208,F-9A,4124
1209,F-9A,4129
1210,F-9A,4136
1211,F-9A,4140
1212,F-9A,4144
1213,F-9A,4146
1214,F-9A,4147
1215,F-9A,4150
1216,F-9A,4156
1217,F-9A,4162
1218,F-9A,4163
1219,F-9A,4165
1220,F-9A,4168
1221,F-9A,4170
1222,F-9A,4172
1223,F-9A,4173
1224,F-9A,4189
1225,F-9A,4195
1226,F-9A,4203
1227,F-9A,4204
1228,F-9A,4206
1229,F-9A,4209
1230,F-9A,4211
1231,F-9A,4213
1232,F-9A,4214
1233,F-9A,4217
1234,F-9A,4218
1235,F-9A,4219
1236,F-9A,4226
1237,F-9A,4229
1238,F-9A,4234
1239,F-9A,4235
1240,F-9A,4238
1241,F-9A,4239
1242,F-9A,4240
1243,F-9A,4241
1244,F-9A,4244
1245,F-9A,4245
1246,F-9A,4247
1247,F-9A,4248
1248,F-9A,4250
1249,F-9A,4251
1250,F-9A,4257
1251,F-9A,4266
1252,F-9A,4269
1253,F-9A,4271
1254,F-9A,4273
1255,F-9A,4274
1256,F-9A,4275
1257,F-9A,4278
1258,F-9A,4280
1259,F-9A,4284
1260,F-9A,4288
1261,F-9A,4295
1262,F-9A,4299
1263,F-9A,4303
1264,F-9A,4305
1265,F-9A,4311
1266,F-9A,4315
1267,F-9A,4316
1268,F-9A,4319
1269,F-9A,4322
1270,F-9A,4326
1271,F-9A,4334
1272,F-9A,4335
1273,F-9A,4336
1274,F-9A,4338
1275,F-9A,4340
1276,F-9A,4342
1277,F-9A,4346
1278,F-9A,4355
1279,F-9A,4357
1280,F-9A,4362
1281,F-9A,4364
1282,F-9A,4366
1283,F-9A,4370
1284,F-9A,4372
1285,F-9A,4374
1286,F-9A,4375
1287,F-9A,4378
1288,F-9A,4384
1289,F-9A,4389
1290,F-9A,4392
1291,F-9A,4394
1292,F-9A,4408
1293,F-9A,4414
1294,F-9A,4416
1295,F-9A,4418
1296,F-9A,4423
1297,F-9A,4426
1298,F-9A,4427
1299,F-9A,4436
1300,F-9A,4441
1301,F-9A,4445
1302,F-9A,4446
1303,F-9A,4453
1304,F-9A,4454
1305,F-9A,4457
1306,F-9A,4459
1307,F-9A,4460
1308,F-9A,4462
1309,F-9A,4463
1310,F-9A,4467
1311,F-9A,4468
1312,F-9A,4472
1313,F-9A,4473
1314,F-9A,4482
1315,F-9A,4483
1316,F-9A,4485
1317,F-9A,4488
1318,F-9A,4489
1319,F-9A,4490
1320,F-9A,4492
1321,F-9A,4493
1322,F-9A,4499
1323,F-9A,4502
1324,F-9A,4504
1325,F-9A,4505
1326,F-9A,4508
1327,F-9A,4516
1328,F-9A,4517
1329,F-9A,4520
1330,F-9A,4524
1331,F-9A,4527
1332,F-9A,4530
1333,F-9A,4535
1334,F-9A,4539
1335,F-9A,4541
1336,F-9A,4542
1337,F-9A,4543
1338,F-9A,4547
1339,F-9A,4549
1340,F-9A,4551
1341,F-9A,4554
1342,F-9A,4559
1343,F-9A,4563
1344,F-9A,4564
1345,F-9A,4571
1346,F-9A,4575
1347,F-9A,4584
1348,F-9A,4586
1349,F-9A,4587
1350,F-9A,4588
1351,F-9A,4591
1352,F-9A,4592
1353,F-9A,4593
1354,F-9A,4594
1355,F-9A,4595
1356,F-9A,4597
1357,F-9A,4601
1358,F-9A,4604
1359,F-9A,4606
1360,F-9A,4617
1361,F-9A,4619
1362,F-9A,4626
1363,F-9A,4627
1364,F-9A,4637
1365,F-9A,4638
1366,F-9A,4639
1367,F-9A,4641
1368,F-9A,4642
1369,F-9A,4644
1370,F-9A,4646
1371,F-9A,4647
1372,F-9A,4650
1373,F-9A,4651
1374,F-9A,4656
1375,F-9A,4662
1376,F-9A,4663
1377,F-9A,4668
1378,F-9A,4669
1379,F-9A,4677
1380,F-9A,4680
1381,F-9A,4682
1382,F-9A,4686
1383,F-9A,4689
1384,F-9A,4695
1385,F-9A,4704
1386,F-9A,4707
1387,F-9A,4710
1388,F-9A,4714
1389,F-9A,4716
1390,F-9A,4720
1391,F-9A,4721
1392,F-9A,4722
1393,F-9A,4723
1394,F-9A,4727
1395,F-9A,4733
1396,F-9A,4734
1397,F-9A,4740
1398,F-9A,4746
1399,F-9A,4747
1400,F-9A,4749
1401,F-9A,4754
1402,F-9A,4768
1403,F-9A,4769
1404,F-9A,4772
1405,F-9A,4773
1406,F-9A,4774
1407,F-9A,4778
1408,F-9A,4783
1409,F-9A,4784
1410,F-9A,4785
1411,F-9A,4788
1412,F-9A,4791
1413,F-9A,4792
1414,F-9A,4793
1415,F-9A,4798
1416,F-9A,4802
1417,F-9A,4812
1418,F-9A,4813
1419,F-9A,4821
1420,F-9A,4825
1421,F-9A,4830
1422,F-9A,4831
1423,F-9A,4833
1424,F-9A,4836
1425,F-9A,4837
1426,F-9A,4841
1427,F-9A,4843
1428,F-9A,4844
1429,F-9A,4847
1430,F-9A,4856
1431,F-9A,4858
1432,F-9A,4862
1433,F-9A,4863
1434,F-9A,4865
1435,F-9A,4866
1436,F-9A,4869
1437,F-9A,4870
1438,F-9A,4879
1439,F-9A,4881
1440,F-9A,4884
1441,F-9A,4887
1442,F-9A,4891
1443,F-9A,4892
1444,F-9A,4893
1445,F-9A,4900
1446,F-9A,4903
1447,F-9A,4905
1448,F-9A,4907
1449,F-9A,4912
1450,F-9A,4915
1451,F-9A,4918
1452,F-9A,4920
1453,F-9A,4921
1454,F-9A,4927
1455,F-9A,4929
1456,F-9A,4934
1457,F-9A,4935
1458,F-9A,4936
1459,F-9A,4942
1460,F-9A,4944
1461,F-9A,4946
1462,F-9A,4950
1463,F-9A,4951
1464,F-9A,4953
1465,F-9A,4957
1466,F-9A,4958
1467,F-9A,4964
1468,F-9A,4967
1469,F-9A,4971
1470,F-9A,4980
1471,F-9A,4982
1472,F-9A,4985
1473,F-9A,4991
1474,F-9A,4993
1475,F-9A,4994
1476,F-9A,4995
1477,F-9A,4998
1478,F-9A,4999
1479,F-9A,5000
1480,F-9A,5002
1481,F-9A,5007
1482,F-9A,5008
1483,F-9A,5012
1484,F-9A,5021
1485,F-9A,5025
1486,F-9A,5026
1487,F-9A,5028
1488,F-9A,5036
1489,F-9A,5037
1490,F-9A,5038
1491,F-9A,5040
1492,F-9A,5044
1493,F-9A,5052
1494,F-9A,5055
1495,F-9A,5059
1496,F-9A,5060
1497,F-9A,5065
1498,F-9A,5066
1499,F-9A,5069
1500,F-9A,5073
1501,F-9A,5074
1502,F-9A,5083
1503,F-9A,5085
1504,F-9A,5086
1505,F-9A,5088
1506,F-9A,5090
1507,F-9A,5093
1508,F-9A,5107
1509,F-9A,5110
1510,F-9A,5122
1511,F-9A,5129
1512,F-9A,5133
1513,F-9A,5138
1514,F-9A,5140
1515,F-9A,5148
1516,F-9A,5156
1517,F-9A,5158
1518,F-9A,5163
1519,F-9A,5165
1520,F-9A,5171
1521,F-9A,5174
1522,F-9A,5175
1523,F-9A,5176
1524,F-9A,5178
1525,F-9A,5179
1526,F-9A,5181
1527,F-9A,5184
1528,F-9A,5190
1529,F-9A,5196
1530,F-9A,5200
1531,F-9A,5202
1532,F-9A,5205
1533,F-9A,5206
1534,F-9A,5208
1535,F-9A,5212
1536,F-9A,5227
1537,F-9A,5229
1538,F-9A,5230
1539,F-9A,5238
1540,F-9A,5244
1541,F-9A,5249
1542,F-9A,5255
1543,F-9A,5258
1544,F-9A,5269
1545,F-9A,5273
1546,F-9A,5274
1547,F-9A,5279
1548,F-9A,5280
1549,F-9A,5281
1550,F-9A,5284
1551,F-9A,5286
1552,F-9A,5288
1553,F-9A,5297
1554,F-9A,5298
1555,F-9A,5301
1556,F-9A,5302
1557,F-9A,5306
1558,F-9A,5307
1559,F-9A,5308
1560,F-9A,5310
1561,F-9A,5312
1562,F-9A,5320
1563,F-9A,5324
1564,F-9A,5327
1565,F-9A,5328
1566,F-9A,5330
1567,F-9A,5331
1568,F-9A,5334
1569,F-9A,5338
1570,F-9A,5341
1571,F-9A,5344
1572,F-9A,5346
1573,F-9A,5347
1574,F-9A,5350
1575,F-9A,5354
1576,F-9A,5362
1577,F-9A,5363
1578,F-9A,5364
1579,F-9A,5371
1580,F-9A,5374
1581,F-9A,5377
1582,F-9A,5378
1583,F-9A,5380
1584,F-9A,5381
1585,F-9A,5382
1586,F-9A,5383
1587,F-9A,5384
1588,F-9A,5385
1589,F-9A,5391
1590,F-9A,5395
1591,F-9A,5397
1592,F-9A,5403
1593,F-9A,5415
1594,F-9A,5417
1595,F-9A,5419
1596,F-9A,5427
1597,F-9A,5428
1598,F-9A,5435
1599,F-9A,5438
1600,F-9A,5440
1601,F-9A,5441
1602,F-9A,5445
1603,F-9A,5447
1604,F-9A,5459
1605,F-9A,5461
1606,F-9A,5462
1607,F-9A,5463
1608,F-9A,5465
1609,F-9A,5468
1610,F-9A,5471
1611,F-9A,5473
1612,F-9A,5479
1613,F-9A,5480
1614,F-9A,5483
1615,F-9A,5489
1616,F-9A,5494
1617,F-9A,5495
1618,F-9A,5497
1619,F-9A,5501
1620,F-9A,5502
1621,F-9A,5503
1622,F-9A,5505
1623,F-9A,5509
1624,F-9A,5510
1625,F-9A,5512
1626,F-9A,5514
1627,F-9A,5518
1628,F-9A,5523
1629,F-9A,5524
1630,F-9A,5526
1631,F-9A,5530
1632,F-9A,5539
1633,F-9A,5541
1634,F-9A,5547
1635,F-9A,5556
1636,F-9A,5563
1637,F-9A,5564
1638,F-9A,5565
1639,F-9A,5568
1640,F-9A,5573
1641,F-9A,5579
1642,F-9A,5580
1643,F-9A,5581
1644,F-9A,5582
1645,F-9A,5591
1646,F-9A,5602
1647,F-9A,5604
1648,F-9A,5605
1649,F-9A,5608
1650,F-9A,5611
1651,F-9A,5612
1652,F-9A,5614
1653,F-9A,5616
1654,F-9A,5623
1655,F-9A,5624
1656,F-9A,5626
1657,F-9A,5629
1658,F-9A,5630
1659,F-9A,5633
1660,F-9A,5634
1661,F-9A,5636
1662,F-9A,5637
1663,F-9A,5639
1664,F-9A,5649
1665,F-9A,5654
1666,F-9A,5656
1667,F-9A,5660
1668,F-9A,5661
1669,F-9A,5662
1670,F-9A,5666
1671,F-9A,5668
1672,F-9A,5670
1673,F-9A,5671
1674,F-9A,5672
1675,F-9A,5674
1676,F-9A,5675
1677,F-9A,5677
1678,F-9A,5679
1679,F-9A,5682
1680,F-9A,5690
1681,F-9A,5692
1682,F-9A,5694
1683,F-9A,5696
1684,F-9A,5699
1685,F-9A,5700
1686,F-9A,5704
1687,F-9A,5705
1688,F-9A,5706
1689,F-9A,5708
1690,F-9A,5720
1691,F-9A,5722
1692,F-9A,5728
1693,F-9A,5729
1694,F-9A,5731
1695,F-9A,5733
1696,F-9A,5743
1697,F-9A,5749
1698,F-9A,5750
1699,F-9A,5753
1700,F-9A,5756
1701,F-9A,5758
1702,F-9A,5763
1703,F-9A,5764
1704,F-9A,5765
1705,F-9A,5766
1706,F-9A,5770
1707,F-9A,5774
1708,F-9A,5775
1709,F-9A,5776
1710,F-9A,5779
1711,F-9A,5785
1712,F-9A,5788
1713,F-9A,5789
1714,F-9A,5791
1715,F-9A,5792
1716,F-9A,5797
1717,F-9A,5799
1718,F-9A,5803
1719,F-9A,5804
1720,F-9A,5806
1721,F-9A,5811
1722,F-9A,5812
1723,F-9A,5815
1724,F-9A,5820
1725,F-9A,5821
1726,F-9A,5823
1727,F-9A,5825
1728,F-9A,5826
1729,F-9A,5833
1730,F-9A,5834
1731,F-9A,5836
1732,F-9A,5837
1733,F-9A,5841
1734,F-9A,5842
1735,F-9A,5844
1736,F-9A,5848
1737,F-9A,5853
1738,F-9A,5864
1739,F-9A,5865
1740,F-9A,5867
1741,F-9A,5869
1742,F-9A,5870
1743,F-9A,5871
1744,F-9A,5872
1745,F-9A,5874
1746,F-9A,5877
1747,F-9A,5881
1748,F-9A,5887
1749,F-9A,5891
1750,F-9A,5894
1751,F-9A,5902
1752,F-9A,5906
1753,F-9A,5909
1754,F-9A,5910
1755,F-9A,5912
1756,F-9A,5914
1757,F-9A,5917
1758,F-9A,5918
1759,F-9A,5919
1760,F-9A,5922
1761,F-9A,5923
1762,F-9A,5924
1763,F-9A,5925
1764,F-9A,5927
1765,F-9A,5929
1766,F-9A,5933
1767,F-9A,5939
1768,F-9A,5941
1769,F-9A,5946
1770,F-9A,5950
1771,F-9A,5951
1772,F-9A,5953
1773,F-9A,5958
1774,F-9A,5962
1775,F-9A,5963
1776,F-9A,5964
1777,F-9A,5966
1778,F-9A,5975
1779,F-9A,5977
1780,F-9A,5978
1781,F-9A,5982
1782,F-9A,5983
1783,F-9A,5986
1784,F-9A,5988
1785,F-9A,5998
1786,F-9A,5999
1787,F-9A,6002
1788,F-9A,6003
1789,F-9A,6007
1790,F-9A,6010
1791,F-9A,6012
1792,F-9A,6018
1793,F-9A,6019
1794,F-9A,6020
1795,F-9A,6026
1796,F-9A,6027
1797,F-9A,6032
1798,F-9A,6034
1799,F-9A,6037
1800,F-9A,6040
1801,F-9A,6043
1802,F-9A,6053
1803,F-9A,6055
1804,F-9A,6057
1805,F-9A,6061
1806,F-9A,6063
1807,F-9A,6066
1808,F-9A,6070
1809,F-9A,6076
1810,F-9A,6078
1811,F-9A,6079
1812,F-9A,6083
1813,F-9A,6093
1814,F-9A,6094
1815,F-9A,6102
1816,F-9A,6105
1817,F-9A,6111
1818,F-9A,6114
1819,F-9A,6119
1820,F-9A,6123
1821,F-9A,6126
1822,F-9A,6127
1823,F-9A,6130
1824,F-9A,6134
1825,F-9A,6135
1826,F-9A,6136
1827,F-9A,6139
1828,F-9A,6141
1829,F-9A,6146
1830,F-9A,6147
1831,F-9A,6148
1832,F-9A,6149
1833,F-9A,6155
1834,F-9A,6159
1835,F-9A,6163
1836,F-9A,6166
1837,F-9A,6171
1838,F-9A,6174
1839,F-9A,6177
1840,F-9A,6189
1841,F-9A,6193
1842,F-9A,6196
1843,F-9A,6199
1844,F-9A,6206
1845,F-9A,6208
1846,F-9A,6214
1847,F-9A,6219
1848,F-9A,6225
1849,F-9A,6227
1850,F-9A,6232
1851,F-9A,6241
1852,F-9A,6246
1853,F-9A,6252
1854,F-9A,6259
1855,F-9A,6261
1856,F-9A,6263
1857,F-9A,6264
1858,F-9A,6265
1859,F-9A,6271
1860,F-9A,6274
1861,F-9A,6277
1862,F-9A,6278
1863,F-9A,6281
1864,F-9A,6283
1865,F-9A,6290
1866,F-9A,6291
1867,F-9A,6293
1868,F-9A,6294
1869,F-9A,6299
1870,F-9A,6300
1871,F-9A,6307
1872,F-9A,6315
1873,F-9A,6322
1874,F-9A,6324
1875,F-9A,6325
1876,F-9A,6330
1877,F-9A,6331
1878,F-9A,6334
1879,F-9A,6336
1880,F-9A,6340
1881,F-9A,6343
1882,F-9A,6344
1883,F-9A,6346
1884,F-9A,6349
1885,F-9A,6362
1886,F-9A,6363
1887,F-9A,6367
1888,F-9A,6368
1889,F-9A,6370
1890,F-9A,6375
1891,F-9A,6379
1892,F-9A,6380
1893,F-9A,6387
1894,F-9A,6390
1895,F-9A,6391
1896,F-9A,6392
1897,F-9A,6395
1898,F-9A,6397
1899,F-9A,6401
1900,F-9A,6407
1901,F-9A,6409
1902,F-9A,6414
1903,F-9A,6415
1904,F-9A,6420
1905,F-9A,6426
1906,F-9A,6430
1907,F-9A,6434
1908,F-9A,6435
1909,F-9A,6446
1910,F-9A,6447
1911,F-9A,6448
1912,F-9A,6451
1913,F-9A,6452
1914,F-9A,6455
1915,F-9A,6459
1916,F-9A,6464
1917,F-9A,6474
1918,F-9A,6477
1919,F-9A,6479
1920,F-9A,6481
1921,F-9A,6484
1922,F-9A,6487
1923,F-9A,6489
1924,F-9A,6490
1925,F-9A,6492
1926,F-9A,6505
1927,F-9A,6507
1928,F-9A,6508
1929,F-9A,6509
1930,F-9A,6511
1931,F-9A,6513
1932,F-9A,6514
1933,F-9A,6515
1934,F-9A,6516
1935,F-9A,6517
1936,F-9A,6520
1937,F-9A,6522
1938,F-9A,6528
1939,F-9A,6531
1940,F-9A,6532
1941,F-9A,6536
1942,F-9A,6540
1943,F-9A,6541
1944,F-9A,6548
1945,F-9A,6555
1946,F-9A,6556
1947,F-9A,6566
1948,F-9A,6568
1949,F-9A,6578
1950,F-9A,6582
1951,F-9A,6585
1952,F-9A,6592
1953,F-9A,6596
1954,F-9A,6597
1955,F-9A,6602
1956,F-9A,6603
1957,F-9A,6605
1958,F-9A,6610
1959,F-9A,6619
1960,F-9A,6621
1961,F-9A,6622
1962,F-9A,6623
1963,F-9A,6626
1964,F-9A,6627
1965,F-9A,6629
1966,F-9A,6635
1967,F-9A,6639
1968,F-9A,6641
1969,F-9A,6642
1970,F-9A,6647
1971,F-9A,6650
1972,F-9A,6654
1973,F-9A,6662
1974,F-9A,6663
1975,F-9A,6669
1976,F-9A,6670
1977,F-9A,6674
1978,F-9A,6675
1979,F-9A,6677
1980,F-9A,6682
1981,F-9A,6684
1982,F-9A,6687
1983,F-9A,6696
1984,F-9A,6698
1985,F-9A,6705
1986,F-9A,6706
1987,F-9A,6707
1988,F-9A,6716
1989,F-9A,6718
1990,F-9A,6721
1991,F-9A,6722
1992,F-9A,6723
1993,F-9A,6725
1994,F-9A,6729
1995,F-9A,6731
1996,F-9A,6740
1997,F-9A,6745
1998,F-9A,6752
1999,F-9A,6753
2000,F-9A,6755
2001,F-9A,6759
2002,F-9A,6761
2003,F-9A,6767
2004,F-9A,6768
2005,F-9A,6769
2006,F-9A,6772
2007,F-9A,6774
2008,F-9A,6778
2009,F-9A,6779
2010,F-9A,6780
2011,F-9A,6782
2012,F-9A,6783
2013,F-9A,6785
2014,F-9A,6788
2015,F-9A,6789
2016,F-9A,6792
2017,F-9A,6793
2018,F-9A,6794
2019,F-9A,6795
2020,F-9A,6800
2021,F-9A,6808
2022,F-9A,6812
2023,F-9A,6816
2024,F-9A,6817
2025,F-9A,6818
2026,F-9A,6825
2027,F-9A,6827
2028,F-9A,6828
2029,F-9A,6832
2030,F-9A,6834
2031,F-9A,6836
2032,F-9A,6842
2033,F-9A,6850
2034,F-9A,6851
2035,F-9A,6854
2036,F-9A,6855
2037,F-9A,6858
2038,F-9A,6861
2039,F-9A,6863
2040,F-9A,6864
2041,F-9A,6866
2042,F-9A,6869
2043,F-9A,6870
2044,F-9A,6875
2045,F-9A,6877
2046,F-9A,6879
2047,F-9A,6880
2048,F-9A,6885
2049,F-9A,6886
2050,F-9A,6887
2051,F-9A,6896
2052,F-9A,6904
2053,F-9A,6910
2054,F-9A,6912
2055,F-9A,6914
2056,F-9A,6919
2057,F-9A,6928
2058,F-9A,6937
2059,F-9A,6942
2060,F-9A,6946
2061,F-9A,6951
2062,F-9A,6952
2063,F-9A,6966
2064,F-9A,6972
2065,F-9A,6976
2066,F-9A,6979
2067,F-9A,6981
2068,F-9A,6983
2069,F-9A,6985
2070,F-9A,6990
2071,F-9A,6999
2072,F-9A,7003
2073,F-9A,7005
2074,F-9A,7006
2075,F-9A,7014
2076,F-9A,7020
2077,F-9A,7027
2078,F-9A,7030
2079,F-9A,7036
2080,F-9A,7039
2081,F-9A,7043
2082,F-9A,7051
2083,F-9A,7053
2084,F-9A,7066
2085,F-9A,7067
2086,F-9A,7069
2087,F-9A,7073
2088,F-9A,7074
2089,F-9A,7075
2090,F-9A,7077
2091,F-9A,7080
2092,F-9A,7081
2093,F-9A,7083
2094,F-9A,7086
2095,F-9A,7088
2096,F-9A,7097
2097,F-9A,7105
2098,F-9A,7106
2099,F-9A,7107
2100,F-9A,7109
2101,F-9A,7113
2102,F-9A,7114
2103,F-9A,7117
2104,F-9A,7122
2105,F-9A,7124
2106,F-9A,7125
2107,F-9A,7126
2108,F-9A,7130
2109,F-9A,7131
2110,F-9A,7132
2111,F-9A,7134
2112,F-9A,7144
2113,F-9A,7145
2114,F-9A,7151
2115,F-9A,7156
2116,F-9A,7165
2117,F-9A,7168
2118,F-9A,7169
2119,F-9A,7172
2120,F-9A,7174
2121,F-9A,7175
2122,F-9A,7180
2123,F-9A,7183
2124,F-9A,7188
2125,F-9A,7189
2126,F-9A,7195
2127,F-9A,7196
2128,F-9A,7197
2129,F-9A,7199
2130,F-9A,7202
2131,F-9A,7204
2132,F-9A,7209
2133,F-9A,7211
2134,F-9A,7212
2135,F-9A,7215
2136,F-9A,7218
2137,F-9A,7223
2138,F-9A,7229
2139,F-9A,7232
2140,F-9A,7236
2141,F-9A,7237
2142,F-9A,7242
2143,F-9A,7244
2144,F-9A,7246
2145,F-9A,7250
2146,F-9A,7251
2147,F-9A,7256
2148,F-9A,7268
2149,F-9A,7269
2150,F-9A,7277
2151,F-9A,7279
2152,F-9A,7281
2153,F-9A,7284
2154,F-9A,7285
2155,F-9A,7287
2156,F-9A,7290
2157,F-9A,7293
2158,F-9A,7298
2159,F-9A,7301
2160,F-9A,7302
2161,F-9A,7308
2162,F-9A,7310
2163,F-9A,7311
2164,F-9A,7312
2165,F-9A,7315
2166,F-9A,7317
2167,F-9A,7321
2168,F-9A,7323
2169,F-9A,7324
2170,F-9A,7325
2171,F-9A,7327
2172,F-9A,7329
2173,F-9A,7336
2174,F-9A,7343
2175,F-9A,7346
2176,F-9A,7347
2177,F-9A,7353
2178,F-9A,7354
2179,F-9A,7357
2180,F-9A,7363
2181,F-9A,7367
2182,F-9A,7368
2183,F-9A,7372
2184,F-9A,7373
2185,F-9A,7378
2186,F-9A,7385
2187,F-9A,7392
2188,F-9A,7394
2189,F-9A,7397
2190,F-9A,7398
2191,F-9A,7403
2192,F-9A,7421
2193,F-9A,7423
2194,F-9A,7424
2195,F-9A,7426
2196,F-9A,7435
2197,F-9A,7439
2198,F-9A,7442
2199,F-9A,7443
2200,F-9A,7454
2201,F-9A,7459
2202,F-9A,7463
2203,F-9A,7464
2204,F-9A,7465
2205,F-9A,7467
2206,F-9A,7468
2207,F-9A,7470
2208,F-9A,7475
2209,F-9A,7477
2210,F-9A,7482
2211,F-9A,7486
2212,F-9A,7487
2213,F-9A,7490
2214,F-9A,7491
2215,F-9A,7501
2216,F-9A,7502
2217,F-9A,7506
2218,F-9A,7508
2219,F-9A,7509
2220,F-9A,7510
2221,F-9A,7512
2222,F-9A,7514
2223,F-9A,7518
2224,F-9A,7521
2225,F-9A,7522
2226,F-9A,7524
2227,F-9A,7537
2228,F-9A,7538
2229,F-9A,7539
2230,F-9A,7541
2231,F-9A,7542
2232,F-9A,7543
2233,F-9A,7545
2234,F-9A,7546
2235,F-9A,7549
2236,F-9A,7554
2237,F-9A,7556
2238,F-9A,7557
2239,F-9A,7558
2240,F-9A,7560
2241,F-9A,7562
2242,F-9A,7566
2243,F-9A,7569
2244,F-9A,7570
2245,F-9A,7575
2246,F-9A,7579
2247,F-9A,7580
2248,F-9A,7582
2249,F-9A,7586
2250,F-9A,7587
2251,F-9A,7590
2252,F-9A,7600
2253,F-9A,7612
2254,F-9A,7614
2255,F-9A,7615
2256,F-9A,7618
2257,F-9A,7623
2258,F-9A,7624
2259,F-9A,7627
2260,F-9A,7630
2261,F-9A,7631
2262,F-9A,7636
2263,F-9A,7639
2264,F-9A,7640
2265,F-9A,7648
2266,F-9A,7651
2267,F-9A,7652
2268,F-9A,7653
2269,F-9A,7654
2270,F-9A,7659
2271,F-9A,7662
2272,F-9A,7663
2273,F-9A,7673
2274,F-9A,7677
2275,F-9A,7680
2276,F-9A,7681
2277,F-9A,7684
2278,F-9A,7688
2279,F-9A,7691
2280,F-9A,7693
2281,F-9A,7696
2282,F-9A,7697
2283,F-9A,7700
2284,F-9A,7703
2285,F-9A,7712
2286,F-9A,7714
2287,F-9A,7717
2288,F-9A,7720
2289,F-9A,7722
2290,F-9A,7724
2291,F-9A,7725
2292,F-9A,7729
2293,F-9A,7730
2294,F-9A,7732
2295,F-9A,7734
2296,F-9A,7739
2297,F-9A,7741
2298,F-9A,7745
2299,F-9A,7746
2300,F-9A,7750
2301,F-9A,7751
2302,F-9A,7752
2303,F-9A,7753
2304,F-9A,7755
2305,F-9A,7759
2306,F-9A,7760
2307,F-9A,7761
2308,F-9A,7767
2309,F-9A,7768
2310,F-9A,7769
2311,F-9A,7772
2312,F-9A,7777
2313,F-9A,7778
2314,F-9A,7782
2315,F-9A,7783
2316,F-9A,7787
2317,F-9A,7788
2318,F-9A,7792
2319,F-9A,7796
2320,F-9A,7797
2321,F-9A,7801
2322,F-9A,7802
2323,F-9A,7808
2324,F-9A,7812
2325,F-9A,7820
2326,F-9A,7821
2327,F-9A,7823
2328,F-9A,7824
2329,F-9A,7826
2330,F-9A,7838
2331,F-9A,7839
2332,F-9A,7841
2333,F-9A,7850
2334,F-9A,7854
2335,F-9A,7857
2336,F-9A,7858
2337,F-9A,7860
2338,F-9A,7870
2339,F-9A,7872
2340,F-9A,7873
2341,F-9A,7876
2342,F-9A,7878
2343,F-9A,7882
2344,F-9A,7884
2345,F-9A,7886
2346,F-9A,7889
2347,F-9A,7890
2348,F-9A,7894
2349,F-9A,7897
2350,F-9A,7904
2351,F-9A,7907
2352,F-9A,7908
2353,F-9A,7910
2354,F-9A,7911
2355,F-9A,7916
2356,F-9A,7917
2357,F-9A,7918
2358,F-9A,7920
2359,F-9A,7925
2360,F-9A,7927
2361,F-9A,7929
2362,F-9A,7935
2363,F-9A,7938
2364,F-9A,7943
2365,F-9A,7950
2366,F-9A,7955
2367,F-9A,7957
2368,F-9A,7958
2369,F-9A,7961
2370,F-9A,7962
2371,F-9A,7963
2372,F-9A,7967
2373,F-9A,7977
2374,F-9A,7981
2375,F-9A,7984
2376,F-9A,7987
2377,F-9A,7990
2378,F-9A,7994
2379,F-9A,7995
2380,F-9A,7996
2381,F-9A,8004
2382,F-9A,8006
2383,F-9A,8012
2384,F-9A,8019
2385,F-9A,8020
2386,F-9A,8025
2387,F-9A,8026
2388,F-9A,8028
2389,F-9A,8029
2390,F-9A,8030
2391,F-9A,8031
2392,F-9A,8037
2393,F-9A,8040
2394,F-9A,8041
2395,F-9A,8042
2396,F-9A,8045
2397,F-9A,8046
2398,F-9A,8048
2399,F-9A,8051
2400,F-9A,8056
2401,F-9A,8057
2402,F-9A,8061
2403,F-9A,8062
2404,F-9A,8063
2405,F-9A,8068
2406,F-9A,8071
2407,F-9A,8073
2408,F-9A,8074
2409,F-9A,8076
2410,F-9A,8080
2411,F-9A,8082
2412,F-9A,8083
2413,F-9A,8097
2414,F-9A,8100
2415,F-9A,8102
2416,F-9A,8104
2417,F-9A,8111
2418,F-9A,8112
2419,F-9A,8118
2420,F-9A,8119
2421,F-9A,8137
2422,F-9A,8140
2423,F-9A,8150
2424,F-9A,8152
2425,F-9A,8153
2426,F-9A,8155
2427,F-9A,8156
2428,F-9A,8158
2429,F-9A,8164
2430,F-9A,8168
2431,F-9A,8170
2432,F-9A,8172
2433,F-9A,8173
2434,F-9A,8177
2435,F-9A,8178
2436,F-9A,8184
2437,F-9A,8189
2438,F-9A,8195
2439,F-9A,8197
2440,F-9A,8198
2441,F-9A,8199
2442,F-9A,8202
2443,F-9A,8208
2444,F-9A,8211
2445,F-9A,8212
2446,F-9A,8213
2447,F-9A,8215
2448,F-9A,8219
2449,F-9A,8222
2450,F-9A,8226
2451,F-9A,8229
2452,F-9A,8235
2453,F-9A,8236
2454,F-9A,8248
2455,F-9A,8249
2456,F-9A,8251
2457,F-9A,8252
2458,F-9A,8254
2459,F-9A,8263
2460,F-9A,8264
2461,F-9A,8265
2462,F-9A,8266
2463,F-9A,8271
2464,F-9A,8275
2465,F-9A,8278
2466,F-9A,8284
2467,F-9A,8290
2468,F-9A,8294
2469,F-9A,8306
2470,F-9A,8310
2471,F-9A,8312
2472,F-9A,8314
2473,F-9A,8316
2474,F-9A,8319
2475,F-9A,8320
2476,F-9A,8331
2477,F-9A,8332
2478,F-9A,8333
2479,F-9A,8343
2480,F-9A,8347
2481,F-9A,8351
2482,F-9A,8357
2483,F-9A,8358
2484,F-9A,8365
2485,F-9A,8366
2486,F-9A,8367
2487,F-9A,8375
2488,F-9A,8376
2489,F-9A,8378
2490,F-9A,8383
2491,F-9A,8384
2492,F-9A,8387
2493,F-9A,8389
2494,F-9A,8390
2495,F-9A,8392
2496,F-9A,8396
2497,F-9A,8406
2498,F-9A,8407
2499,F-9A,8410
2500,F-9A,8411
2501,F-9A,8414
2502,F-9A,8415
2503,F-9A,8417
2504,F-9A,8419
2505,F-9A,8429
2506,F-9A,8430
2507,F-9A,8436
2508,F-9A,8443
2509,F-9A,8456
2510,F-9A,8457
2511,F-9A,8458
2512,F-9A,8461
2513,F-9A,8463
2514,F-9A,8465
2515,F-9A,8473
2516,F-9A,8474
2517,F-9A,8477
2518,F-9A,8481
2519,F-9A,8483
2520,F-9A,8484
2521,F-9A,8485
2522,F-9A,8488
2523,F-9A,8489
2524,F-9A,8490
2525,F-9A,8496
2526,F-9A,8500
2527,F-9A,8501
2528,F-9A,8503
2529,F-9A,8508
2530,F-9A,8510
2531,F-9A,8511
2532,F-9A,8512
2533,F-9A,8519
2534,F-9A,8521
2535,F-9A,8525
2536,F-9A,8526
2537,F-9A,8533
2538,F-9A,8537
2539,F-9A,8538
2540,F-9A,8542
2541,F-9A,8548
2542,F-9A,8550
2543,F-9A,8552
2544,F-9A,8554
2545,F-9A,8555
2546,F-9A,8559
2547,F-9A,8561
2548,F-9A,8562
2549,F-9A,8567
2550,F-9A,8579
2551,F-9A,8581
2552,F-9A,8584
2553,F-9A,8585
2554,F-9A,8589
2555,F-9A,8592
2556,F-9A,8594
2557,F-9A,8603
2558,F-9A,8604
2559,F-9A,8606
2560,F-9A,8609
2561,F-9A,8610
2562,F-9A,8615
2563,F-9A,8616
2564,F-9A,8622
2565,F-9A,8623
2566,F-9A,8637
2567,F-9A,8638
2568,F-9A,8645
2569,F-9A,8646
2570,F-9A,8648
2571,F-9A,8649
2572,F-9A,8652
2573,F-9A,8654
2574,F-9A,8665
2575,F-9A,8668
2576,F-9A,8677
2577,F-9A,8678
2578,F-9A,8679
2579,F-9A,8681
2580,F-9A,8688
2581,F-9A,8689
2582,F-9A,8690
2583,F-9A,8693
2584,F-9A,8700
2585,F-9A,8706
2586,F-9A,8708
2587,F-9A,8716
2588,F-9A,8723
2589,F-9A,8725
2590,F-9A,8726
2591,F-9A,8727
2592,F-9A,8730
2593,F-9A,8736
2594,F-9A,8739
2595,F-9A,8740
2596,F-9A,8743
2597,F-9A,8749
2598,F-9A,8751
2599,F-9A,8759
2600,F-9A,8772
2601,F-9A,8773
2602,F-9A,8778
2603,F-9A,8779
2604,F-9A,8782
2605,F-9A,8783
2606,F-9A,8789
2607,F-9A,8795
2608,F-9A,8796
2609,F-9A,8798
2610,F-9A,8800
2611,F-9A,8805
2612,F-9A,8813
2613,F-9A,8823
2614,F-9A,8824
2615,F-9A,8827
2616,F-9A,8830
2617,F-9A,8836
2618,F-9A,8837
2619,F-9A,8840
2620,F-9A,8841
2621,F-9A,8844
2622,F-9A,8846
2623,F-9A,8848
2624,F-9A,8849
2625,F-9A,8850
2626,F-9A,8851
2627,F-9A,8854
2628,F-9A,8856
2629,F-9A,8857
2630,F-9A,8861
2631,F-9A,8862
2632,F-9A,8867
2633,F-9A,8869
2634,F-9A,8870
2635,F-9A,8871
2636,F-9A,8874
2637,F-9A,8877
2638,F-9A,8878
2639,F-9A,8884
2640,F-9A,8889
2641,F-9A,8892
2642,F-9A,8898
2643,F-9A,8900
2644,F-9A,8904
2645,F-9A,8908
2646,F-9A,8910
2647,F-9A,8917
2648,F-9A,8918
2649,F-9A,8922
2650,F-9A,8926
2651,F-9A,8927
2652,F-9A,8933
2653,F-9A,8938
2654,F-9A,8943
2655,F-9A,8946
2656,F-9A,8955
2657,F-9A,8962
2658,F-9A,8970
2659,F-9A,8975
2660,F-9A,8977
2661,F-9A,8978
2662,F-9A,8983
2663,F-9A,8988
2664,F-9A,8991
2665,F-9A,8993
2666,F-9A,8994
2667,F-9A,8996
2668,F-9A,8998
2669,F-9A,9001
2670,F-9A,9002
2671,F-9A,9009
2672,F-9A,9010
2673,F-9A,9014
2674,F-9A,9023
2675,F-9A,9027
2676,F-9A,9030
2677,F-9A,9037
2678,F-9A,9038
2679,F-9A,9042
2680,F-9A,9045
2681,F-9A,9049
2682,F-9A,9052
2683,F-9A,9053
2684,F-9A,9056
2685,F-9A,9057
2686,F-9A,9058
2687,F-9A,9059
2688,F-9A,9067
2689,F-9A,9070
2690,F-9A,9075
2691,F-9A,9076
2692,F-9A,9082
2693,F-9A,9084
2694,F-9A,9087
2695,F-9A,9088
2696,F-9A,9089
2697,F-9A,9095
2698,F-9A,9107
2699,F-9A,9112
2700,F-9A,9114
2701,F-9A,9116
2702,F-9A,9118
2703,F-9A,9119
2704,F-9A,9120
2705,F-9A,9123
2706,F-9A,9128
2707,F-9A,9130
2708,F-9A,9131
2709,F-9A,9143
2710,F-9A,9145
2711,F-9A,9152
2712,F-9A,9153
2713,F-9A,9155
2714,F-9A,9158
2715,F-9A,9160
2716,F-9A,9167
2717,F-9A,9168
2718,F-9A,9171
2719,F-9A,9174
2720,F-9A,9175
2721,F-9A,9177
2722,F-9A,9180
2723,F-9A,9181
2724,F-9A,9183
2725,F-9A,9184
2726,F-9A,9187
2727,F-9A,9192
2728,F-9A,9196
2729,F-9A,9197
2730,F-9A,9199
2731,F-9A,9203
2732,F-9A,9207
2733,F-9A,9208
2734,F-9A,9209
2735,F-9A,9211
2736,F-9A,9213
2737,F-9A,9228
2738,F-9A,9234
2739,F-9A,9236
2740,F-9A,9237
2741,F-9A,9239
2742,F-9A,9250
2743,F-9A,9252
2744,F-9A,9256
2745,F-9A,9259
2746,F-9A,9272
2747,F-9A,9273
2748,F-9A,9277
2749,F-9A,9281
2750,F-9A,9284
2751,F-9A,9286
2752,F-9A,9287
2753,F-9A,9288
2754,F-9A,9289
2755,F-9A,9293
2756,F-9A,9297
2757,F-9A,9303
2758,F-9A,9307
2759,F-9A,9309
2760,F-9A,9311
2761,F-9A,9314
2762,F-9A,9319
2763,F-9A,9320
2764,F-9A,9325
2765,F-9A,9327
2766,F-9A,9337
2767,F-9A,9338
2768,F-9A,9339
2769,F-9A,9343
2770,F-9A,9346
2771,F-9A,9347
2772,F-9A,9352
2773,F-9A,9353
2774,F-9A,9354
2775,F-9A,9358
2776,F-9A,9366
2777,F-9A,9370
2778,F-9A,9374
2779,F-9A,9375
2780,F-9A,9376
2781,F-9A,9377
2782,F-9A,9383
2783,F-9A,9385
2784,F-9A,9389
2785,F-9A,9390
2786,F-9A,9394
2787,F-9A,9396
2788,F-9A,9397
2789,F-9A,9400
2790,F-9A,9403
2791,F-9A,9405
2792,F-9A,9410
2793,F-9A,9411
2794,F-9A,9420
2795,F-9A,9429
2796,F-9A,9430
2797,F-9A,9433
2798,F-9A,9435
2799,F-9A,9438
2800,F-9A,9439
2801,F-9A,9441
2802,F-9A,9443
2803,F-9A,9444
2804,F-9A,9447
2805,F-9A,9453
2806,F-9A,9457
2807,F-9A,9460
2808,F-9A,9462
2809,F-9A,9463
2810,F-9A,9464
2811,F-9A,9466
2812,F-9A,9468
2813,F-9A,9469
2814,F-9A,9473
2815,F-9A,9481
2816,F-9A,9490
2817,F-9A,9494
2818,F-9A,9499
2819,F-9A,9505
2820,F-9A,9512
2821,F-9A,9523
2822,F-9A,9527
2823,F-9A,9530
2824,F-9A,9535
2825,F-9A,9538
2826,F-9A,9541
2827,F-9A,9542
2828,F-9A,9547
2829,F-9A,9553
2830,F-9A,9556
2831,F-9A,9559
2832,F-9A,9561
2833,F-9A,9562
2834,F-9A,9565
2835,F-9A,9575
2836,F-9A,9576
2837,F-9A,9581
2838,F-9A,9592
2839,F-9A,9594
2840,F-9A,9599
2841,F-9A,9603
2842,F-9A,9604
2843,F-9A,9609
2844,F-9A,9610
2845,F-9A,9613
2846,F-9A,9614
2847,F-9A,9618
2848,F-9A,9619
2849,F-9A,9624
2850,F-9A,9635
2851,F-9A,9638
2852,F-9A,9645
2853,F-9A,9656
2854,F-9A,9659
2855,F-9A,9660
2856,F-9A,9668
2857,F-9A,9678
2858,F-9A,9680
2859,F-9A,9681
2860,F-9A,9694
2861,F-9A,9697
2862,F-9A,9699
2863,F-9A,9700
2864,F-9A,9701
2865,F-9A,9702
2866,F-9A,9706
2867,F-9A,9708
2868,F-9A,9713
2869,F-9A,9716
2870,F-9A,9717
2871,F-9A,9718
2872,F-9A,9721
2873,F-9A,9726
2874,F-9A,9729
2875,F-9A,9730
2876,F-9A,9733
2877,F-9A,9737
2878,F-9A,9740
2879,F-9A,9741
2880,F-9A,9752
2881,F-9A,9753
2882,F-9A,9759
2883,F-9A,9761
2884,F-9A,9763
2885,F-9A,9769
2886,F-9A,9774
2887,F-9A,9779
2888,F-9A,9781
2889,F-9A,9789
2890,F-9A,9790
2891,F-9A,9791
2892,F-9A,9793
2893,F-9A,9794
2894,F-9A,9797
2895,F-9A,9800
2896,F-9A,9801
2897,F-9A,9804
2898,F-9A,9807
2899,F-9A,9811
2900,F-9A,9825
2901,F-9A,9828
2902,F-9A,9831
2903,F-9A,9832
2904,F-9A,9835
2905,F-9A,9838
2906,F-9A,9839
2907,F-9A,9840
2908,F-9A,9841
2909,F-9A,9845
2910,F-9A,9849
2911,F-9A,9850
2912,F-9A,9854
2913,F-9A,9858
2914,F-9A,9862
2915,F-9A,9864
2916,F-9A,9867
2917,F-9A,9871
2918,F-9A,9878
2919,F-9A,9881
2920,F-9A,9885
2921,F-9A,9886
2922,F-9A,9890
2923,F-9A,9894
2924,F-9A,9901
2925,F-9A,9903
2926,F-9A,9906
2927,F-9A,9912
2928,F-9A,9914
2929,F-9A,9918
2930,F-9A,9919
2931,F-9A,9924
2932,F-9A,9925
2933,F-9A,9926
2934,F-9A,9929
2935,F-9A,9932
2936,F-9A,9933
2937,F-9A,9934
2938,F-9A,9935
2939,F-9A,9940
2940,F-9A,9942
2941,F-9A,9944
2942,F-9A,9946
2943,F-9A,9947
2944,F-9A,9950
2945,F-9A,9951
2946,F-9A,9953
2947,F-9A,9967
2948,F-9A,9969
2949,F-9A,9970
2950,F-9A,9972
2951,F-9A,9983
2952,F-9A,9986
2953,F-9A,9987
2954,F-9A,9992
2955,F-9A,9998
2956,F-9A,10004
2957,F-9A,10010
2958,F-9A,10019
2959,F-9A,10021
2960,F-9A,10023
2961,F-9A,10027
2962,F-9A,10028
2963,F-9A,10029
2964,F-9A,10031
2965,F-9A,10033
2966,F-9A,10037
2967,F-9A,10043
2968,F-9A,10044
2969,F-9A,10046
2970,F-9A,10052
2971,F-9A,10056
2972,F-9A,10059
2973,F-9A,10068
2974,F-9A,10069
2975,F-9A,10074
2976,F-9A,10079
2977,F-9A,10080
2978,F-9A,10085
2979,F-9A,10088
2980,F-9A,10089
2981,F-9A,10091
2982,F-9A,10094
2983,F-9A,10098
2984,F-9A,10101
2985,F-9A,10103
2986,F-9A,10104
2987,F-9A,10105
2988,F-9A,10111
2989,F-9A,10112
2990,F-9A,10115
2991,F-9A,10121
2992,F-9A,10130
2993,F-9A,10133
2994,F-9A,10135
2995,F-9A,10137
2996,F-9A,10142
2997,F-9A,10143
2998,F-9A,10156
2999,F-9A,10160
3000,F-9A,10161
3001,F-9A,10163
3002,F-9A,10170
3003,F-9A,10176
3004,F-9A,10180
3005,F-9A,10197
3006,F-9A,10198
3007,F-9A,10199
3008,F-9A,10200
3009,F-9A,10202
3010,F-9A,10206
3011,F-9A,10207
3012,F-9A,10209
3013,F-9A,10210
3014,F-9A,10212
3015,F-9A,10213
3016,F-9A,10214
3017,F-9A,10217
3018,F-9A,10220
3019,F-9A,10221
3020,F-9A,10228
3021,F-9A,10230
3022,F-9A,10231
3023,F-9A,10237
3024,F-9A,10238
3025,F-9A,10246
3026,F-9A,10250
3027,F-9A,10263
3028,F-9A,10269
3029,F-9A,10272
3030,F-9A,10273
3031,F-9A,10274
3032,F-9A,10275
3033,F-9A,10276
3034,F-9A,10280
3035,F-9A,10287
3036,F-9A,10288
3037,F-9A,10291
3038,F-9A,10292
3039,F-9A,10295
3040,F-9A,10297
3041,F-9A,10298
3042,F-9A,10301
3043,F-9A,10302
3044,F-9A,10308
3045,F-9A,10310
3046,F-9A,10312
3047,F-9A,10313
3048,F-9A,10318
3049,F-9A,10323
3050,F-9A,10326
3051,F-9A,10329
3052,F-9A,10331
3053,F-9A,10339
3054,F-9A,10344
3055,F-9A,10348
3056,F-9A,10349
3057,F-9A,10352
3058,F-9A,10355
3059,F-9A,10357
3060,F-9A,10358
3061,F-9A,10361
3062,F-9A,10362
3063,F-9A,10364
3064,F-9A,10365
3065,F-9A,10369
3066,F-9A,10380
3067,F-9A,10381
3068,F-9A,10382
3069,F-9A,10383
3070,F-9A,10387
3071,F-9A,10391
3072,F-9A,10399
3073,F-9A,10400
3074,F-9A,10401
3075,F-9A,10408
3076,F-9A,10415
3077,F-9A,10416
3078,F-9A,10422
3079,F-9A,10428
3080,F-9A,10447
3081,F-9A,10449
3082,F-9A,10450
3083,F-9A,10454
3084,F-9A,10456
3085,F-9A,10458
3086,F-9A,10460
3087,F-9A,10462
3088,F-9A,10463
3089,F-9A,10464
3090,F-9A,10472
3091,F-9A,10474
3092,F-9A,10475
3093,F-9A,10478
3094,F-9A,10481
3095,F-9A,10484
3096,F-9A,10487
3097,F-9A,10488
3098,F-9A,10489
3099,F-9A,10493
3100,F-9A,10500
3101,F-9A,10502
3102,F-9A,10505
3103,F-9A,10507
3104,F-9A,10508
3105,F-9A,10512
3106,F-9A,10524
3107,F-9A,10525
3108,F-9A,10529
3109,F-9A,10530
3110,F-9A,10531
3111,F-9A,10533
3112,F-9A,10537
3113,F-9A,10538
3114,F-9A,10542
3115,F-9A,10544
3116,F-9A,10548
3117,F-9A,10551
3118,F-9A,10557
3119,F-9A,10564
3120,F-9A,10567
3121,F-9A,10568
3122,F-9A,10577
3123,F-9A,10578
3124,F-9A,10583
3125,F-9A,10589
3126,F-9A,10592
3127,F-9A,10597
3128,F-9A,10607
3129,F-9A,10610
3130,F-9A,10612
3131,F-9A,10614
3132,F-9A,10616
3133,F-9A,10621
3134,F-9A,10629
3135,F-9A,10633
3136,F-9A,10638
3137,F-9A,10645
3138,F-9A,10649
3139,F-9A,10651
3140,F-9A,10653
3141,F-9A,10656
3142,F-9A,10666
3143,F-9A,10669
3144,F-9A,10673
3145,F-9A,10674
3146,F-9A,10678
3147,F-9A,10680
3148,F-9A,10684
3149,F-9A,10688
3150,F-9A,10689
3151,F-9A,10690
3152,F-9A,10694
3153,F-9A,10697
3154,F-9A,10698
3155,F-9A,10700
3156,F-9A,10708
3157,F-9A,10709
3158,F-9A,10711
3159,F-9A,10712
3160,F-9A,10715
3161,F-9A,10723
3162,F-9A,10725
3163,F-9A,10729
3164,F-9A,10735
3165,F-9A,10737
3166,F-9A,10739
3167,F-9A,10740
3168,F-9A,10742
3169,F-9A,10746
3170,F-9A,10748
3171,F-9A,10752
3172,F-9A,10753
3173,F-9A,10754
3174,F-9A,10755
3175,F-9A,10756
3176,F-9A,10758
3177,F-9A,10760
3178,F-9A,10765
3179,F-9A,10766
3180,F-9A,10769
3181,F-9A,10773
3182,F-9A,10775
3183,F-9A,10779
3184,F-9A,10781
3185,F-9A,10786
3186,F-9A,10791
3187,F-9A,10793
3188,F-9A,10794
3189,F-9A,10799
3190,F-9A,10800
3191,F-9A,10813
3192,F-9A,10817
3193,F-9A,10819
3194,F-9A,10820
3195,F-9A,10822
3196,F-9A,10825
3197,F-9A,10826
3198,F-9A,10827
3199,F-9A,10829
3200,F-9A,10831
3201,F-9A,10838
3202,F-9A,10845
3203,F-9A,10846
3204,F-9A,10849
3205,F-9A,10850
3206,F-9A,10855
3207,F-9A,10858
3208,F-9A,10860
3209,F-9A,10864
3210,F-9A,10866
3211,F-9A,10867
3212,F-9A,10869
3213,F-9A,10883
3214,F-9A,10887
3215,F-9A,10889
3216,F-9A,10891
3217,F-9A,10897
3218,F-9A,10898
3219,F-9A,10902
3220,F-9A,10905
3221,F-9A,10909
3222,F-9A,10914
3223,F-9A,10925
3224,F-9A,10927
3225,F-9A,10928
3226,F-9A,10938
3227,F-9A,10939
3228,F-9A,10941
3229,F-9A,10948
3230,F-9A,10953
3231,F-9A,10955
3232,F-9A,10959
3233,F-9A,10964
3234,F-9A,10965
3235,F-9A,10966
3236,F-9A,10976
3237,F-9A,10980
3238,F-9A,10982
3239,F-9A,10983
3240,F-9A,10992
3241,F-9A,10994
3242,F-9A,11002
3243,F-9A,11008
3244,F-9A,11009
3245,F-9A,11011
3246,F-9A,11013
3247,F-9A,11014
3248,F-9A,11015
3249,F-9A,11019
3250,F-9A,11020
3251,F-9A,11028
3252,F-9A,11029
3253,F-9A,11032
3254,F-9A,11039
3255,F-9A,11041
3256,F-9A,11044
3257,F-9A,11046
3258,F-9A,11052
3259,F-9A,11053
3260,F-9A,11054
3261,F-9A,11055
3262,F-9A,11056
3263,F-9A,11057
3264,F-9A,11058
3265,F-9A,11061
3266,F-9A,11062
3267,F-9A,11064
3268,F-9A,11065
3269,F-9A,11069
3270,F-9A,11077
3271,F-9A,11079
3272,F-9A,11081
3273,F-9A,11082
3274,F-9A,11083
3275,F-9A,11084
3276,F-9A,11085
3277,F-9A,11099
3278,F-9A,11100
3279,F-9A,11104
3280,F-9A,11107
3281,F-9A,11111
3282,F-9A,11119
3283,F-9A,11122
3284,F-9A,11124
3285,F-9A,11128
3286,F-9A,11131
3287,F-9A,11132
3288,F-9A,11152
3289,F-9A,11153
3290,F-9A,11163
3291,F-9A,11172
3292,F-9A,11173
3293,F-9A,11174
3294,F-9A,11177
3295,F-9A,11182
3296,F-9A,11184
3297,F-9A,11185
3298,F-9A,11187
3299,F-9A,11191
3300,F-9A,11196
3301,F-9A,11202
3302,F-9A,11203
3303,F-9A,11206
3304,F-9A,11212
3305,F-9A,11213
3306,F-9A,11217
3307,F-9A,11220
3308,F-9A,11227
3309,F-9A,11235
3310,F-9A,11236
3311,F-9A,11239
3312,F-9A,11241
3313,F-9A,11250
3314,F-9A,11251
3315,F-9A,11264
3316,F-9A,11265
3317,F-9A,11274
3318,F-9A,11275
3319,F-9A,11280
3320,F-9A,11288
3321,F-9A,11289
3322,F-9A,11294
3323,F-9A,11297
3324,F-9A,11303
3325,F-9A,11307
3326,F-9A,11309
3327,F-9A,11311
3328,F-9A,11314
3329,F-9A,11322
3330,F-9A,11324
3331,F-9A,11325
3332,F-9A,11327
3333,F-9A,11328
3334,F-9A,11329
3335,F-9A,11330
3336,F-9A,11331
3337,F-9A,11332
3338,F-9A,11334
3339,F-9A,11344
3340,F-9A,11348
3341,F-9A,11358
3342,F-9A,11361
3343,F-9A,11369
3344,F-9A,11373
3345,F-9A,11380
3346,F-9A,11394
3347,F-9A,11396
3348,F-9A,11397
3349,F-9A,11402
3350,F-9A,11403
3351,F-9A,11404
3352,F-9A,11407
3353,F-9A,11408
3354,F-9A,11415
3355,F-9A,11418
3356,F-9A,11421
3357,F-9A,11425
3358,F-9A,11434
3359,F-9A,11435
3360,F-9A,11437
3361,F-9A,11439
3362,F-9A,11441
3363,F-9A,11442
3364,F-9A,11443
3365,F-9A,11444
3366,F-9A,11445
3367,F-9A,11447
3368,F-9A,11448
3369,F-9A,11458
3370,F-9A,11461
3371,F-9A,11465
3372,F-9A,11468
3373,F-9A,11480
3374,F-9A,11483
3375,F-9A,11486
3376,F-9A,11488
3377,F-9A,11501
3378,F-9A,11502
3379,F-9A,11505
3380,F-9A,11510
3381,F-9A,11511
3382,F-9A,11518
3383,F-9A,11520
3384,F-9A,11523
3385,F-9A,11526
3386,F-9A,11527
3387,F-9A,11530
3388,F-9A,11537
3389,F-9A,11538
3390,F-9A,11542
3391,F-9A,11550
3392,F-9A,11552
3393,F-9A,11555
3394,F-9A,11559
3395,F-9A,11562
3396,F-9A,11570
3397,F-9A,11581
3398,F-9A,11584
3399,F-9A,11586
3400,F-9A,11592
3401,F-9A,11601
3402,F-9A,11602
3403,F-9A,11607
3404,F-9A,11608
3405,F-9A,11612
3406,F-9A,11614
3407,F-9A,11615
3408,F-9A,11617
3409,F-9A,11619
3410,F-9A,11622
3411,F-9A,11623
3412,F-9A,11626
3413,F-9A,11628
3414,F-9A,11629
3415,F-9A,11641
3416,F-9A,11642
3417,F-9A,11644
3418,F-9A,11645
3419,F-9A,11648
3420,F-9A,11659
3421,F-9A,11660
3422,F-9A,11661
3423,F-9A,11662
3424,F-9A,11664
3425,F-9A,11665
3426,F-9A,11672
3427,F-9A,11673
3428,F-9A,11675
3429,F-9A,11678
3430,F-9A,11682
3431,F-9A,11683
3432,F-9A,11684
3433,F-9A,11685
3434,F-9A,11686
3435,F-9A,11687
3436,F-9A,11688
3437,F-9A,11690
3438,F-9A,11693
3439,F-9A,11697
3440,F-9A,11704
3441,F-9A,11706
3442,F-9A,11714
3443,F-9A,11717
3444,F-9A,11719
3445,F-9A,11720
3446,F-9A,11721
3447,F-9A,11722
3448,F-9A,11725
3449,F-9A,11728
3450,F-9A,11729
3451,F-9A,11730
3452,F-9A,11737
3453,F-9A,11739
3454,F-9A,11747
3455,F-9A,11754
3456,F-9A,11756
3457,F-9A,11757
3458,F-9A,11763
3459,F-9A,11768
3460,F-9A,11769
3461,F-9A,11772
3462,F-9A,11773
3463,F-9A,11779
3464,F-9A,11781
3465,F-9A,11796
3466,F-9A,11799
3467,F-9A,11802
3468,F-9A,11803
3469,F-9A,11806
3470,F-9A,11807
3471,F-9A,11809
3472,F-9A,11813
3473,F-9A,11818
3474,F-9A,11820
3475,F-9A,11826
3476,F-9A,11828
3477,F-9A,11830
3478,F-9A,11831
3479,F-9A,11836
3480,F-9A,11841
3481,F-9A,11844
3482,F-9A,11846
3483,F-9A,11859
3484,F-9A,11861
3485,F-9A,11866
3486,F-9A,11875
3487,F-9A,11880
3488,F-9A,11884
3489,F-9A,11895
3490,F-9A,11898
3491,F-9A,11903
3492,F-9A,11904
3493,F-9A,11905
3494,F-9A,11908
3495,F-9A,11911
3496,F-9A,11913
3497,F-9A,11915
3498,F-9A,11917
3499,F-9A,11928
3500,F-9A,11929
3501,F-9A,11934
3502,F-9A,11938
3503,F-9A,11940
3504,F-9A,11944
3505,F-9A,11946
3506,F-9A,11953
3507,F-9A,11954
3508,F-9A,11960
3509,F-9A,11961
3510,F-9A,11962
3511,F-9A,11966
3512,F-9A,11972
3513,F-9A,11973
3514,F-9A,11974
3515,F-9A,11979
3516,F-9A,11981
3517,F-9A,11986
3518,F-9A,11988
3519,F-9A,11993
3520,F-9A,12002
3521,F-9A,12003
3522,F-9A,12008
3523,F-9A,12014
3524,F-9A,12015
3525,F-9A,12024
3526,F-9A,12027
3527,F-9A,12029
3528,F-9A,12040
3529,F-9A,12043
3530,F-9A,12047
3531,F-9A,12049
3532,F-9A,12050
3533,F-9A,12052
3534,F-9A,12053
3535,F-9A,12056
3536,F-9A,12059
3537,F-9A,12060
3538,F-9A,12061
3539,F-9A,12073
3540,F-9A,12079
3541,F-9A,12086
3542,F-9A,12088
3543,F-9A,12095
3544,F-9A,12098
3545,F-9A,12102
3546,F-9A,12107
3547,F-9A,12111
3548,F-9A,12116
3549,F-9A,12118
3550,F-9A,12119
3551,F-9A,12127
3552,F-9A,12131
3553,F-9A,12132
3554,F-9A,12133
3555,F-9A,12136
3556,F-9A,12138
3557,F-9A,12139
3558,F-9A,12142
3559,F-9A,12145
3560,F-9A,12152
3561,F-9A,12154
3562,F-9A,12155
3563,F-9A,12156
3564,F-9A,12157
3565,F-9A,12158
3566,F-9A,12164
3567,F-9A,12165
3568,F-9A,12170
3569,F-9A,12175
3570,F-9A,12177
3571,F-9A,12179
3572,F-9A,12183
3573,F-9A,12184
3574,F-9A,12188
3575,F-9A,12192
3576,F-9A,12194
3577,F-9A,12196
3578,F-9A,12205
3579,F-9A,12207
3580,F-9A,12213
3581,F-9A,12214
3582,F-9A,12217
3583,F-9A,12218
3584,F-9A,12220
3585,F-9A,12222
3586,F-9A,12224
3587,F-9A,12225
3588,F-9A,12226
3589,F-9A,12236
3590,F-9A,12238
3591,F-9A,12239
3592,F-9A,12240
3593,F-9A,12241
3594,F-9A,12245
3595,F-9A,12247
3596,F-9A,12250
3597,F-9A,12258
3598,F-9A,12260
3599,F-9A,12266
3600,F-9A,12270
3601,F-9A,12272
3602,F-9A,12278
3603,F-9A,12284
3604,F-9A,12286
3605,F-9A,12291
3606,F-9A,12292
3607,F-9A,12294
3608,F-9A,12295
3609,F-9A,12299
3610,F-9A,12310
3611,F-9A,12318
3612,F-9A,12327
3613,F-9A,12328
3614,F-9A,12329
3615,F-9A,12331
3616,F-9A,12332
3617,F-9A,12334
3618,F-9A,12337
3619,F-9A,12338
3620,F-9A,12347
3621,F-9A,12349
3622,F-9A,12353
3623,F-9A,12359
3624,F-9A,12360
3625,F-9A,12361
3626,F-9A,12362
3627,F-9A,12370
3628,F-9A,12372
3629,F-9A,12377
3630,F-9A,12388
3631,F-9A,12389
3632,F-9A,12398
3633,F-9A,12401
3634,F-9A,12404
3635,F-9A,12408
3636,F-9A,12412
3637,F-9A,12414
3638,F-9A,12415
3639,F-9A,12416
3640,F-9A,12418
3641,F-9A,12424
3642,F-9A,12428
3643,F-9A,12432
3644,F-9A,12435
3645,F-9A,12440
3646,F-9A,12441
3647,F-9A,12442
3648,F-9A,12443
3649,F-9A,12457
3650,F-9A,12459
3651,F-9A,12466
3652,F-9A,12469
3653,F-9A,12471
3654,F-9A,12478
3655,F-9A,12482
3656,F-9A,12488
3657,F-9A,12489
3658,F-9A,12491
3659,F-9A,12496
3660,F-9A,12513
3661,F-9A,12514
3662,F-9A,12515
3663,F-9A,12516
3664,F-9A,12518
3665,F-9A,12528
3666,F-9A,12529
3667,F-9A,12530
3668,F-9A,12534
3669,F-9A,12535
3670,F-9A,12536
3671,F-9A,12538
3672,F-9A,12540
3673,F-9A,12543
3674,F-9A,12544
3675,F-9A,12548
3676,F-9A,12552
3677,F-9A,12557
3678,F-9A,12559
3679,F-9A,12564
3680,F-9A,12568
3681,F-9A,12570
3682,F-9A,12575
3683,F-9A,12576
3684,F-9A,12577
3685,F-9A,12579
3686,F-9A,12581
3687,F-9A,12582
3688,F-9A,12590
3689,F-9A,12601
3690,F-9A,12602
3691,F-9A,12603
3692,F-9A,12607
3693,F-9A,12611
3694,F-9A,12613
3695,F-9A,12617
3696,F-9A,12624
3697,F-9A,12625
3698,F-9A,12633
3699,F-9A,12635
3700,F-9A,12638
3701,F-9A,12656
3702,F-9A,12657
3703,F-9A,12661
3704,F-9A,12663
3705,F-9A,12674
3706,F-9A,12676
3707,F-9A,12681
3708,F-9A,12682
3709,F-9A,12683
3710,F-9A,12688
3711,F-9A,12689
3712,F-9A,12690
3713,F-9A,12697
3714,F-9A,12704
3715,F-9A,12717
3716,F-9A,12719
3717,F-9A,12736
3718,F-9A,12739
3719,F-9A,12740
3720,F-9A,12742
3721,F-9A,12743
3722,F-9A,12745
3723,F-9A,12762
3724,F-9A,12767
3725,F-9A,12768
3726,F-9A,12769
3727,F-9A,12770
3728,F-9A,12774
3729,F-9A,12776
3730,F-9A,12777
3731,F-9A,12779
3732,F-9A,12780
3733,F-9A,12788
3734,F-9A,12792
3735,F-9A,12793
3736,F-9A,12799
3737,F-9A,12806
3738,F-9A,12807
3739,F-9A,12811
3740,F-9A,12812
3741,F-9A,12815
3742,F-9A,12817
3743,F-9A,12821
3744,F-9A,12824
3745,F-9A,12829
3746,F-9A,12833
3747,F-9A,12835
3748,F-9A,12838
3749,F-9A,12842
3750,F-9A,12843
3751,F-9A,12844
3752,F-9A,12848
3753,F-9A,12849
3754,F-9A,12852
3755,F-9A,12856
3756,F-9A,12857
3757,F-9A,12858
3758,F-9A,12859
3759,F-9A,12869
3760,F-9A,12870
3761,F-9A,12873
3762,F-9A,12880
3763,F-9A,12881
3764,F-9A,12882
3765,F-9A,12889
3766,F-9A,12895
3767,F-9A,12898
3768,F-9A,12899
3769,F-9A,12902
3770,F-9A,12904
3771,F-9A,12919
3772,F-9A,12927
3773,F-9A,12930
3774,F-9A,12933
3775,F-9A,12935
3776,F-9A,12937
3777,F-9A,12938
3778,F-9A,12946
3779,F-9A,12952
3780,F-9A,12954
3781,F-9A,12958
3782,F-9A,12962
3783,F-9A,12963
3784,F-9A,12966
3785,F-9A,12970
3786,F-9A,12973
3787,F-9A,12974
3788,F-9A,12976
3789,F-9A,12977
3790,F-9A,12978
3791,F-9A,12979
3792,F-9A,12980
3793,F-9A,12984
3794,F-9A,12991
3795,F-9A,12992
3796,F-9A,12995
3797,F-9A,13004
3798,F-9A,13007
3799,F-9A,13023
3800,F-9A,13024
3801,F-9A,13029
3802,F-9A,13030
3803,F-9A,13034
3804,F-9A,13040
3805,F-9A,13048
3806,F-9A,13050
3807,F-9A,13052
3808,F-9A,13053
3809,F-9A,13055
3810,F-9A,13057
3811,F-9A,13058
3812,F-9A,13059
3813,F-9A,13061
3814,F-9A,13067
3815,F-9A,13068
3816,F-9A,13069
3817,F-9A,13072
3818,F-9A,13073
3819,F-9A,13075
3820,F-9A,13080
3821,F-9A,13083
3822,F-9A,13092
3823,F-9A,13093
3824,F-9A,13095
3825,F-9A,13098
3826,F-9A,13099
3827,F-9A,13100
3828,F-9A,13101
3829,F-9A,13103
3830,F-9A,13112
3831,F-9A,13116
3832,F-9A,13121
3833,F-9A,13126
3834,F-9A,13128
3835,F-9A,13131
3836,F-9A,13132
3837,F-9A,13136
3838,F-9A,13137
3839,F-9A,13146
3840,F-9A,13150
3841,F-9A,13151
3842,F-9A,13152
3843,F-9A,13157
3844,F-9A,13165
3845,F-9A,13169
3846,F-9A,13177
3847,F-9A,13180
3848,F-9A,13184
3849,F-9A,13191
3850,F-9A,13193
3851,F-9A,13197
3852,F-9A,13199
3853,F-9A,13200
3854,F-9A,13206
3855,F-9A,13208
3856,F-9A,13220
3857,F-9A,13222
3858,F-9A,13233
3859,F-9A,13235
3860,F-9A,13241
3861,F-9A,13243
3862,F-9A,13248
3863,F-9A,13249
3864,F-9A,13251
3865,F-9A,13254
3866,F-9A,13255
3867,F-9A,13256
3868,F-9A,13259
3869,F-9A,13260
3870,F-9A,13276
3871,F-9A,13281
3872,F-9A,13286
3873,F-9A,13287
3874,F-9A,13291
3875,F-9A,13296
3876,F-9A,13309
3877,F-9A,13310
3878,F-9A,13313
3879,F-9A,13315
3880,F-9A,13318
3881,F-9A,13321
3882,F-9A,13325
3883,F-9A,13329
3884,F-9A,13335
3885,F-9A,13336
3886,F-9A,13342
3887,F-9A,13350
3888,F-9A,13353
3889,F-9A,13354
3890,F-9A,13355
3891,F-9A,13356
3892,F-9A,13359
3893,F-9A,13365
3894,F-9A,13368
3895,F-9A,13372
3896,F-9A,13376
3897,F-9A,13378
3898,F-9A,13381
3899,F-9A,13383
3900,F-9A,13386
3901,F-9A,13387
3902,F-9A,13391
3903,F-9A,13394
3904,F-9A,13395
3905,F-9A,13396
3906,F-9A,13403
3907,F-9A,13408
3908,F-9A,13410
3909,F-9A,13411
3910,F-9A,13414
3911,F-9A,13416
3912,F-9A,13417
3913,F-9A,13418
3914,F-9A,13420
3915,F-9A,13430
3916,F-9A,13437
3917,F-9A,13440
3918,F-9A,13453
3919,F-9A,13454
3920,F-9A,13456
3921,F-9A,13457
3922,F-9A,13461
3923,F-9A,13463
3924,F-9A,13475
3925,F-9A,13476
3926,F-9A,13481
3927,F-9A,13482
3928,F-9A,13495
3929,F-9A,13500
3930,F-9A,13505
3931,F-9A,13506
3932,F-9A,13509
3933,F-9A,13510
3934,F-9A,13515
3935,F-9A,13516
3936,F-9A,13519
3937,F-9A,13521
3938,F-9A,13523
3939,F-9A,13524
3940,F-9A,13527
3941,F-9A,13528
3942,F-9A,13533
3943,F-9A,13537
3944,F-9A,13543
3945,F-9A,13546
3946,F-9A,13547
3947,F-9A,13553
3948,F-9A,13560
3949,F-9A,13562
3950,F-9A,13570
3951,F-9A,13575
3952,F-9A,13582
3953,F-9A,13585
3954,F-9A,13595
3955,F-9A,13598
3956,F-9A,13599
3957,F-9A,13600
3958,F-9A,13602
3959,F-9A,13604
3960,F-9A,13607
3961,F-9A,13609
3962,F-9A,13611
3963,F-9A,13615
3964,F-9A,13623
3965,F-9A,13624
3966,F-9A,13627
3967,F-9A,13628
3968,F-9A,13629
3969,F-9A,13630
3970,F-9A,13631
3971,F-9A,13644
3972,F-9A,13646
3973,F-9A,13647
3974,F-9A,13655
3975,F-9A,13666
3976,F-9A,13670
3977,F-9A,13671
3978,F-9A,13672
3979,F-9A,13682
3980,F-9A,13683
3981,F-9A,13687
3982,F-9A,13688
3983,F-9A,13691
3984,F-9A,13692
3985,F-9A,13695
3986,F-9A,13702
3987,F-9A,13709
3988,F-9A,13710
3989,F-9A,13711
3990,F-9A,13712
3991,F-9A,13713
3992,F-9A,13715
3993,F-9A,13719
3994,F-9A,13720
3995,F-9A,13726
3996,F-9A,13727
3997,F-9A,13729
3998,F-9A,13731
3999,F-9A,13744
4000,F-14,13781
4001,F-14,13784
4002,F-14,13785
4003,F-14,13804
4004,F-14,13816
4005,F-14,13831
4006,F-14,13845
4007,F-14,13850
4008,F-14,13863
4009,F-14,13872
4010,F-14,13874
4011,F-14,13895
4012,F-14,13905
4013,F-14,13906
4014,F-14,13914
4015,F-14,13926
4016,F-14,13939
4017,F-14,13947
4018,F-14,13953
4019,F-14,13956
4020,F-14,13960
4021,F-14,13972
4022,F-14,13982
4023,F-14,13994
4024,F-14,13999
4025,F-14,14003
4026,F-14,14004
4027,F-14,14005
4028,F-14,14009
4029,F-14,14010
4030,F-14,14060
4031,F-14,14071
4032,F-14,14083
4033,F-14,14085
4034,F-14,14088
4035,F-14,14092
4036,F-14,14109
4037,F-14,14116
4038,F-14,14125
4039,F-14,14126
4040,F-14,14144
4041,F-14,14153
4042,F-14,14158
4043,F-14,14167
4044,F-14,14177
4045,F-14,14202
4046,F-14,14228
4047,F-14,14236
4048,F-14,14246
4049,F-14,14257
4050,F-14,14266
4051,F-14,14296
4052,F-14,14317
4053,F-14,14322
4054,F-14,14323
4055,F-14,14329
4056,F-14,14336
4057,F-14,14341
4058,F-14,14348
4059,F-14,14370
4060,F-14,14384
4061,F-14,14385
4062,F-14,14401
4063,F-14,14411
4064,F-14,14415
4065,F-14,14418
4066,F-14,14420
4067,F-14,14452
4068,F-14,14469
4069,F-14,14516
4070,F-14,14530
4071,F-14,14536
4072,F-14,14547
4073,F-14,14549
4074,F-14,14551
4075,F-14,14553
4076,F-14,14565
4077,F-14,14576
4078,F-14,14582
4079,F-14,14591
4080,F-14,14600
4081,F-14,14606
4082,F-14,14636
4083,F-14,14638
4084,F-14,14640
4085,F-14,14648
4086,F-14,14649
4087,F-14,14659
4088,F-14,14676
4089,F-14,14677
4090,F-14,14694
4091,F-14,14702
4092,F-14,14708
4093,F-14,14742
4094,F-14,14748
4095,F-14,14763
4096,F-14,14776
4097,F-14,14798
4098,F-14,14802
4099,F-14,14855
4100,F-14,14856
4101,F-14,14872
4102,F-14,14886
4103,F-14,14901
4104,F-14,14902
4105,F-14,14914
4106,F-14,14916
4107,F-14,14926
4108,F-14,14927
4109,F-14,14938
4110,F-14,14945
4111,F-14,14950
4112,F-14,14953
4113,F-14,14969
4114,F-14,14970
4115,F-14,14979
4116,F-14,14981
4117,F-14,14983
4118,F-14,15003
4119,F-14,15030
4120,F-14,15053
4121,F-14,15056
4122,F-14,15069
4123,F-14,15099
4124,F-14,15118
4125,F-14,15150
4126,F-14,15156
4127,F-14,15209
4128,F-14,15227
4129,F-14,15245
4130,F-14,15249
4131,F-14,15263
4132,F-14,15267
4133,F-14,15271
4134,F-14,15310
4135,F-14,15313
4136,F-14,15326
4137,F-14,15335
4138,F-14,15337
4139,F-14,15339
4140,F-14,15348
4141,F-14,15362
4142,F-14,15364
4143,F-14,15396
4144,F-14,15398
4145,F-14,15400
4146,F-14,15406
4147,F-14,15408
4148,F-14,15416
4149,F-14,15418
4150,F-14,15441
4151,F-14,15443
4152,F-14,15455
4153,F-14,15469
4154,F-14,15492
4155,F-14,15498
4156,F-14,15507
4157,F-14,15510
4158,F-14,15515
4159,F-14,15545
4160,F-14,15548
4161,F-14,15550
4162,F-14,15565
4163,F-14,15572
4164,F-14,15584
4165,F-14,15596
4166,F-14,15617
4167,F-14,15637
4168,F-14,15651
4169,F-14,15661
4170,F-14,15674
4171,F-14,15682
4172,F-14,15701
4173,F-14,15722
4174,F-14,15724
4175,F-14,15750
4176,F-14,15782
4177,F-14,15785
4178,F-14,15794
4179,F-14,15803
4180,F-14,15828
4181,F-14,15836
4182,F-14,15840
4183,F-14,15849
4184,F-14,15885
4185,F-14,15888
4186,F-14,15890
4187,F-14,15893
4188,F-14,15894
4189,F-14,15895
4190,F-14,15923
4191,F-14,15926
4192,F-14,15927
4193,F-14,15929
4194,F-14,15936
4195,F-14,15953
4196,F-14,15954
4197,F-14,15960
4198,F-14,15984
4199,F-14,15995
4200,F-14,16012
4201,F-14,16023
4202,F-14,16029
4203,F-14,16034
4204,F-14,16038
4205,F-14,16041
4206,F-14,16054
4207,F-14,16063
4208,F-14,16088
4209,F-14,16110
4210,F-14,16120
4211,F-14,16124
4212,F-14,16142
4213,F-14,16150
4214,F-14,16159
4215,F-14,16166
4216,F-14,16182
4217,F-14,16194
4218,F-14,16198
4219,F-14,16201
4220,F-14,16208
4221,F-14,16255
4222,F-14,16258
4223,F-14,16289
4224,F-14,16293
4225,F-14,16306
4226,F-14,16307
4227,F-14,16322
4228,F-14,16324
4229,F-14,16325
4230,F-14,16356
4231,F-14,16363
4232,F-14,16364
4233,F-14,16369
4234,F-14,16397
4235,F-14,16435
4236,F-14,16454
4237,F-14,16469
4238,F-14,16482
4239,F-14,16483
4240,F-14,16486
4241,F-14,16488
4242,F-14,16497
4243,F-14,16501
4244,F-14,16509
4245,F-14,16513
4246,F-14,16525
4247,F-14,16543
4248,F-14,16545
4249,F-14,16550
4250,F-14,16559
4251,F-14,16568
4252,F-14,16573
4253,F-14,16597
4254,F-14,16622
4255,F-14,16628
4256,F-14,16643
4257,F-14,16661
4258,F-14,16675
4259,F-14,16691
4260,F-14,16735
4261,F-14,16737
4262,F-14,16781
4263,F-14,16820
4264,F-14,16827
4265,F-14,16842
4266,F-14,16865
4267,F-14,16906
4268,F-14,16914
4269,F-14,16925
4270,F-14,16928
4271,F-14,16941
4272,F-14,16962
4273,F-14,16964
4274,F-14,16982
4275,F-14,16997
4276,F-14,17000
4277,F-14,17015
4278,F-14,17024
4279,F-14,17037
4280,F-14,17056
4281,F-14,17058
4282,F-14,17068
4283,F-14,17069
4284,F-14,17085
4285,F-14,17136
4286,F-14,17137
4287,F-14,17139
4288,F-14,17147
4289,F-14,17177
4290,F-14,17195
4291,F-14,17205
4292,F-14,17212
4293,F-14,17221
4294,F-14,17233
4295,F-14,17239
4296,F-14,17252
4297,F-14,17255
4298,F-14,17257
4299,F-14,17277
4300,F-14,17300
4301,F-14,17302
4302,F-14,17307
4303,F-14,17313
4304,F-14,17362
4305,F-14,17364
4306,F-14,17387
4307,F-14,17390
4308,F-14,17391
4309,F-14,17401
4310,F-14,17412
4311,F-14,17414
4312,F-14,17428
4313,F-14,17439
4314,F-14,17470
4315,F-14,17489
4316,F-14,17528
4317,F-14,17530
4318,F-14,17560
4319,F-14,17562
4320,F-14,17563
4321,F-14,17572
4322,F-14,17590
4323,F-14,17620
4324,F-14,17637
4325,F-14,17643
4326,F-14,17646
4327,F-14,17673
4328,F-14,17674
4329,F-14,17696
4330,F-14,17706
4331,F-14,17710
4332,F-14,17712
4333,F-14,17719
4334,F-14,17734
4335,F-14,17742
4336,F-14,17762
4337,F-14,17772
4338,F-14,17782
4339,F-14,17783
4340,F-14,17799
4341,F-14,17813
4342,F-14,17814
4343,F-14,17819
4344,F-14,17826
4345,F-14,17829
4346,F-14,17841
4347,F-14,17862
4348,F-14,17863
4349,F-14,17866
4350,F-14,17891
4351,F-14,17892
4352,F-14,17893
4353,F-14,17897
4354,F-14,17901
4355,F-14,17910
4356,F-14,17922
4357,F-14,17933
4358,F-14,17934
4359,F-14,17938
4360,F-14,17941
4361,F-14,17950
4362,F-14,17968
4363,F-14,17972
4364,F-14,17974
4365,F-14,17984
4366,F-14,18012
4367,F-14,18017
4368,F-14,18018
4369,F-14,18019
4370,F-14,18020
4371,F-14,18021
4372,F-14,18022
4373,F-14,18070
4374,F-14,18075
4375,F-14,18077
4376,F-14,18079
4377,F-14,18081
4378,F-14,18084
4379,F-14,18085
4380,F-14,18097
4381,F-14,18113
4382,F-14,18120
4383,F-14,18131
4384,F-14,18192
4385,F-14,18197
4386,F-14,18205
4387,F-14,18213
4388,F-14,18214
4389,F-14,18215
4390,F-14,18226
4391,F-14,18246
4392,F-14,18248
4393,F-14,18255
4394,F-14,18282
4395,F-14,18287
4396,F-14,18298
4397,F-14,18311
4398,F-14,18313
4399,F-14,18318
4400,F-14,18331
4401,F-14,18340
4402,F-14,18363
4403,F-14,18393
4404,F-14,18407
4405,F-14,18429
4406,F-14,18434
4407,F-14,18445
4408,F-14,18454
4409,F-14,18474
4410,F-14,18477
4411,F-14,18483
4412,F-14,18512
4413,F-14,18524
4414,F-14,18528
4415,F-14,18561
4416,F-14,18562
4417,F-14,18576
4418,F-14,18579
4419,F-14,18596
4420,F-14,18597
4421,F-14,18606
4422,F-14,18608
4423,F-14,18640
4424,F-14,18655
4425,F-14,18661
4426,F-14,18691
4427,F-14,18697
4428,F-14,18699
4429,F-14,18704
4430,F-14,18776
4431,F-14,18779
4432,F-14,18785
4433,F-14,18810
4434,F-14,18834
4435,F-14,18851
4436,F-14,18870
4437,F-14,18891
4438,F-14,18893
4439,F-14,18913
4440,F-14,18916
4441,F-14,18924
4442,F-14,18928
4443,F-14,18933
4444,F-14,18938
4445,F-14,18971
4446,F-14,18981
4447,F-14,18994
4448,F-14,19016
4449,F-14,19017
4450,F-14,19019
4451,F-14,19032
4452,F-14,19073
4453,F-14,19086
4454,F-14,19092
4455,F-14,19101
4456,F-14,19105
4457,F-14,19106
4458,F-14,19107
4459,F-14,19112
4460,F-14,19114
4461,F-14,19115
4462,F-14,19117
4463,F-14,19120
4464,F-14,19135
4465,F-14,19145
4466,F-14,19180
4467,F-14,19187
4468,F-14,19200
4469,F-14,19205
4470,F-14,19206
4471,F-14,19216
4472,F-14,19267
4473,F-14,19275
4474,F-14,19302
4475,F-14,19318
4476,F-14,19328
4477,F-14,19334
4478,F-14,19337
4479,F-14,19338
4480,F-14,19339
4481,F-14,19342
4482,F-14,19374
4483,F-14,19393
4484,F-14,19456
4485,F-14,19465
4486,F-14,19475
4487,F-14,19485
4488,F-14,19508
4489,F-14,19513
4490,F-14,19531
4491,F-14,19535
4492,F-14,19536
4493,F-14,19597
4494,F-14,19600
4495,F-14,19603
4496,F-14,19658
4497,F-14,19666
4498,F-14,19670
4499,F-14,19672
4500,F-14,19673
4501,F-14,19675
4502,F-14,19678
4503,F-14,19730
4504,F-14,19733
4505,F-14,19751
4506,F-14,19765
4507,F-14,19770
4508,F-14,19776
4509,F-14,19832
4510,F-14,19843
4511,F-14,19849
4512,F-14,19850
4513,F-14,19859
4514,F-14,19919
4515,F-14,19921
4516,F-14,19924
4517,F-14,19933
4518,F-14,19949
4519,F-14,19951
4520,F-14,19957
4521,F-14,19988
4522,F-14,19995
4523,F-14,20021
4524,F-14,20047
4525,F-14,20054
4526,F-14,20124
4527,F-14,20127
4528,F-14,20128
4529,F-14,20130
4530,F-14,20132
4531,F-14,20135
4532,F-14,20151
4533,F-14,20156
4534,F-14,20161
4535,F-14,20163
4536,F-14,20171
4537,F-14,20218
4538,F-14,20226
4539,F-14,20247
4540,F-14,20251
4541,F-14,20252
4542,F-14,20268
4543,F-14,20309
4544,F-14,20314
4545,F-14,20338
4546,F-14,20339
4547,F-14,20357
4548,F-14,20385
4549,F-14,20410
4550,F-14,20420
4551,F-14,20423
4552,F-14,20468
4553,F-14,20473
4554,F-14,20477
4555,F-14,20478
4556,F-14,20488
4557,F-14,20490
4558,F-14,20499
4559,F-14,20510
4560,F-14,20519
4561,F-14,20526
4562,F-14,20530
4563,F-14,20549
4564,F-14,20550
4565,F-14,20560
4566,F-14,20562
4567,F-14,20564
4568,F-14,20577
4569,F-14,20579
4570,F-14,20589
4571,F-14,20596
4572,F-14,20602
4573,F-14,20604
4574,F-14,20610
4575,F-14,20624
4576,F-14,20657
4577,F-14,20673
4578,F-14,20685
4579,F-14,20686
4580,F-14,20691
4581,F-14,20698
4582,F-14,20706
4583,F-14,20708
4584,F-14,20711
4585,F-14,20714
4586,F-14,20716
4587,F-14,20723
4588,F-14,20724
4589,F-14,20725
4590,F-14,20741
4591,F-14,20748
4592,F-14,20761
4593,F-14,20767
4594,F-14,20783
4595,F-14,20808
4596,F-14,20810
4597,F-14,20815
4598,F-14,20827
4599,F-14,20836
4600,F-14,20843
4601,F-14,20847
4602,F-14,20879
4603,F-14,20884
4604,F-14,20909
4605,F-14,20950
4606,F-14,20953
4607,F-14,20959
4608,F-14,20972
4609,F-14,20980
4610,F-14,21011
4611,F-14,21014
4612,F-14,21020
4613,F-14,21029
4614,F-14,21042
4615,F-14,21044
4616,F-14,21053
4617,F-14,21063
4618,F-14,21066
4619,F-14,21068
4620,F-14,21069
4621,F-14,21071
4622,F-14,21085
4623,F-14,21112
4624,F-14,21142
4625,F-14,21155
4626,F-14,21157
4627,F-14,21167
4628,F-14,21168
4629,F-14,21194
4630,F-14,21198
4631,F-14,21205
4632,F-14,21218
4633,F-14,21221
4634,F-14,21223
4635,F-14,21251
4636,F-14,21262
4637,F-14,21267
4638,F-14,21270
4639,F-14,21275
4640,F-14,21284
4641,F-14,21293
4642,F-14,21299
4643,F-14,21310
4644,F-14,21334
4645,F-14,21336
4646,F-14,21346
4647,F-14,21360
4648,F-14,21386
4649,F-14,21419
4650,F-14,21432
4651,F-14,21437
4652,F-14,21463
4653,F-14,21465
4654,F-14,21472
4655,F-14,21473
4656,F-14,21491
4657,F-14,21504
4658,F-14,21531
4659,F-14,21534
4660,F-14,21535
4661,F-14,21540
4662,F-14,21542
4663,F-14,21545
4664,F-14,21571
4665,F-14,21572
4666,F-14,21594
4667,F-14,21595
4668,F-14,21620
4669,F-14,21622
4670,F-14,21627
4671,F-14,21632
4672,F-14,21651
4673,F-14,21665
4674,F-14,21671
4675,F-14,21702
4676,F-14,21709
4677,F-14,21715
4678,F-14,21728
4679,F-14,21739
4680,F-14,21741
4681,F-14,21748
4682,F-14,21749
4683,F-14,21767
4684,F-14,21794
4685,F-14,21799
4686,F-14,21812
4687,F-14,21843
4688,F-14,21861
4689,F-14,21872
4690,F-14,21880
4691,F-14,21885
4692,F-14,21887
4693,F-14,21895
4694,F-14,21922
4695,F-14,21925
4696,F-14,21926
4697,F-14,21930
4698,F-14,21939
4699,F-14,21943
4700,F-14,21945
4701,F-14,21962
4702,F-14,21967
4703,F-14,21976
4704,F-14,21990
4705,F-14,21997
4706,F-14,22000
4707,F-14,22014
4708,F-14,22062
4709,F-14,22085
4710,F-14,22089
4711,F-14,22098
4712,F-14,22161
4713,F-14,22163
4714,F-14,22165
4715,F-14,22169
4716,F-14,22199
4717,F-14,22209
4718,F-14,22211
4719,F-14,22228
4720,F-14,22229
4721,F-14,22253
4722,F-14,22274
4723,F-14,22277
4724,F-14,22288
4725,F-14,22290
4726,F-14,22319
4727,F-14,22325
4728,F-14,22326
4729,F-14,22338
4730,F-14,22342
4731,F-14,22343
4732,F-14,22346
4733,F-14,22368
4734,F-14,22369
4735,F-14,22406
4736,F-14,22412
4737,F-14,22431
4738,F-14,22448
4739,F-14,22454
4740,F-14,22461
4741,F-14,22498
4742,F-14,22500
4743,F-14,22502
4744,F-14,22516
4745,F-14,22523
4746,F-14,22524
4747,F-14,22535
4748,F-14,22546
4749,F-14,22551
4750,F-14,22563
4751,F-14,22564
4752,F-14,22595
4753,F-14,22616
4754,F-14,22618
4755,F-14,22619
4756,F-14,22634
4757,F-14,22667
4758,F-14,22674
4759,F-14,22677
4760,F-14,22691
4761,F-14,22694
4762,F-14,22702
4763,F-14,22712
4764,F-14,22753
4765,F-14,22763
4766,F-14,22771
4767,F-14,22803
4768,F-14,22804
4769,F-14,22814
4770,F-14,22821
4771,F-14,22830
4772,F-14,22841
4773,F-14,22851
4774,F-14,22867
4775,F-14,22881
4776,F-14,22895
4777,F-14,22896
4778,F-14,22927
4779,F-14,22948
4780,F-14,22966
4781,F-14,22968
4782,F-14,22992
4783,F-14,23023
4784,F-14,23027
4785,F-14,23029
4786,F-14,23034
4787,F-14,23043
4788,F-14,23050
4789,F-14,23052
4790,F-14,23055
4791,F-14,23063
4792,F-14,23108
4793,F-14,23119
4794,F-14,23120
4795,F-14,23126
4796,F-14,23128
4797,F-14,23129
4798,F-14,23139
4799,F-14,23149
4800,F-14,23153
4801,F-14,23166
4802,F-14,23210
4803,F-14,23228
4804,F-14,23238
4805,F-14,23249
4806,F-14,23263
4807,F-14,23272
4808,F-14,23280
4809,F-14,23285
4810,F-14,23295
4811,F-14,23315
4812,F-14,23329
4813,F-14,23347
4814,F-14,23356
4815,F-14,23357
4816,F-14,23366
4817,F-14,23411
4818,F-14,23422
4819,F-14,23429
4820,F-14,23436
4821,F-14,23442
4822,F-14,23455
4823,F-14,23470
4824,F-14,23493
4825,F-14,23496
4826,F-14,23510
4827,F-14,23512
4828,F-14,23514
4829,F-14,23517
4830,F-14,23533
4831,F-14,23534
4832,F-14,23540
4833,F-14,23556
4834,F-14,23589
4835,F-14,23593
4836,F-14,23600
4837,F-14,23636
4838,F-14,23697
4839,F-14,23706
4840,F-14,23708
4841,F-14,23723
4842,F-14,23757
4843,F-14,23773
4844,F-14,23783
4845,F-14,23786
4846,F-14,23802
4847,F-14,23805
4848,F-14,23806
4849,F-14,23818
4850,F-14,23820
4851,F-14,23830
4852,F-14,23846
4853,F-14,23870
4854,F-14,23871
4855,F-14,23875
4856,F-14,23906
4857,F-14,23910
4858,F-14,23934
4859,F-14,23937
4860,F-14,23959
4861,F-14,23960
4862,F-14,23962
4863,F-14,23969
4864,F-14,23978
4865,F-14,23979
4866,F-14,23983
4867,F-14,23987
4868,F-14,23988
4869,F-14,23989
4870,F-14,23992
4871,F-14,24004
4872,F-14,24030
4873,F-14,24051
4874,F-14,24056
4875,F-14,24075
4876,F-14,24078
4877,F-14,24086
4878,F-14,24092
4879,F-14,24113
4880,F-14,24116
4881,F-14,24139
4882,F-14,24141
4883,F-14,24152
4884,F-14,24157
4885,F-14,24158
4886,F-14,24168
4887,F-14,24169
4888,F-14,24188
4889,F-14,24195
4890,F-14,24203
4891,F-14,24204
4892,F-14,24214
4893,F-14,24226
4894,F-14,24233
4895,F-14,24238
4896,F-14,24260
4897,F-14,24275
4898,F-14,24281
4899,F-14,24289
4900,F-14,24290
4901,F-14,24300
4902,F-14,24307
4903,F-14,24330
4904,F-14,24371
4905,F-14,24383
4906,F-14,24389
4907,F-14,24395
4908,F-14,24396
4909,F-14,24401
4910,F-14,24420
4911,F-14,24447
4912,F-14,24449
4913,F-14,24464
4914,F-14,24485
4915,F-14,24488
4916,F-14,24498
4917,F-14,24508
4918,F-14,24509
4919,F-14,24514
4920,F-14,24523
4921,F-14,24530
4922,F-14,24553
4923,F-14,24556
4924,F-14,24563
4925,F-14,24588
4926,F-14,24605
4927,F-14,24606
4928,F-14,24623
4929,F-14,24624
4930,F-14,24635
4931,F-14,24640
4932,F-14,24656
4933,F-14,24676
4934,F-14,24692
4935,F-14,24720
4936,F-14,24722
4937,F-14,24724
4938,F-14,24729
4939,F-14,24743
4940,F-14,24769
4941,F-14,24771
4942,F-14,24800
4943,F-14,24817
4944,F-14,24836
4945,F-14,24845
4946,F-14,24846
4947,F-14,24854
4948,F-14,24856
4949,F-14,24859
4950,F-14,24866
4951,F-14,24874
4952,F-14,24885
4953,F-14,24887
4954,F-14,24892
4955,F-14,24894
4956,F-14,24903
4957,F-14,24909
4958,F-14,24918
4959,F-14,24924
4960,F-14,24933
4961,F-14,24954
4962,F-14,24956
4963,F-14,24957
4964,F-14,24967
4965,F-14,24996
4966,F-14,25012
4967,F-14,25021
4968,F-14,25049
4969,F-14,25060
4970,F-14,25084
4971,F-14,25104
4972,F-14,25125
4973,F-14,25130
4974,F-14,25167
4975,F-14,25170
4976,F-14,25171
4977,F-14,25182
4978,F-14,25183
4979,F-14,25189
4980,F-14,25190
4981,F-14,25192
4982,F-14,25212
4983,F-14,25216
4984,F-14,25232
4985,F-14,25240
4986,F-14,25254
4987,F-14,25268
4988,F-14,25277
4989,F-14,25279
4990,F-14,25305
4991,F-14,25307
4992,F-14,25312
4993,F-14,25330
4994,F-14,25337
4995,F-14,25338
4996,F-14,25375
4997,F-14,25400
4998,F-14,25401
4999,F-14,25407
5000,F-14,25424
5001,F-14,25447
5002,F-14,25449
5003,F-14,25470
5004,F-14,25475
5005,F-14,25490
5006,F-14,25506
5007,F-14,25507
5008,F-14,25511
5009,F-14,25521
5010,F-14,25529
5011,F-14,25533
5012,F-14,25551
5013,F-14,25554
5014,F-14,25560
5015,F-14,25564
5016,F-14,25588
5017,F-14,25592
5018,F-14,25595
5019,F-14,25611
5020,F-14,25631
5021,F-14,25639
5022,F-14,25642
5023,F-14,25646
5024,F-14,25651
5025,F-14,25666
5026,F-14,25669
5027,F-14,25688
5028,F-14,25691
5029,F-14,25694
5030,F-14,25698
5031,F-14,25706
5032,F-14,25709
5033,F-14,25728
5034,F-14,25733
5035,F-14,25741
5036,F-14,25743
5037,F-14,25750
5038,F-14,25755
5039,F-14,25771
5040,F-14,25772
5041,F-14,25775
5042,F-14,25780
5043,F-14,25793
5044,F-14,25798
5045,F-14,25831
5046,F-14,25849
5047,F-14,25850
5048,F-14,25857
5049,F-14,25865
5050,F-14,25880
5051,F-14,25895
5052,F-14,25912
5053,F-14,25930
5054,F-14,25940
5055,F-14,25948
5056,F-14,25952
5057,F-14,25973
5058,F-14,25994
5059,F-14,25997
5060,F-14,26007
5061,F-14,26029
5062,F-14,26032
5063,F-14,26042
5064,F-14,26057
5065,F-14,26059
5066,F-14,26083
5067,F-14,26103
5068,F-14,26111
5069,F-14,26114
5070,F-14,26137
5071,F-14,26145
5072,F-14,26176
5073,F-14,26178
5074,F-14,26180
5075,F-14,26190
5076,F-14,26195
5077,F-14,26214
5078,F-14,26221
5079,F-14,26226
5080,F-14,26283
5081,F-14,26312
5082,F-14,26316
5083,F-14,26326
5084,F-14,26341
5085,F-14,26345
5086,F-14,26347
5087,F-14,26356
5088,F-14,26364
5089,F-14,26375
5090,F-14,26390
5091,F-14,26392
5092,F-14,26395
5093,F-14,26407
5094,F-14,26417
5095,F-14,26430
5096,F-14,26433
5097,F-14,26438
5098,F-14,26445
5099,F-14,26466
5100,F-14,26478
5101,F-14,26479
5102,F-14,26489
5103,F-14,26490
5104,F-14,26511
5105,F-14,26517
5106,F-14,26529
5107,F-14,26541
5108,F-14,26542
5109,F-14,26552
5110,F-14,26567
5111,F-14,26573
5112,F-14,26592
5113,F-14,26606
5114,F-14,26629
5115,F-14,26638
5116,F-14,26657
5117,F-14,26675
5118,F-14,26681
5119,F-14,26698
5120,F-14,26714
5121,F-14,26727
5122,F-14,26732
5123,F-14,26763
5124,F-14,26771
5125,F-14,26776
5126,F-14,26796
5127,F-14,26797
5128,F-14,26848
5129,F-14,26859
5130,F-14,26865
5131,F-14,26870
5132,F-14,26883
5133,F-14,26893
5134,F-14,26899
5135,F-14,26906
5136,F-14,26924
5137,F-14,26940
5138,F-14,26941
5139,F-14,26948
5140,F-14,26953
5141,F-14,26961
5142,F-14,26974
5143,F-14,26980
5144,F-14,26984
5145,F-14,26988
5146,F-14,26990
5147,F-14,27000
5148,F-14,27010
5149,F-14,27027
5150,F-14,27037
5151,F-14,27040
5152,F-14,27044
5153,F-14,27049
5154,F-14,27050
5155,F-14,27060
5156,F-14,27072
5157,F-14,27075
5158,F-14,27099
5159,F-14,27108
5160,F-14,27116
5161,F-14,27138
5162,F-14,27141
5163,F-14,27164
5164,F-14,27173
5165,F-14,27177
5166,F-14,27179
5167,F-14,27182
5168,F-14,27203
5169,F-14,27228
5170,F-14,27250
5171,F-14,27255
5172,F-14,27256
5173,F-14,27300
5174,F-14,27311
5175,F-14,27312
5176,F-14,27326
5177,F-14,27357
5178,F-14,27360
5179,F-14,27367
5180,F-14,27371
5181,F-14,27375
5182,F-14,27383
5183,F-14,27385
5184,F-14,27402
5185,F-14,27421
5186,F-14,27422
5187,F-14,27423
5188,F-14,27442
5189,F-14,27455
5190,F-14,27458
5191,F-14,27461
5192,F-14,27481
5193,F-14,27482
5194,F-14,27511
5195,F-14,27512
5196,F-14,27524
5197,F-14,27539
5198,F-14,27560
5199,F-14,27573
5200,F-14,27575
5201,F-14,27592
5202,F-14,27644
5203,F-14,27654
5204,F-14,27678
5205,F-14,27691
5206,F-14,27695
5207,F-14,27709
5208,F-14,27723
5209,F-14,27730
5210,F-14,27733
5211,F-14,27761
5212,F-14,27764
5213,F-14,27795
5214,F-14,27799
5215,F-14,27821
5216,F-14,27824
5217,F-14,27833
5218,F-14,27840
5219,F-14,27862
5220,F-14,27874
5221,F-14,27879
5222,F-14,27886
5223,F-14,27901
5224,F-14,27922
5225,F-14,27925
5226,F-14,27942
5227,F-14,27980
5228,F-14,28035
5229,F-14,28036
5230,F-14,28040
5231,F-14,28055
5232,F-14,28061
5233,F-14,28062
5234,F-14,28064
5235,F-14,28066
5236,F-14,28072
5237,F-14,28121
5238,F-14,28138
5239,F-14,28140
5240,F-14,28155
5241,F-14,28160
5242,F-14,28174
5243,F-14,28176
5244,F-14,28191
5245,F-14,28205
5246,F-14,28207
5247,F-14,28210
5248,F-14,28220
5249,F-14,28227
5250,F-14,28231
5251,F-14,28237
5252,F-14,28239
5253,F-14,28250
5254,F-14,28254
5255,F-14,28262
5256,F-14,28288
5257,F-14,28289
5258,F-14,28306
5259,F-14,28348
5260,F-14,28351
5261,F-14,28374
5262,F-14,28392
5263,F-14,28398
5264,F-14,28402
5265,F-14,28414
5266,F-14,28415
5267,F-14,28424
5268,F-14,28430
5269,F-14,28439
5270,F-14,28451
5271,F-14,28468
5272,F-14,28472
5273,F-14,28475
5274,F-14,28514
5275,F-14,28519
5276,F-14,28536
5277,F-14,28556
5278,F-14,28572
5279,F-14,28584
5280,F-14,28599
5281,F-14,28601
5282,F-14,28612
5283,F-14,28622
5284,F-14,28630
5285,F-14,28646
5286,F-14,28671
5287,F-14,28674
5288,F-14,28677
5289,F-14,28678
5290,F-14,28680
5291,F-14,28696
5292,F-14,28699
5293,F-14,28709
5294,F-14,28713
5295,F-14,28734
5296,F-14,28751
5297,F-14,28753
5298,F-14,28755
5299,F-14,28776
5300,F-14,28798
5301,F-14,28811
5302,F-14,28819
5303,F-14,28822
5304,F-14,28827
5305,F-14,28831
5306,F-14,28838
5307,F-14,28849
5308,F-14,28872
5309,F-14,28880
5310,F-14,28884
5311,F-14,28898
5312,F-14,28909
5313,F-14,28918
5314,F-14,28922
5315,F-14,28940
5316,F-14,28941
5317,F-14,28946
5318,F-14,28950
5319,F-14,28952
5320,F-14,28974
5321,F-14,28980
5322,F-14,28991
5323,F-14,28997
5324,F-14,29027
5325,F-14,29038
5326,F-14,29040
5327,F-14,29041
5328,F-14,29052
5329,F-14,29055
5330,F-14,29067
5331,F-14,29075
5332,F-14,29081
5333,F-14,29083
5334,F-14,29112
5335,F-14,29129
5336,F-14,29134
5337,F-14,29141
5338,F-14,29144
5339,F-14,29152
5340,F-14,29153
5341,F-14,29169
5342,F-14,29210
5343,F-14,29217
5344,F-14,29229
5345,F-14,29281
5346,F-14,29283
5347,F-14,29296
5348,F-14,29301
5349,F-14,29322
5350,F-14,29340
5351,F-14,29351
5352,F-14,29361
5353,F-14,29362
5354,F-14,29371
5355,F-14,29390
5356,F-14,29399
5357,F-14,29407
5358,F-14,29422
5359,F-14,29482
5360,F-14,29492
5361,F-14,29496
5362,F-14,29500
5363,F-14,29503
5364,F-14,29508
5365,F-14,29535
5366,F-14,29582
5367,F-14,29602
5368,F-14,29609
5369,F-14,29614
5370,F-14,29617
5371,F-14,29625
5372,F-14,29626
5373,F-14,29639
5374,F-14,29644
5375,F-14,29646
5376,F-14,29647
5377,F-14,29655
5378,F-14,29661
5379,F-14,29664
5380,F-14,29677
5381,F-14,29688
5382,F-14,29690
5383,F-14,29713
5384,F-14,29720
5385,F-14,29728
5386,F-14,29736
5387,F-14,29738
5388,F-14,29744
5389,F-14,29755
5390,F-14,29758
5391,F-14,29769
5392,F-14,29779
5393,F-14,29809
5394,F-14,29822
5395,F-14,29831
5396,F-14,29834
5397,F-14,29848
5398,F-14,29850
5399,F-14,29861
5400,F-14,29871
5401,F-14,29877
5402,F-14,29889
5403,F-14,29891
5404,F-14,29893
5405,F-14,29895
5406,F-14,29897
5407,F-14,29919
5408,F-14,29921
5409,F-14,29949
5410,F-14,29973
5411,F-14,29980
5412,F-14,29991
5413,F-14,30006
5414,F-14,30009
5415,F-14,30010
5416,F-14,30015
5417,F-14,30026
5418,F-14,30027
5419,F-14,30054
5420,F-14,30058
5421,F-14,30071
5422,F-14,30082
5423,F-14,30107
5424,F-14,30111
5425,F-14,30115
5426,F-14,30122
5427,F-14,30146
5428,F-14,30152
5429,F-14,30163
5430,F-14,30181
5431,F-14,30201
5432,F-14,30206
5433,F-14,30211
5434,F-14,30212
5435,F-14,30213
5436,F-14,30227
5437,F-14,30230
5438,F-14,30236
5439,F-14,30245
5440,F-14,30257
5441,F-14,30290
5442,F-14,30303
5443,F-14,30326
5444,F-14,30328
5445,F-14,30337
5446,F-14,30344
5447,F-14,30378
5448,F-14,30380
5449,F-14,30382
5450,F-14,30397
5451,F-14,30402
5452,F-14,30409
5453,F-14,30410
5454,F-14,30421
5455,F-14,30425
5456,F-14,30468
5457,F-14,30479
5458,F-14,30504
5459,F-14,30511
5460,F-14,30517
5461,F-14,30541
5462,F-14,30578
5463,F-14,30624
5464,F-14,30626
5465,F-14,30637
5466,F-14,30638
5467,F-14,30641
5468,F-14,30665
5469,F-14,30689
5470,F-14,30696
5471,F-14,30717
5472,F-14,30726
5473,F-14,30728
5474,F-14,30732
5475,F-14,30735
5476,F-14,30748
5477,F-14,30755
5478,F-14,30760
5479,F-14,30788
5480,F-14,30797
5481,F-14,30813
5482,F-14,30819
5483,F-14,30832
5484,F-14,30838
5485,F-14,30841
5486,F-14,30858
5487,F-14,30865
5488,F-14,30892
5489,F-14,30898
5490,F-14,30907
5491,F-14,30912
5492,F-14,30917
5493,F-14,30926
5494,F-14,30930
5495,F-14,30937
5496,F-14,30951
5497,F-14,30986
5498,F-14,30987
5499,F-14,30990
5500,F-14,31003
5501,F-14,31013
5502,F-14,31016
5503,F-14,31028
5504,F-14,31061
5505,F-14,31062
5506,F-14,31063
5507,F-14,31080
5508,F-14,31108
5509,F-14,31111
5510,F-14,31120
5511,F-14,31142
5512,F-14,31160
5513,F-14,31203
5514,F-14,31207
5515,F-14,31211
5516,F-14,31223
5517,F-14,31237
5518,F-14,31238
5519,F-14,31261
5520,F-14,31277
5521,F-14,31285
5522,F-14,31292
5523,F-14,31296
5524,F-14,31314
5525,F-14,31315
5526,F-14,31317
5527,F-14,31324
5528,F-14,31335
5529,F-14,31339
5530,F-14,31351
5531,F-14,31356
5532,F-14,31361
5533,F-14,31378
5534,F-14,31380
5535,F-14,31389
5536,F-14,31393
5537,F-14,31442
5538,F-14,31459
5539,F-14,31486
5540,F-14,31489
5541,F-14,31504
5542,F-14,31517
5543,F-14,31530
5544,F-14,31538
5545,F-14,31558
5546,F-14,31560
5547,F-14,31600
5548,F-14,31604
5549,F-14,31610
5550,F-14,31613
5551,F-14,31641
5552,F-14,31650
5553,F-14,31653
5554,F-14,31675
5555,F-14,31682
5556,F-14,31709
5557,F-14,31758
5558,F-14,31759
5559,F-14,31774
5560,F-14,31801
5561,F-14,31803
5562,F-14,31814
5563,F-14,31861
5564,F-14,31873
5565,F-14,31874
5566,F-14,31892
5567,F-14,31905
5568,F-14,31909
5569,F-14,31926
5570,F-14,31942
5571,F-14,31955
5572,F-14,31969
5573,F-14,31972
5574,F-14,31995
5575,F-14,32008
5576,F-14,32010
5577,F-14,32016
5578,F-14,32019
5579,F-14,32030
5580,F-14,32068
5581,F-14,32078
5582,F-14,32093
5583,F-14,32103
5584,F-14,32122
5585,F-14,32126
5586,F-14,32142
5587,F-14,32145
5588,F-14,32150
5589,F-14,32153
5590,F-14,32156
5591,F-14,32161
5592,F-14,32170
5593,F-14,32172
5594,F-14,32182
5595,F-14,32192
5596,F-14,32199
5597,F-14,32203
5598,F-14,32204
5599,F-14,32212
5600,F-14,32223
5601,F-14,32252
5602,F-14,32253
5603,F-14,32271
5604,F-14,32286
5605,F-14,32299
5606,F-14,32343
5607,F-14,32352
5608,F-14,32366
5609,F-14,32398
5610,F-14,32402
5611,F-14,32408
5612,F-14,32417
5613,F-14,32420
5614,F-14,32429
5615,F-14,32431
5616,F-14,32439
5617,F-14,32451
5618,F-14,32456
5619,F-14,32467
5620,F-14,32473
5621,F-14,32477
5622,F-14,32482
5623,F-14,32491
5624,F-14,32496
5625,F-14,32507
5626,F-14,32513
5627,F-14,32516
5628,F-14,32529
5629,F-14,32535
5630,F-14,32552
5631,F-14,32555
5632,F-14,32556
5633,F-14,32561
5634,F-14,32565
5635,F-14,32568
5636,F-14,32585
5637,F-14,32588
5638,F-14,32595
5639,F-14,32596
5640,F-14,32603
5641,F-14,32607
5642,F-14,32609
5643,F-14,32623
5644,F-14,32627
5645,F-14,32649
5646,F-14,32653
5647,F-14,32665
5648,F-14,32669
5649,F-14,32674
5650,F-14,32692
5651,F-14,32695
5652,F-14,32699
5653,F-14,32712
5654,F-14,32714
5655,F-14,32715
5656,F-14,32719
5657,F-14,32722
5658,F-14,32724
5659,F-14,32725
5660,F-14,32729
5661,F-14,32737
5662,F-14,32759
5663,F-14,32776
5664,F-14,32778
5665,F-14,32783
5666,F-14,32794
5667,F-14,32809
5668,F-14,32820
5669,F-14,32836
5670,F-14,32837
5671,F-14,32842
5672,F-14,32867
5673,F-14,32873
5674,F-14,32874
5675,F-14,32877
5676,F-14,32887
5677,F-14,32903
5678,F-14,32906
5679,F-14,32938
5680,F-14,32941
5681,F-14,32958
5682,F-14,32962
5683,F-14,32964
5684,F-14,32982
5685,F-14,32987
5686,F-14,32991
5687,F-14,32994
5688,F-14,32995
5689,F-14,32997
5690,F-14,33025
5691,F-14,33052
5692,F-14,33057
5693,F-14,33060
5694,F-14,33079
5695,F-14,33081
5696,F-14,33100
5697,F-14,33115
5698,F-14,33136
5699,F-14,33157
5700,F-14,33161
5701,F-14,33165
5702,F-14,33166
5703,F-14,33181
5704,F-14,33190
5705,F-14,33199
5706,F-14,33202
5707,F-14,33205
5708,F-14,33220
5709,F-14,33224
5710,F-14,33231
5711,F-14,33253
5712,F-14,33265
5713,F-14,33274
5714,F-14,33275
5715,F-14,33276
5716,F-14,33293
5717,F-14,33385
5718,F-14,33419
5719,F-14,33425
5720,F-14,33427
5721,F-14,33442
5722,F-14,33455
5723,F-14,33484
5724,F-14,33504
5725,F-14,33505
5726,F-14,33506
5727,F-14,33516
5728,F-14,33551
5729,F-14,33578
5730,F-14,33581
5731,F-14,33589
5732,F-14,33606
5733,F-14,33661
5734,F-14,33662
5735,F-14,33668
5736,F-14,33685
5737,F-14,33702
5738,F-14,33735
5739,F-14,33740
5740,F-14,33743
5741,F-14,33761
5742,F-14,33764
5743,F-14,33772
5744,F-14,33780
5745,F-14,33784
5746,F-14,33786
5747,F-14,33787
5748,F-14,33789
5749,F-14,33798
5750,F-14,33803
5751,F-14,33821
5752,F-14,33824
5753,F-14,33837
5754,F-14,33840
5755,F-14,33852
5756,F-14,33861
5757,F-14,33862
5758,F-14,33871
5759,F-14,33901
5760,F-14,33925
5761,F-14,33933
5762,F-14,33965
5763,F-14,33966
5764,F-14,33985
5765,F-14,33987
5766,F-14,33992
5767,F-14,34005
5768,F-14,34011
5769,F-14,34022
5770,F-14,34024
5771,F-14,34031
5772,F-14,34046
5773,F-14,34050
5774,F-14,34054
5775,F-14,34062
5776,F-14,34069
5777,F-14,34090
5778,F-14,34107
5779,F-14,34182
5780,F-14,34186
5781,F-14,34190
5782,F-14,34221
5783,F-14,34233
5784,F-14,34234
5785,F-14,34242
5786,F-14,34261
5787,F-14,34278
5788,F-14,34280
5789,F-14,34281
5790,F-14,34292
5791,F-14,34301
5792,F-14,34365
5793,F-14,34367
5794,F-14,34380
5795,F-14,34383
5796,F-14,34390
5797,F-14,34402
5798,F-14,34435
5799,F-14,34441
5800,F-14,34442
5801,F-14,34522
5802,F-14,34526
5803,F-14,34547
5804,F-14,34564
5805,F-14,34571
5806,F-14,34581
5807,F-14,34615
5808,F-14,34626
5809,F-14,34628
5810,F-14,34634
5811,F-14,34694
5812,F-14,34712
5813,F-14,34715
5814,F-14,34759
5815,F-14,34780
5816,F-14,34804
5817,F-14,34837
5818,F-14,34859
5819,F-14,34866
5820,F-14,34874
5821,F-14,34889
5822,F-14,34896
5823,F-14,34908
5824,F-14,34919
5825,F-14,34927
5826,F-14,34986
5827,F-14,35000
5828,F-14,35003
5829,F-14,35005
5830,F-14,35008
5831,F-14,35029
5832,F-14,35040
5833,F-14,35051
5834,F-14,35064
5835,F-14,35066
5836,F-14,35072
5837,F-14,35080
5838,F-14,35086
5839,F-14,35087
5840,F-14,35111
5841,F-14,35112
5842,F-14,35119
5843,F-14,35120
5844,F-14,35149
5845,F-14,35162
5846,F-14,35182
5847,F-14,35186
5848,F-14,35195
5849,F-14,35199
5850,F-14,35220
5851,F-14,35231
5852,F-14,35240
5853,F-14,35241
5854,F-14,35243
5855,F-14,35256
5856,F-14,35258
5857,F-14,35266
5858,F-14,35275
5859,F-14,35299
5860,F-14,35306
5861,F-14,35311
5862,F-14,35313
5863,F-14,35325
5864,F-14,35330
5865,F-14,35376
5866,F-14,35393
5867,F-14,35398
5868,F-14,35404
5869,F-14,35411
5870,F-14,35418
5871,F-14,35421
5872,F-14,35444
5873,F-14,35462
5874,F-14,35467
5875,F-14,35471
5876,F-14,35493
5877,F-14,35494
5878,F-14,35520
5879,F-14,35528
5880,F-14,35529
5881,F-14,35534
5882,F-14,35556
5883,F-14,35564
5884,F-14,35574
5885,F-14,35579
5886,F-14,35584
5887,F-14,35609
5888,F-14,35639
5889,F-14,35640
5890,F-14,35654
5891,F-14,35675
5892,F-14,35699
5893,F-14,35707
5894,F-14,35731
5895,F-14,35755
5896,F-14,35758
5897,F-14,35788
5898,F-14,35795
5899,F-14,35800
5900,F-14,35802
5901,F-14,35805
5902,F-14,35813
5903,F-14,35837
5904,F-14,35854
5905,F-14,35870
5906,F-14,35916
5907,F-14,35921
5908,F-14,35922
5909,F-14,35933
5910,F-14,35947
5911,F-14,35965
5912,F-14,35990
5913,F-14,36013
5914,F-14,36030
5915,F-14,36039
5916,F-14,36046
5917,F-14,36053
5918,F-14,36075
5919,F-14,36078
5920,F-14,36108
5921,F-14,36119
5922,F-14,36123
5923,F-14,36128
5924,F-14,36132
5925,F-14,36133
5926,F-14,36140
5927,F-14,36154
5928,F-14,36157
5929,F-14,36174
5930,F-14,36180
5931,F-14,36193
5932,F-14,36195
5933,F-14,36196
5934,F-14,36201
5935,F-14,36218
5936,F-14,36253
5937,F-14,36265
5938,F-14,36272
5939,F-14,36288
5940,F-14,36298
5941,F-14,36304
5942,F-14,36314
5943,F-14,36323
5944,F-14,36326
5945,F-14,36336
5946,F-14,36350
5947,F-14,36351
5948,F-14,36374
5949,F-14,36375
5950,F-14,36396
5951,F-14,36405
5952,F-14,36416
5953,F-14,36461
5954,F-14,36491
5955,F-14,36501
5956,F-14,36505
5957,F-14,36509
5958,F-14,36512
5959,F-14,36525
5960,F-14,36537
5961,F-14,36544
5962,F-14,36550
5963,F-14,36557
5964,F-14,36576
5965,F-14,36606
5966,F-14,36618
5967,F-14,36633
5968,F-14,36658
5969,F-14,36660
5970,F-14,36679
5971,F-14,36682
5972,F-14,36696
5973,F-14,36700
5974,F-14,36702
5975,F-14,36711
5976,F-14,36714
5977,F-14,36727
5978,F-14,36736
5979,F-14,36738
5980,F-14,36752
5981,F-14,36753
5982,F-14,36761
5983,F-14,36768
5984,F-14,36771
5985,F-14,36772
5986,F-14,36773
5987,F-14,36819
5988,F-14,36851
5989,F-14,36856
5990,F-14,36858
5991,F-14,36863
5992,F-14,36869
5993,F-14,36881
5994,F-14,36896
5995,F-14,36899
5996,F-14,36905
5997,F-14,36906
5998,F-14,36912
5999,F-14,36919
6000,F-14,36926
6001,F-14,36927
6002,F-14,36932
6003,F-14,36937
6004,F-14,36940
6005,F-14,36953
6006,F-14,36964
6007,F-14,36991
6008,F-14,37001
6009,F-14,37055
6010,F-14,37062
6011,F-14,37082
6012,F-14,37107
6013,F-14,37123
6014,F-14,37138
6015,F-14,37151
6016,F-14,37167
6017,F-14,37184
6018,F-14,37189
6019,F-14,37197
6020,F-14,37198
6021,F-14,37210
6022,F-14,37220
6023,F-14,37241
6024,F-14,37243
6025,F-14,37268
6026,F-14,37276
6027,F-14,37328
6028,F-14,37332
6029,F-14,37342
6030,F-14,37343
6031,F-14,37383
6032,F-14,37394
6033,F-14,37399
6034,F-14,37405
6035,F-14,37408
6036,F-14,37428
6037,F-14,37450
6038,F-14,37455
6039,F-14,37464
6040,F-14,37466
6041,F-14,37480
6042,F-14,37487
6043,F-14,37498
6044,F-14,37499
6045,F-14,37514
6046,F-14,37522
6047,F-14,37595
6048,F-14,37598
6049,F-14,37601
6050,F-14,37602
6051,F-14,37603
6052,F-14,37605
6053,F-14,37619
6054,F-14,37637
6055,F-14,37656
6056,F-14,37665
6057,F-14,37682
6058,F-14,37694
6059,F-14,37696
6060,F-14,37700
6061,F-14,37714
6062,F-14,37720
6063,F-14,37734
6064,F-14,37753
6065,F-14,37754
6066,F-14,37760
6067,F-14,37762
6068,F-14,37771
6069,F-14,37827
6070,F-14,37846
6071,F-14,37858
6072,F-14,37883
6073,F-14,37889
6074,F-14,37907
6075,F-14,37909
6076,F-14,37911
6077,F-14,37924
6078,F-14,37935
6079,F-14,37948
6080,F-14,37962
6081,F-14,37965
6082,F-14,37975
6083,F-14,37982
6084,F-14,38034
6085,F-14,38045
6086,F-14,38046
6087,F-14,38059
6088,F-14,38071
6089,F-14,38076
6090,F-14,38080
6091,F-14,38094
6092,F-14,38115
6093,F-14,38146
6094,F-14,38156
6095,F-14,38164
6096,F-14,38177
6097,F-14,38196
6098,F-14,38197
6099,F-14,38217
6100,F-14,38237
6101,F-14,38244
6102,F-14,38250
6103,F-14,38260
6104,F-14,38269
6105,F-14,38271
6106,F-14,38287
6107,F-14,38292
6108,F-14,38327
6109,F-14,38334
6110,F-14,38339
6111,F-14,38346
6112,F-14,38352
6113,F-14,38370
6114,F-14,38376
6115,F-14,38411
6116,F-14,38422
6117,F-14,38424
6118,F-14,38444
6119,F-14,38488
6120,F-14,38489
6121,F-14,38513
6122,F-14,38535
6123,F-14,38544
6124,F-14,38557
6125,F-14,38568
6126,F-14,38577
6127,F-14,38596
6128,F-14,38627
6129,F-14,38636
6130,F-14,38639
6131,F-14,38643
6132,F-14,38655
6133,F-14,38671
6134,F-14,38678
6135,F-14,38682
6136,F-14,38692
6137,F-14,38706
6138,F-14,38707
6139,F-14,38721
6140,F-14,38739
6141,F-14,38748
6142,F-14,38755
6143,F-14,38764
6144,F-14,38781
6145,F-14,38802
6146,F-14,38806
6147,F-14,38871
6148,F-14,38879
6149,F-14,38881
6150,F-14,38886
6151,F-14,38899
6152,F-14,38902
6153,F-14,38948
6154,F-14,38956
6155,F-14,38970
6156,F-14,38983
6157,F-14,39000
6158,F-14,39022
6159,F-14,39023
6160,F-14,39026
6161,F-14,39039
6162,F-14,39052
6163,F-14,39063
6164,F-14,39071
6165,F-14,39081
6166,F-14,39097
6167,F-14,39110
6168,F-14,39112
6169,F-14,39171
6170,F-14,39178
6171,F-14,39182
6172,F-14,39204
6173,F-14,39216
6174,F-14,39239
6175,F-14,39250
6176,F-14,39270
6177,F-14,39285
6178,F-14,39286
6179,F-14,39309
6180,F-14,39312
6181,F-14,39332
6182,F-14,39337
6183,F-14,39340
6184,F-14,39379
6185,F-14,39396
6186,F-14,39413
6187,F-14,39417
6188,F-14,39418
6189,F-14,39422
6190,F-14,39436
6191,F-14,39448
6192,F-14,39455
6193,F-14,39457
6194,F-14,39458
6195,F-14,39480
6196,F-14,39485
6197,F-14,39491
6198,F-14,39494
6199,F-14,39499
6200,F-14,39506
6201,F-14,39511
6202,F-14,39536
6203,F-14,39549
6204,F-14,39558
6205,F-14,39568
6206,F-14,39570
6207,F-14,39572
6208,F-14,39573
6209,F-14,39582
6210,F-14,39607
6211,F-14,39619
6212,F-14,39624
6213,F-14,39626
6214,F-14,39633
6215,F-14,39665
6216,F-14,39690
6217,F-14,39691
6218,F-14,39692
6219,F-14,39706
6220,F-14,39713
6221,F-14,39714
6222,F-14,39715
6223,F-14,39724
6224,F-14,39725
6225,F-14,39749
6226,F-14,39759
6227,F-14,39764
6228,F-14,39766
6229,F-14,39775
6230,F-14,39793
6231,F-14,39799
6232,F-14,39810
6233,F-14,39813
6234,F-14,39818
6235,F-14,39822
6236,F-14,39824
6237,F-14,39835
6238,F-14,39838
6239,F-14,39839
6240,F-14,39847
6241,F-14,39854
6242,F-14,39857
6243,F-14,39869
6244,F-14,39878
6245,F-14,39891
6246,F-14,39946
6247,F-14,39974
6248,F-14,40008
6249,F-14,40023
6250,F-14,40037
6251,F-14,40039
6252,F-14,40058
6253,F-14,40065
6254,F-14,40077
6255,F-14,40129
6256,F-14,40133
6257,F-14,40148
6258,F-14,40150
6259,F-14,40153
6260,F-14,40169
6261,F-14,40178
6262,F-14,40192
6263,F-14,40203
6264,F-14,40237
6265,F-14,40244
6266,F-14,40248
6267,F-14,40254
6268,F-14,40257
6269,F-14,40260
6270,F-14,40283
6271,F-14,40306
6272,F-14,40317
6273,F-14,40319
6274,F-14,40323
6275,F-14,40324
6276,F-14,40326
6277,F-14,40337
6278,F-14,40356
6279,F-14,40358
6280,F-14,40384
6281,F-14,40389
6282,F-14,40397
6283,F-14,40430
6284,F-14,40435
6285,F-14,40438
6286,F-14,40446
6287,F-14,40470
6288,F-14,40490
6289,F-14,40507
6290,F-14,40526
6291,F-14,40528
6292,F-14,40543
6293,F-14,40547
6294,F-14,40571
6295,F-14,40593
6296,F-14,40608
6297,F-14,40655
6298,F-14,40660
6299,F-14,40667
6300,F-14,40669
6301,F-14,40688
6302,F-14,40691
6303,F-14,40702
6304,F-14,40703
6305,F-14,40717
6306,F-14,40742
6307,F-14,40749
6308,F-14,40762
6309,F-14,40768
6310,F-14,40810
6311,F-14,40812
6312,F-14,40818
6313,F-14,40834
6314,F-14,40848
6315,F-14,40855
6316,F-14,40860
6317,F-14,40882
6318,F-14,40887
6319,F-14,40892
6320,F-14,40919
6321,F-14,40924
6322,F-14,40933
6323,F-14,40972
6324,F-14,40973
6325,F-14,41002
6326,F-14,41037
6327,F-14,41052
6328,F-14,41056
6329,F-14,41069
6330,F-14,41072
6331,F-14,41074
6332,F-14,41075
6333,F-14,41078
6334,F-14,41087
6335,F-14,41105
6336,F-14,41108
6337,F-14,41119
6338,F-14,41120
6339,F-14,41152
6340,F-14,41199
6341,F-14,41212
6342,F-14,41241
6343,F-14,41266
6344,F-14,41277
6345,F-14,41282
6346,F-14,41293
6347,F-14,41296
6348,F-14,41301
6349,F-14,41317
6350,F-14,41332
6351,F-14,41342
6352,F-14,41344
6353,F-14,41375
6354,F-14,41389
6355,F-14,41403
6356,F-14,41407
6357,F-14,41417
6358,F-14,41435
6359,F-14,41446
6360,F-14,41463
6361,F-14,41466
6362,F-14,41481
6363,F-14,41489
6364,F-14,41514
6365,F-14,41523
6366,F-14,41536
6367,F-14,41540
6368,F-14,41544
6369,F-14,41575
6370,F-14,41585
6371,F-14,41590
6372,F-14,41605
6373,F-14,41621
6374,F-14,41626
6375,F-14,41628
6376,F-14,41668
6377,F-14,41672
6378,F-14,41702
6379,F-14,41711
6380,F-14,41725
6381,F-14,41728
6382,F-14,41737
6383,F-14,41783
6384,F-14,41788
6385,F-14,41799
6386,F-14,41800
6387,F-14,41846
6388,F-14,41849
6389,F-14,41864
6390,F-14,41913
6391,F-14,41917
6392,F-14,41937
6393,F-14,41943
6394,F-14,41979
6395,F-14,41999
6396,F-14,42007
6397,F-14,42038
6398,F-14,42049
6399,F-14,42078
6400,F-14,42080
6401,F-14,42133
6402,F-14,42143
6403,F-14,42161
6404,F-14,42164
6405,F-14,42170
6406,F-14,42180
6407,F-14,42183
6408,F-14,42190
6409,F-14,42210
6410,F-14,42213
6411,F-14,42224
6412,F-14,42232
6413,F-14,42240
6414,F-14,42242
6415,F-14,42246
6416,F-14,42289
6417,F-14,42294
6418,F-14,42299
6419,F-14,42350
6420,F-14,42354
6421,F-14,42356
6422,F-14,42362
6423,F-14,42374
6424,F-14,42390
6425,F-14,42401
6426,F-14,42413
6427,F-14,42447
6428,F-14,42463
6429,F-14,42465
6430,F-14,42486
6431,F-14,42488
6432,F-14,42517
6433,F-14,42539
6434,F-14,42544
6435,F-14,42549
6436,F-14,42559
6437,F-14,42568
6438,F-14,42579
6439,F-14,42601
6440,F-14,42605
6441,F-14,42622
6442,F-14,42631
6443,F-14,42674
6444,F-14,42679
6445,F-14,42693
6446,F-14,42696
6447,F-14,42700
6448,F-14,42719
6449,F-14,42720
6450,F-14,42733
6451,F-14,42738
6452,F-14,42743
6453,F-14,42762
6454,F-14,42789
6455,F-14,42796
6456,F-14,42798
6457,F-14,42805
6458,F-14,42839
6459,F-14,42840
6460,F-14,42857
6461,F-14,42862
6462,F-14,42863
6463,F-14,42867
6464,F-14,42871
6465,F-14,42882
6466,F-14,42883
6467,F-14,42886
6468,F-14,42894
6469,F-14,42907
6470,F-14,42915
6471,F-14,42918
6472,F-14,42935
6473,F-14,42939
6474,F-14,42948
6475,F-14,42950
6476,F-14,42952
6477,F-14,42954
6478,F-14,42956
6479,F-14,42994
6480,F-14,43000
6481,F-14,43014
6482,F-14,43024
6483,F-14,43026
6484,F-14,43031
6485,F-14,43032
6486,F-14,43041
6487,F-14,43044
6488,F-14,43077
6489,F-14,43098
6490,F-14,43120
6491,F-14,43123
6492,F-14,43141
6493,F-14,43142
6494,F-14,43151
6495,F-14,43154
6496,F-14,43155
6497,F-14,43168
6498,F-14,43178
6499,F-14,43183
6500,F-14,43196
6501,F-14,43206
6502,F-14,43215
6503,F-14,43227
6504,F-14,43228
6505,F-14,43238
6506,F-14,43242
6507,F-14,43295
6508,F-14,43309
6509,F-14,43328
6510,F-14,43329
6511,F-14,43330
6512,F-14,43343
6513,F-14,43353
6514,F-14,43361
6515,F-14,43366
6516,F-14,43376
6517,F-14,43382
6518,F-14,43386
6519,F-14,43423
6520,F-14,43429
6521,F-14,43432
6522,F-14,43448
6523,F-14,43466
6524,F-14,43467
6525,F-14,43470
6526,F-14,43477
6527,F-14,43480
6528,F-14,43484
6529,F-14,43505
6530,F-14,43507
6531,F-14,43508
6532,F-14,43513
6533,F-14,43529
6534,F-14,43535
6535,F-14,43563
6536,F-14,43567
6537,F-14,43593
6538,F-14,43632
6539,F-14,43646
6540,F-14,43664
6541,F-14,43673
6542,F-14,43692
6543,F-14,43699
6544,F-14,43721
6545,F-14,43746
6546,F-14,43747
6547,F-14,43748
6548,F-14,43794
6549,F-14,43806
6550,F-14,43809
6551,F-14,43814
6552,F-14,43816
6553,F-14,43818
6554,F-14,43820
6555,F-14,43829
6556,F-14,43835
6557,F-14,43852
6558,F-14,43861
6559,F-14,43882
6560,F-14,43895
6561,F-14,43925
6562,F-14,43939
6563,F-14,43941
6564,F-14,43944
6565,F-14,43953
6566,F-14,43988
6567,F-14,44000
6568,F-14,44008
6569,F-14,44022
6570,F-14,44035
6571,F-14,44051
6572,F-14,44089
6573,F-14,44102
6574,F-14,44107
6575,F-14,44162
6576,F-14,44181
6577,F-14,44195
6578,F-14,44197
6579,F-14,44198
6580,F-14,44213
6581,F-14,44215
6582,F-14,44229
6583,F-14,44239
6584,F-14,44250
6585,F-14,44272
6586,F-14,44280
6587,F-14,44293
6588,F-14,44332
6589,F-14,44335
6590,F-14,44336
6591,F-14,44350
6592,F-14,44356
6593,F-14,44365
6594,F-14,44382
6595,F-14,44386
6596,F-14,44400
6597,F-14,44413
6598,F-14,44415
6599,F-14,44452
6600,F-14,44465
6601,F-14,44466
6602,F-14,44476
6603,F-14,44490
6604,F-14,44493
6605,F-14,44506
6606,F-14,44541
6607,F-14,44546
6608,F-14,44564
6609,F-14,44573
6610,F-14,44579
6611,F-14,44594
6612,F-14,44611
6613,F-14,44621
6614,F-14,44622
6615,F-14,44641
6616,F-14,44657
6617,F-14,44659
6618,F-14,44667
6619,F-14,44681
6620,F-14,44697
6621,F-14,44730
6622,F-14,44745
6623,F-14,44746
6624,F-14,44751
6625,F-14,44752
6626,F-14,44753
6627,F-14,44768
6628,F-14,44773
6629,F-14,44776
6630,F-14,44784
6631,F-14,44788
6632,F-14,44791
6633,F-14,44814
6634,F-14,44820
6635,F-14,44830
6636,F-14,44845
6637,F-14,44870
6638,F-14,44884
6639,F-14,44901
6640,F-14,44903
6641,F-14,44916
6642,F-14,44921
6643,F-14,44928
6644,F-14,44935
6645,F-14,44946
6646,F-14,44948
6647,F-14,44961
6648,F-14,44962
6649,F-14,44969
6650,F-14,44971
6651,F-14,44985
6652,F-14,44991
6653,F-14,45010
6654,F-14,45016
6655,F-14,45033
6656,F-14,45041
6657,F-14,45043
6658,F-14,45045
6659,F-14,45053
6660,F-14,45058
6661,F-14,45084
6662,F-14,45095
6663,F-14,45099
6664,F-14,45106
6665,F-14,45131
6666,F-14,45135
6667,F-14,45145
6668,F-14,45158
6669,F-14,45162
6670,F-14,45164
6671,F-14,45181
6672,F-14,45182
6673,F-14,45199
6674,F-14,45210
6675,F-14,45219
6676,F-14,45229
6677,F-14,45239
6678,F-14,45250
6679,F-14,45253
6680,F-14,45259
6681,F-14,45284
6682,F-14,45294
6683,F-14,45301
6684,F-14,45308
6685,F-14,45330
6686,F-14,45440
6687,F-14,45442
6688,F-14,45448
6689,F-14,45450
6690,F-14,45462
6691,F-14,45470
6692,F-14,45473
6693,F-14,45485
6694,F-14,45505
6695,F-14,45510
6696,F-14,45522
6697,F-14,45547
6698,F-14,45555
6699,F-14,45559
6700,F-14,45562
6701,F-14,45584
6702,F-14,45630
6703,F-14,45666
6704,F-14,45675
6705,F-14,45686
6706,F-14,45742
6707,F-14,45764
6708,F-14,45775
6709,F-14,45780
6710,F-14,45793
6711,F-14,45801
6712,F-14,45807
6713,F-14,45810
6714,F-14,45811
6715,F-14,45818
6716,F-14,45821
6717,F-14,45847
6718,F-14,45850
6719,F-14,45852
6720,F-14,45861
6721,F-14,45865
6722,F-14,45908
6723,F-14,45923
6724,F-14,45938
6725,F-14,45941
6726,F-14,45950
6727,F-14,45951
6728,F-14,45953
6729,F-14,45974
6730,F-14,46011
6731,F-14,46012
6732,F-14,46044
6733,F-14,46048
6734,F-14,46051
6735,F-14,46082
6736,F-14,46083
6737,F-14,46096
6738,F-14,46098
6739,F-14,46123
6740,F-14,46134
6741,F-14,46146
6742,F-14,46151
6743,F-14,46156
6744,F-14,46157
6745,F-14,46186
6746,F-14,46195
6747,F-14,46203
6748,F-14,46210
6749,F-14,46215
6750,F-14,46219
6751,F-14,46220
6752,F-14,46226
6753,F-14,46239
6754,F-14,46240
6755,F-14,46286
6756,F-14,46302
6757,F-14,46312
6758,F-14,46344
6759,F-14,46353
6760,F-14,46363
6761,F-14,46364
6762,F-14,46369
6763,F-14,46377
6764,F-14,46411
6765,F-14,46417
6766,F-14,46422
6767,F-14,46435
6768,F-14,46438
6769,F-14,46439
6770,F-14,46440
6771,F-14,46455
6772,F-14,46460
6773,F-14,46461
6774,F-14,46462
6775,F-14,46466
6776,F-14,46490
6777,F-14,46508
6778,F-14,46518
6779,F-14,46539
6780,F-14,46550
6781,F-14,46571
6782,F-14,46593
6783,F-14,46608
6784,F-14,46609
6785,F-14,46645
6786,F-14,46669
6787,F-14,46672
6788,F-14,46700
6789,F-14,46707
6790,F-14,46717
6791,F-14,46739
6792,F-14,46741
6793,F-14,46748
6794,F-14,46760
6795,F-14,46763
6796,F-14,46764
6797,F-14,46775
6798,F-14,46781
6799,F-14,46804
6800,F-14,46806
6801,F-14,46822
6802,F-14,46850
6803,F-14,46859
6804,F-14,46861
6805,F-14,46863
6806,F-14,46868
6807,F-14,46882
6808,F-14,46905
6809,F-14,46912
6810,F-14,46941
6811,F-14,46957
6812,F-14,46964
6813,F-14,46972
6814,F-14,46990
6815,F-14,47008
6816,F-14,47012
6817,F-14,47014
6818,F-14,47018
6819,F-14,47031
6820,F-14,47039
6821,F-14,47040
6822,F-14,47058
6823,F-14,47073
6824,F-14,47091
6825,F-14,47106
6826,F-14,47120
6827,F-14,47134
6828,F-14,47189
6829,F-14,47211
6830,F-14,47213
6831,F-14,47221
6832,F-14,47235
6833,F-14,47243
6834,F-14,47254
6835,F-14,47265
6836,F-14,47271
6837,F-14,47283
6838,F-14,47286
6839,F-14,47303
6840,F-14,47314
6841,F-14,47341
6842,F-14,47342
6843,F-14,47345
6844,F-14,47362
6845,F-14,47364
6846,F-14,47365
6847,F-14,47369
6848,F-14,47385
6849,F-14,47422
6850,F-14,47447
6851,F-14,47450
6852,F-14,47456
6853,F-14,47463
6854,F-14,47471
6855,F-14,47474
6856,F-14,47483
6857,F-14,47484
6858,F-14,47487
6859,F-14,47521
6860,F-14,47543
6861,F-14,47563
6862,F-14,47598
6863,F-14,47599
6864,F-14,47606
6865,F-14,47613
6866,F-14,47620
6867,F-14,47627
6868,F-14,47630
6869,F-14,47633
6870,F-14,47636
6871,F-14,47637
6872,F-14,47654
6873,F-14,47668
6874,F-14,47671
6875,F-14,47677
6876,F-14,47703
6877,F-14,47706
6878,F-14,47712
6879,F-14,47722
6880,F-14,47730
6881,F-14,47734
6882,F-14,47748
6883,F-14,47772
6884,F-14,47788
6885,F-14,47799
6886,F-14,47815
6887,F-14,47842
6888,F-14,47851
6889,F-14,47857
6890,F-14,47859
6891,F-14,47874
6892,F-14,47891
6893,F-14,47892
6894,F-14,47911
6895,F-14,47913
6896,F-14,47925
6897,F-14,47942
6898,F-14,47944
6899,F-14,47968
6900,F-14,48014
6901,F-14,48018
6902,F-14,48021
6903,F-14,48029
6904,F-14,48032
6905,F-14,48037
6906,F-14,48057
6907,F-14,48087
6908,F-14,48091
6909,F-14,48136
6910,F-14,48142
6911,F-14,48158
6912,F-14,48166
6913,F-14,48167
6914,F-14,48176
6915,F-14,48193
6916,F-14,48234
6917,F-14,48242
6918,F-14,48255
6919,F-14,48257
6920,F-14,48262
6921,F-14,48270
6922,F-14,48306
6923,F-14,48321
6924,F-14,48322
6925,F-14,48325
6926,F-14,48338
6927,F-14,48344
6928,F-14,48358
6929,F-14,48385
6930,F-14,48406
6931,F-14,48415
6932,F-14,48424
6933,F-14,48431
6934,F-14,48441
6935,F-14,48443
6936,F-14,48476
6937,F-14,48506
6938,F-14,48522
6939,F-14,48544
6940,F-14,48571
6941,F-14,48577
6942,F-14,48581
6943,F-14,48602
6944,F-14,48634
6945,F-14,48642
6946,F-14,48649
6947,F-14,48650
6948,F-14,48652
6949,F-14,48655
6950,F-14,48657
6951,F-14,48662
6952,F-14,48664
6953,F-14,48679
6954,F-14,48683
6955,F-14,48688
6956,F-14,48691
6957,F-14,48714
6958,F-14,48720
6959,F-14,48727
6960,F-14,48728
6961,F-14,48734
6962,F-14,48754
6963,F-14,48768
6964,F-14,48780
6965,F-14,48793
6966,F-14,48838
6967,F-14,48846
6968,F-14,48853
6969,F-14,48867
6970,F-14,48879
6971,F-14,48880
6972,F-14,48885
6973,F-14,48922
6974,F-14,48926
6975,F-14,48960
6976,F-14,48973
6977,F-14,48976
6978,F-14,48996
6979,F-14,49002
6980,F-14,49006
6981,F-14,49012
6982,F-14,49015
6983,F-14,49028
6984,F-14,49030
6985,F-14,49039
6986,F-14,49044
6987,F-14,49054
6988,F-14,49056
6989,F-14,49077
6990,F-14,49081
6991,F-14,49084
6992,F-14,49101
6993,F-14,49105
6994,F-14,49140
6995,F-14,49153
6996,F-14,49168
6997,F-14,49194
6998,F-14,49201
6999,F-14,49234
7000,F-14,49235
7001,F-14,49237
7002,F-14,49261
7003,F-14,49262
7004,F-14,49267
7005,F-14,49268
7006,F-14,49271
7007,F-14,49280
7008,F-14,49290
7009,F-14,49292
7010,F-14,49295
7011,F-14,49300
7012,F-14,49310
7013,F-14,49313
7014,F-14,49336
7015,F-14,49340
7016,F-14,49342
7017,F-14,49344
7018,F-14,49345
7019,F-14,49374
7020,F-14,49386
7021,F-14,49397
7022,F-14,49398
7023,F-14,49402
7024,F-14,49404
7025,F-14,49407
7026,F-14,49417
7027,F-14,49420
7028,F-14,49439
7029,F-14,49446
7030,F-14,49465
7031,F-14,49476
7032,F-14,49480
7033,F-14,49486
7034,F-14,49491
7035,F-14,49498
7036,F-14,49509
7037,F-14,49510
7038,F-14,49534
7039,F-14,49549
7040,F-14,49624
7041,F-14,49650
7042,F-14,49657
7043,F-14,49668
7044,F-14,49671
7045,F-14,49675
7046,F-14,49678
7047,F-14,49695
7048,F-14,49762
7049,F-14,49765
7050,F-14,49796
7051,F-14,49804
7052,F-14,49808
7053,F-14,49812
7054,F-14,49829
7055,F-14,49836
7056,F-14,49897
7057,F-14,49903
7058,F-14,49907
7059,F-14,49908
7060,F-14,49909
7061,F-14,49910
7062,F-14,49931
7063,F-14,49933
7064,F-14,49942
7065,F-14,49951
7066,F-14,49955
7067,F-14,49993
7068,F-14,50005
7069,F-14,50012
7070,F-14,50071
7071,F-14,50075
7072,F-14,50076
7073,F-14,50085
7074,F-14,50088
7075,F-14,50146
7076,F-14,50185
7077,F-14,50187
7078,F-14,50188
7079,F-14,50195
7080,F-14,50200
7081,F-14,50207
7082,F-14,50216
7083,F-14,50217
7084,F-14,50219
7085,F-14,50222
7086,F-14,50224
7087,F-14,50255
7088,F-14,50293
7089,F-14,50310
7090,F-14,50319
7091,F-14,50328
7092,F-14,50334
7093,F-14,50381
7094,F-14,50386
7095,F-14,50399
7096,F-14,50406
7097,F-14,50427
7098,F-14,50429
7099,F-14,50448
7100,F-14,50453
7101,F-14,50459
7102,F-14,50483
7103,F-14,50493
7104,F-14,50495
7105,F-14,50501
7106,F-14,50504
7107,F-14,50506
7108,F-14,50519
7109,F-14,50522
7110,F-14,50526
7111,F-14,50549
7112,F-14,50562
7113,F-14,50578
7114,F-14,50605
7115,F-14,50611
7116,F-14,50612
7117,F-14,50617
7118,F-14,50621
7119,F-14,50629
7120,F-14,50643
7121,F-14,50658
7122,F-14,50662
7123,F-14,50673
7124,F-14,50675
7125,F-14,50740
7126,F-14,50744
7127,F-14,50758
7128,F-14,50767
7129,F-14,50769
7130,F-14,50785
7131,F-14,50794
7132,F-14,50795
7133,F-14,50810
7134,F-14,50813
7135,F-14,50833
7136,F-14,50835
7137,F-14,50870
7138,F-14,50918
7139,F-14,50923
7140,F-14,50929
7141,F-14,50936
7142,F-14,50949
7143,F-14,50952
7144,F-14,50967
7145,F-14,50968
7146,F-14,50974
7147,F-14,50990
7148,F-14,51000
7149,F-14,51006
7150,F-14,51016
7151,F-14,51049
7152,F-14,51059
7153,F-14,51064
7154,F-14,51080
7155,F-14,51081
7156,F-14,51090
7157,F-14,51118
7158,F-14,51130
7159,F-14,51178
7160,F-14,51182
7161,F-14,51191
7162,F-14,51192
7163,F-14,51266
7164,F-14,51282
7165,F-14,51288
7166,F-14,51291
7167,F-14,51304
7168,F-14,51317
7169,F-14,51320
7170,F-14,51373
7171,F-14,51377
7172,F-14,51396
7173,F-14,51398
7174,F-14,51399
7175,F-14,51429
7176,F-14,51456
7177,F-14,51481
7178,F-14,51490
7179,F-14,51493
7180,F-14,51510
7181,F-14,51517
7182,F-14,51522
7183,F-14,51529
7184,F-14,51548
7185,F-14,51549
7186,F-14,51554
7187,F-14,51574
7188,F-14,51583
7189,F-14,51587
7190,F-14,51600
7191,F-14,51610
7192,F-14,51619
7193,F-14,51648
7194,F-14,51656
7195,F-14,51720
7196,F-14,51730
7197,F-14,51739
7198,F-14,51751
7199,F-14,51757
7200,F-14,51773
7201,F-14,51791
7202,F-14,51822
7203,F-14,51824
7204,F-14,51833
7205,F-14,51837
7206,F-14,51852
7207,F-14,51867
7208,F-14,51877
7209,F-14,51878
7210,F-14,51884
7211,F-14,51902
7212,F-14,51918
7213,F-14,51956
7214,F-14,51964
7215,F-14,51972
7216,F-14,51992
7217,F-14,52003
7218,F-14,52013
7219,F-14,52027
7220,F-14,52034
7221,F-14,52043
7222,F-14,52045
7223,F-14,52047
7224,F-14,52057
7225,F-14,52059
7226,F-14,52062
7227,F-14,52070
7228,F-14,52095
7229,F-14,52121
7230,F-14,52123
7231,F-14,52136
7232,F-14,52139
7233,F-14,52155
7234,F-14,52162
7235,F-14,52198
7236,F-14,52210
7237,F-14,52214
7238,F-14,52216
7239,F-14,52224
7240,F-14,52233
7241,F-14,52256
7242,F-14,52264
7243,F-14,52275
7244,F-14,52282
7245,F-14,52295
7246,F-14,52310
7247,F-14,52311
7248,F-14,52314
7249,F-14,52318
7250,F-14,52334
7251,F-14,52340
7252,F-14,52348
7253,F-14,52373
7254,F-14,52375
7255,F-14,52376
7256,F-14,52388
7257,F-14,52392
7258,F-14,52406
7259,F-14,52414
7260,F-14,52418
7261,F-14,52424
7262,F-14,52442
7263,F-14,52443
7264,F-14,52448
7265,F-14,52499
7266,F-14,52517
7267,F-14,52524
7268,F-14,52533
7269,F-14,52534
7270,F-14,52551
7271,F-14,52570
7272,F-14,52608
7273,F-14,52609
7274,F-14,52616
7275,F-14,52621
7276,F-14,52625
7277,F-14,52633
7278,F-14,52644
7279,F-14,52651
7280,F-14,52665
7281,F-14,52679
7282,F-14,52681
7283,F-14,52685
7284,F-14,52687
7285,F-14,52720
7286,F-14,52725
7287,F-14,52728
7288,F-14,52743
7289,F-14,52749
7290,F-14,52756
7291,F-14,52762
7292,F-14,52770
7293,F-14,52787
7294,F-14,52803
7295,F-14,52817
7296,F-14,52846
7297,F-14,52854
7298,F-14,52855
7299,F-14,52859
7300,F-14,52864
7301,F-14,52891
7302,F-14,52914
7303,F-14,52915
7304,F-14,52930
7305,F-14,52948
7306,F-14,52964
7307,F-14,52973
7308,F-14,52974
7309,F-14,52989
7310,F-14,52992
7311,F-14,53008
7312,F-14,53035
7313,F-14,53037
7314,F-14,53041
7315,F-14,53042
7316,F-14,53044
7317,F-14,53046
7318,F-14,53063
7319,F-14,53069
7320,F-14,53073
7321,F-14,53083
7322,F-14,53087
7323,F-14,53129
7324,F-14,53136
7325,F-14,53146
7326,F-14,53212
7327,F-14,53245
7328,F-14,53251
7329,F-14,53263
7330,F-14,53272
7331,F-14,53291
7332,F-14,53327
7333,F-14,53329
7334,F-14,53350
7335,F-14,53355
7336,F-14,53358
7337,F-14,53364
7338,F-14,53376
7339,F-14,53381
7340,F-14,53403
7341,F-14,53415
7342,F-14,53423
7343,F-14,53428
7344,F-14,53443
7345,F-14,53448
7346,F-14,53449
7347,F-14,53452
7348,F-14,53459
7349,F-14,53463
7350,F-14,53498
7351,F-14,53505
7352,F-14,53513
7353,F-14,53534
7354,F-14,53554
7355,F-14,53558
7356,F-14,53562
7357,F-14,53576
7358,F-14,53612
7359,F-14,53659
7360,F-14,53663
7361,F-14,53665
7362,F-14,53694
7363,F-14,53700
7364,F-14,53704
7365,F-14,53729
7366,F-14,53771
7367,F-14,53785
7368,F-14,53810
7369,F-14,53819
7370,F-14,53889
7371,F-14,53891
7372,F-14,53895
7373,F-14,53899
7374,F-14,53924
7375,F-14,53938
7376,F-14,53952
7377,F-14,53955
7378,F-14,53966
7379,F-14,53970
7380,F-14,53978
7381,F-14,53989
7382,F-14,54012
7383,F-14,54013
7384,F-14,54023
7385,F-14,54039
7386,F-14,54042
7387,F-14,54101
7388,F-14,54115
7389,F-14,54127
7390,F-14,54167
7391,F-14,54188
7392,F-14,54195
7393,F-14,54202
7394,F-14,54217
7395,F-14,54267
7396,F-14,54286
7397,F-14,54287
7398,F-14,54303
7399,F-14,54319
7400,F-14,54333
7401,F-14,54345
7402,F-14,54350
7403,F-14,54360
7404,F-14,54367
7405,F-14,54373
7406,F-14,54377
7407,F-14,54378
7408,F-14,54387
7409,F-14,54390
7410,F-14,54403
7411,F-14,54416
7412,F-14,54434
7413,F-14,54437
7414,F-14,54441
7415,F-14,54480
7416,F-14,54482
7417,F-14,54485
7418,F-14,54506
7419,F-14,54509
7420,F-14,54511
7421,F-14,54518
7422,F-14,54524
7423,F-14,54527
7424,F-14,54539
7425,F-14,54551
7426,F-14,54564
7427,F-14,54575
7428,F-14,54607
7429,F-14,54621
7430,F-14,54626
7431,F-14,54645
7432,F-14,54672
7433,F-14,54673
7434,F-14,54683
7435,F-14,54690
7436,F-14,54697
7437,F-14,54704
7438,F-14,54707
7439,F-14,54717
7440,F-14,54719
7441,F-14,54720
7442,F-14,54723
7443,F-14,54735
7444,F-14,54738
7445,F-14,54745
7446,F-14,54761
7447,F-14,54772
7448,F-14,54798
7449,F-14,54805
7450,F-14,54834
7451,F-14,54835
7452,F-14,54836
7453,F-14,54840
7454,F-14,54842
7455,F-14,54849
7456,F-14,54856
7457,F-14,54859
7458,F-14,54899
7459,F-14,54901
7460,F-14,54911
7461,F-14,54923
7462,F-14,54954
7463,F-14,54958
7464,F-14,54960
7465,F-14,54973
7466,F-14,54991
7467,F-14,54996
7468,F-14,55008
7469,F-14,55035
7470,F-14,55062
7471,F-14,55070
7472,F-14,55078
7473,F-14,55079
7474,F-14,55092
7475,F-14,55105
7476,F-14,55121
7477,F-14,55123
7478,F-14,55126
7479,F-14,55129
7480,F-14,55136
7481,F-14,55143
7482,F-14,55162
7483,F-14,55170
7484,F-14,55177
7485,F-14,55181
7486,F-14,55189
7487,F-14,55205
7488,F-14,55210
7489,F-14,55213
7490,F-14,55218
7491,F-14,55224
7492,F-14,55238
7493,F-14,55240
7494,F-14,55257
7495,F-14,55260
7496,F-14,55265
7497,F-14,55280
7498,F-14,55296
7499,F-14,55313
7500,F-14,55318
7501,F-14,55329
7502,F-14,55335
7503,F-14,55357
7504,F-14,55361
7505,F-14,55365
7506,F-14,55382
7507,F-14,55392
7508,F-14,55394
7509,F-14,55399
7510,F-14,55404
7511,F-14,55419
7512,F-14,55440
7513,F-14,55442
7514,F-14,55455
7515,F-14,55471
7516,F-14,55517
7517,F-14,55528
7518,F-14,55533
7519,F-14,55562
7520,F-14,55567
7521,F-14,55576
7522,F-14,55582
7523,F-14,55590
7524,F-14,55644
7525,F-14,55661
7526,F-14,55670
7527,F-14,55676
7528,F-14,55692
7529,F-14,55699
7530,F-14,55702
7531,F-14,55706
7532,F-14,55726
7533,F-14,55727
7534,F-14,55734
7535,F-14,55741
7536,F-14,55747
7537,F-14,55750
7538,F-14,55751
7539,F-14,55759
7540,F-14,55769
7541,F-14,55797
7542,F-14,55835
7543,F-14,55845
7544,F-14,55862
7545,F-14,55866
7546,F-14,55875
7547,F-14,55877
7548,F-14,55878
7549,F-14,55933
7550,F-14,55942
7551,F-14,55953
7552,F-14,55954
7553,F-14,55988
7554,F-14,55992
7555,F-14,55993
7556,F-14,56031
7557,F-14,56038
7558,F-14,56070
7559,F-14,56101
7560,F-14,56114
7561,F-14,56140
7562,F-14,56145
7563,F-14,56146
7564,F-14,56155
7565,F-14,56174
7566,F-14,56214
7567,F-14,56239
7568,F-14,56240
7569,F-14,56241
7570,F-14,56256
7571,F-14,56269
7572,F-14,56280
7573,F-14,56289
7574,F-14,56316
7575,F-14,56336
7576,F-14,56344
7577,F-14,56349
7578,F-14,56354
7579,F-14,56369
7580,F-14,56378
7581,F-14,56383
7582,F-14,56397
7583,F-14,56413
7584,F-14,56420
7585,F-14,56423
7586,F-14,56425
7587,F-14,56434
7588,F-14,56457
7589,F-14,56475
7590,F-14,56478
7591,F-14,56488
7592,F-14,56493
7593,F-14,56494
7594,F-14,56503
7595,F-14,56505
7596,F-14,56516
7597,F-14,56523
7598,F-14,56529
7599,F-14,56547
7600,F-14,56550
7601,F-14,56551
7602,F-14,56561
7603,F-14,56571
7604,F-14,56600
7605,F-14,56604
7606,F-14,56607
7607,F-14,56621
7608,F-14,56634
7609,F-14,56645
7610,F-14,56657
7611,F-14,56662
7612,F-14,56676
7613,F-14,56681
7614,F-14,56684
7615,F-14,56728
7616,F-14,56742
7617,F-14,56744
7618,F-14,56771
7619,F-14,56785
7620,F-14,56832
7621,F-14,56841
7622,F-14,56849
7623,F-14,56852
7624,F-14,56877
7625,F-14,56887
7626,F-14,56891
7627,F-14,56896
7628,F-14,56900
7629,F-14,56917
7630,F-14,56933
7631,F-14,56937
7632,F-14,56946
7633,F-14,56975
7634,F-14,57000
7635,F-14,57042
7636,F-14,57056
7637,F-14,57065
7638,F-14,57071
7639,F-14,57086
7640,F-14,57094
7641,F-14,57101
7642,F-14,57115
7643,F-14,57163
7644,F-14,57176
7645,F-14,57203
7646,F-14,57227
7647,F-14,57229
7648,F-14,57231
7649,F-14,57236
7650,F-14,57237
7651,F-14,57238
7652,F-14,57240
7653,F-14,57246
7654,F-14,57247
7655,F-14,57249
7656,F-14,57255
7657,F-14,57268
7658,F-14,57272
7659,F-14,57276
7660,F-14,57278
7661,F-14,57279
7662,F-14,57280
7663,F-14,57293
7664,F-14,57305
7665,F-14,57329
7666,F-14,57334
7667,F-14,57342
7668,F-14,57347
7669,F-14,57375
7670,F-14,57395
7671,F-14,57408
7672,F-14,57425
7673,F-14,57428
7674,F-14,57436
7675,F-14,57440
7676,F-14,57452
7677,F-14,57465
7678,F-14,57475
7679,F-14,57484
7680,F-14,57521
7681,F-14,57552
7682,F-14,57569
7683,F-14,57598
7684,F-14,57609
7685,F-14,57618
7686,F-14,57619
7687,F-14,57643
7688,F-14,57657
7689,F-14,57660
7690,F-14,57677
7691,F-14,57681
7692,F-14,57687
7693,F-14,57706
7694,F-14,57731
7695,F-14,57732
7696,F-14,57748
7697,F-14,57754
7698,F-14,57759
7699,F-14,57761
7700,F-14,57780
7701,F-14,57816
7702,F-14,57825
7703,F-14,57826
7704,F-14,57844
7705,F-14,57847
7706,F-14,57849
7707,F-14,57919
7708,F-14,57933
7709,F-14,57940
7710,F-14,57956
7711,F-14,57965
7712,F-14,57977
7713,F-14,57979
7714,F-14,57981
7715,F-14,57983
7716,F-14,57993
7717,F-14,58003
7718,F-14,58019
7719,F-14,58025
7720,F-14,58043
7721,F-14,58095
7722,F-14,58109
7723,F-14,58118
7724,F-14,58120
7725,F-14,58122
7726,F-14,58124
7727,F-14,58125
7728,F-14,58133
7729,F-14,58167
7730,F-14,58194
7731,F-14,58202
7732,F-14,58235
7733,F-14,58239
7734,F-14,58259
7735,F-14,58269
7736,F-14,58271
7737,F-14,58314
7738,F-14,58325
7739,F-14,58329
7740,F-14,58331
7741,F-14,58337
7742,F-14,58346
7743,F-14,58348
7744,F-14,58350
7745,F-14,58371
7746,F-14,58392
7747,F-14,58394
7748,F-14,58400
7749,F-14,58401
7750,F-14,58406
7751,F-14,58436
7752,F-14,58442
7753,F-14,58473
7754,F-14,58503
7755,F-14,58513
7756,F-14,58533
7757,F-14,58550
7758,F-14,58572
7759,F-14,58580
7760,F-14,58597
7761,F-14,58606
7762,F-14,58612
7763,F-14,58615
7764,F-14,58616
7765,F-14,58642
7766,F-14,58649
7767,F-14,58654
7768,F-14,58680
7769,F-14,58699
7770,F-14,58709
7771,F-14,58715
7772,F-14,58734
7773,F-14,58735
7774,F-14,58744
7775,F-14,58750
7776,F-14,58786
7777,F-14,58796
7778,F-14,58808
7779,F-14,58829
7780,F-14,58846
7781,F-14,58850
7782,F-14,58854
7783,F-14,58856
7784,F-14,58861
7785,F-14,58873
7786,F-14,58890
7787,F-14,58894
7788,F-14,58902
7789,F-14,58916
7790,F-14,58928
7791,F-14,58962
7792,F-14,58996
7793,F-14,59023
7794,F-14,59042
7795,F-14,59049
7796,F-14,59052
7797,F-14,59075
7798,F-14,59076
7799,F-14,59096
7800,F-14,59098
7801,F-14,59107
7802,F-14,59108
7803,F-14,59111
7804,F-14,59129
7805,F-14,59145
7806,F-14,59153
7807,F-14,59189
7808,F-14,59190
7809,F-14,59202
7810,F-14,59203
7811,F-14,59211
7812,F-14,59212
7813,F-14,59222
7814,F-14,59238
7815,F-14,59242
7816,F-14,59249
7817,F-14,59294
7818,F-14,59344
7819,F-14,59346
7820,F-14,59351
7821,F-14,59367
7822,F-14,59374
7823,F-14,59378
7824,F-14,59416
7825,F-14,59432
7826,F-14,59464
7827,F-14,59467
7828,F-14,59480
7829,F-14,59486
7830,F-14,59487
7831,F-14,59489
7832,F-14,59490
7833,F-14,59493
7834,F-14,59497
7835,F-14,59502
7836,F-14,59517
7837,F-14,59540
7838,F-14,59546
7839,F-14,59569
7840,F-14,59590
7841,F-14,59634
7842,F-14,59646
7843,F-14,59651
7844,F-14,59672
7845,F-14,59689
7846,F-14,59691
7847,F-14,59700
7848,F-14,59716
7849,F-14,59721
7850,F-14,59727
7851,F-14,59728
7852,F-14,59739
7853,F-14,59753
7854,F-14,59765
7855,F-14,59769
7856,F-14,59771
7857,F-14,59797
7858,F-14,59802
7859,F-14,59833
7860,F-14,59837
7861,F-14,59838
7862,F-14,59843
7863,F-14,59865
7864,F-14,59872
7865,F-14,59878
7866,F-14,59881
7867,F-14,59894
7868,F-14,59900
7869,F-14,59913
7870,F-14,59914
7871,F-14,59952
7872,F-14,59961
7873,F-14,59969
7874,F-14,59974
7875,F-14,59984
7876,F-14,59995
7877,F-14,59998
7878,F-14,60002
7879,F-14,60003
7880,F-14,60006
7881,F-14,60039
7882,F-14,60046
7883,F-14,60058
7884,F-14,60062
7885,F-14,60070
7886,F-14,60123
7887,F-14,60142
7888,F-14,60151
7889,F-14,60168
7890,F-14,60170
7891,F-14,60189
7892,F-14,60201
7893,F-14,60202
7894,F-14,60204
7895,F-14,60215
7896,F-14,60219
7897,F-14,60264
7898,F-14,60291
7899,F-14,60338
7900,F-14,60365
7901,F-14,60366
7902,F-14,60375
7903,F-14,60378
7904,F-14,60381
7905,F-14,60395
7906,F-14,60401
7907,F-14,60404
7908,F-14,60414
7909,F-14,60433
7910,F-14,60474
7911,F-14,60482
7912,F-14,60499
7913,F-14,60502
7914,F-14,60504
7915,F-14,60524
7916,F-14,60540
7917,F-14,60547
7918,F-14,60553
7919,F-14,60555
7920,F-14,60588
7921,F-14,60593
7922,F-14,60595
7923,F-14,60609
7924,F-14,60611
7925,F-14,60632
7926,F-14,60660
7927,F-14,60671
7928,F-14,60680
7929,F-14,60702
7930,F-14,60705
7931,F-14,60716
7932,F-14,60719
7933,F-14,60720
7934,F-14,60726
7935,F-14,60727
7936,F-14,60732
7937,F-14,60747
7938,F-14,60757
7939,F-14,60759
7940,F-14,60769
7941,F-14,60784
7942,F-14,60789
7943,F-14,60811
7944,F-14,60815
7945,F-14,60831
7946,F-14,60836
7947,F-14,60871
7948,F-14,60872
7949,F-14,60882
7950,F-14,60886
7951,F-14,60897
7952,F-14,60911
7953,F-14,60934
7954,F-14,60942
7955,F-14,60944
7956,F-14,60955
7957,F-14,60978
7958,F-14,60996
7959,F-14,60997
7960,F-14,60998
7961,F-14,61000
7962,F-14,61005
7963,F-14,61016
7964,F-14,61021
7965,F-14,61024
7966,F-14,61032
7967,F-14,61046
7968,F-14,61055
7969,F-14,61067
7970,F-14,61072
7971,F-14,61073
7972,F-14,61081
7973,F-14,61096
7974,F-14,61097
7975,F-14,61118
7976,F-14,61119
7977,F-14,61131
7978,F-14,61134
7979,F-14,61140
7980,F-14,61167
7981,F-14,61169
7982,F-14,61176
7983,F-14,61181
7984,F-14,61186
7985,F-14,61196
7986,F-14,61200
7987,F-14,61203
7988,F-14,61210
7989,F-14,61212
7990,F-14,61220
7991,F-14,61266
7992,F-14,61282
7993,F-14,61283
7994,F-14,61293
7995,F-14,61299
7996,F-14,61300
7997,F-14,61321
7998,F-14,61323
7999,F-14,61367
8000,F-5,61406
8001,F-5,61409
8002,F-5,61416
8003,F-5,61423
8004,F-5,61438
8005,F-5,61446
8006,F-5,61447
8007,F-5,61451
8008,F-5,61455
8009,F-5,61459
8010,F-5,61463
8011,F-5,61467
8012,F-5,61477
8013,F-5,61480
8014,F-5,61485
8015,F-5,61508
8016,F-5,61509
8017,F-5,61514
8018,F-5,61516
8019,F-5,61519
8020,F-5,61520
8021,F-5,61523
8022,F-5,61524
8023,F-5,61529
8024,F-5,61531
8025,F-5,61532
8026,F-5,61536
8027,F-5,61540
8028,F-5,61545
8029,F-5,61555
8030,F-5,61561
8031,F-5,61562
8032,F-5,61565
8033,F-5,61569
8034,F-5,61570
8035,F-5,61571
8036,F-5,61574
8037,F-5,61581
8038,F-5,61585
8039,F-5,61594
8040,F-5,61596
8041,F-5,61601
8042,F-5,61606
8043,F-5,61610
8044,F-5,61613
8045,F-5,61628
8046,F-5,61630
8047,F-5,61634
8048,F-5,61638
8049,F-5,61643
8050,F-5,61644
8051,F-5,61649
8052,F-5,61656
8053,F-5,61660
8054,F-5,61661
8055,F-5,61662
8056,F-5,61665
8057,F-5,61675
8058,F-5,61690
8059,F-5,61691
8060,F-5,61701
8061,F-5,61703
8062,F-5,61712
8063,F-5,61713
8064,F-5,61715
8065,F-5,61716
8066,F-5,61728
8067,F-5,61738
8068,F-5,61740
8069,F-5,61744
8070,F-5,61746
8071,F-5,61748
8072,F-5,61766
8073,F-5,61771
8074,F-5,61775
8075,F-5,61778
8076,F-5,61784
8077,F-5,61789
8078,F-5,61793
8079,F-5,61794
8080,F-5,61795
8081,F-5,61800
8082,F-5,61803
8083,F-5,61810
8084,F-5,61818
8085,F-5,61820
8086,F-5,61821
8087,F-5,61824
8088,F-5,61839
8089,F-5,61844
8090,F-5,61850
8091,F-5,61857
8092,F-5,61858
8093,F-5,61861
8094,F-5,61862
8095,F-5,61874
8096,F-5,61875
8097,F-5,61879
8098,F-5,61886
8099,F-5,61892
8100,F-5,61893
8101,F-5,61894
8102,F-5,61895
8103,F-5,61900
8104,F-5,61904
8105,F-5,61906
8106,F-5,61908
8107,F-5,61909
8108,F-5,61919
8109,F-5,61929
8110,F-5,61937
8111,F-5,61938
8112,F-5,61946
8113,F-5,61949
8114,F-5,61950
8115,F-5,61952
8116,F-5,61953
8117,F-5,61960
8118,F-5,61962
8119,F-5,61965
8120,F-5,61971
8121,F-5,61972
8122,F-5,61980
8123,F-5,61982
8124,F-5,61984
8125,F-5,61989
8126,F-5,61992
8127,F-5,61993
8128,F-5,61994
8129,F-5,61998
8130,F-5,62000
8131,F-5,62003
8132,F-5,62009
8133,F-5,62013
8134,F-5,62017
8135,F-5,62018
8136,F-5,62019
8137,F-5,62021
8138,F-5,62023
8139,F-5,62026
8140,F-5,62030
8141,F-5,62031
8142,F-5,62040
8143,F-5,62048
8144,F-5,62050
8145,F-5,62052
8146,F-5,62055
8147,F-5,62063
8148,F-5,62064
8149,F-5,62067
8150,F-5,62069
8151,F-5,62072
8152,F-5,62078
8153,F-5,62088
8154,F-5,62094
8155,F-5,62104
8156,F-5,62106
8157,F-5,62114
8158,F-5,62116
8159,F-5,62118
8160,F-5,62131
8161,F-5,62136
8162,F-5,62144
8163,F-5,62156
8164,F-5,62166
8165,F-5,62170
8166,F-5,62175
8167,F-5,62187
8168,F-5,62192
8169,F-5,62197
8170,F-5,62199
8171,F-5,62201
8172,F-5,62207
8173,F-5,62214
8174,F-5,62218
8175,F-5,62220
8176,F-5,62222
8177,F-5,62224
8178,F-5,62226
8179,F-5,62228
8180,F-5,62231
8181,F-5,62233
8182,F-5,62240
8183,F-5,62242
8184,F-5,62244
8185,F-5,62245
8186,F-5,62246
8187,F-5,62256
8188,F-5,62257
8189,F-5,62260
8190,F-5,62261
8191,F-5,62262
8192,F-5,62265
8193,F-5,62268
8194,F-5,62278
8195,F-5,62279
8196,F-5,62286
8197,F-5,62288
8198,F-5,62292
8199,F-5,62295
8200,F-5,62303
8201,F-5,62315
8202,F-5,62316
8203,F-5,62318
8204,F-5,62319
8205,F-5,62321
8206,F-5,62325
8207,F-5,62338
8208,F-5,62340
8209,F-5,62342
8210,F-5,62343
8211,F-5,62346
8212,F-5,62356
8213,F-5,62357
8214,F-5,62361
8215,F-5,62362
8216,F-5,62364
8217,F-5,62366
8218,F-5,62378
8219,F-5,62379
8220,F-5,62385
8221,F-5,62392
8222,F-5,62393
8223,F-5,62397
8224,F-5,62406
8225,F-5,62413
8226,F-5,62414
8227,F-5,62419
8228,F-5,62420
8229,F-5,62426
8230,F-5,62428
8231,F-5,62460
8232,F-5,62461
8233,F-5,62463
8234,F-5,62477
8235,F-5,62487
8236,F-5,62490
8237,F-5,62497
8238,F-5,62502
8239,F-5,62504
8240,F-5,62510
8241,F-5,62512
8242,F-5,62520
8243,F-5,62521
8244,F-5,62522
8245,F-5,62524
8246,F-5,62527
8247,F-5,62540
8248,F-5,62542
8249,F-5,62543
8250,F-5,62544
8251,F-5,62548
8252,F-5,62552
8253,F-5,62553
8254,F-5,62560
8255,F-5,62561
8256,F-5,62575
8257,F-5,62576
8258,F-5,62595
8259,F-5,62598
8260,F-5,62600
8261,F-5,62608
8262,F-5,62610
8263,F-5,62611
8264,F-5,62612
8265,F-5,62615
8266,F-5,62621
8267,F-5,62628
8268,F-5,62633
8269,F-5,62636
8270,F-5,62637
8271,F-5,62649
8272,F-5,62654
8273,F-5,62655
8274,F-5,62660
8275,F-5,62668
8276,F-5,62671
8277,F-5,62676
8278,F-5,62678
8279,F-5,62686
8280,F-5,62698
8281,F-5,62704
8282,F-5,62706
8283,F-5,62710
8284,F-5,62722
8285,F-5,62726
8286,F-5,62732
8287,F-5,62734
8288,F-5,62738
8289,F-5,62742
8290,F-5,62750
8291,F-5,62754
8292,F-5,62755
8293,F-5,62756
8294,F-5,62760
8295,F-5,62762
8296,F-5,62763
8297,F-5,62777
8298,F-5,62778
8299,F-5,62783
8300,F-5,62787
8301,F-5,62792
8302,F-5,62795
8303,F-5,62799
8304,F-5,62801
8305,F-5,62804
8306,F-5,62821
8307,F-5,62822
8308,F-5,62828
8309,F-5,62841
8310,F-5,62842
8311,F-5,62843
8312,F-5,62847
8313,F-5,62848
8314,F-5,62853
8315,F-5,62855
8316,F-5,62861
8317,F-5,62868
8318,F-5,62873
8319,F-5,62874
8320,F-5,62880
8321,F-5,62882
8322,F-5,62888
8323,F-5,62892
8324,F-5,62894
8325,F-5,62895
8326,F-5,62905
8327,F-5,62916
8328,F-5,62921
8329,F-5,62926
8330,F-5,62930
8331,F-5,62935
8332,F-5,62943
8333,F-5,62946
8334,F-5,62948
8335,F-5,62959
8336,F-5,62960
8337,F-5,62962
8338,F-5,62969
8339,F-5,62971
8340,F-5,62987
8341,F-5,62989
8342,F-5,62990
8343,F-5,62998
8344,F-5,63002
8345,F-5,63007
8346,F-5,63020
8347,F-5,63025
8348,F-5,63029
8349,F-5,63030
8350,F-5,63031
8351,F-5,63033
8352,F-5,63036
8353,F-5,63037
8354,F-5,63044
8355,F-5,63046
8356,F-5,63052
8357,F-5,63053
8358,F-5,63057
8359,F-5,63066
8360,F-5,63072
8361,F-5,63082
8362,F-5,63083
8363,F-5,63085
8364,F-5,63092
8365,F-5,63100
8366,F-5,63104
8367,F-5,63106
8368,F-5,63110
8369,F-5,63114
8370,F-5,63117
8371,F-5,63118
8372,F-5,63119
8373,F-5,63121
8374,F-5,63122
8375,F-5,63133
8376,F-5,63139
8377,F-5,63163
8378,F-5,63169
8379,F-5,63170
8380,F-5,63181
8381,F-5,63187
8382,F-5,63193
8383,F-5,63195
8384,F-5,63196
8385,F-5,63197
8386,F-5,63202
8387,F-5,63203
8388,F-5,63230
8389,F-5,63231
8390,F-5,63233
8391,F-5,63238
8392,F-5,63246
8393,F-5,63252
8394,F-5,63256
8395,F-5,63258
8396,F-5,63260
8397,F-5,63271
8398,F-5,63278
8399,F-5,63283
8400,F-5,63290
8401,F-5,63295
8402,F-5,63297
8403,F-5,63304
8404,F-5,63310
8405,F-5,63322
8406,F-5,63325
8407,F-5,63327
8408,F-5,63330
8409,F-5,63334
8410,F-5,63338
8411,F-5,63342
8412,F-5,63348
8413,F-5,63354
8414,F-5,63364
8415,F-5,63366
8416,F-5,63370
8417,F-5,63371
8418,F-5,63372
8419,F-5,63378
8420,F-5,63394
8421,F-5,63398
8422,F-5,63401
8423,F-5,63402
8424,F-5,63405
8425,F-5,63412
8426,F-5,63422
8427,F-5,63427
8428,F-5,63428
8429,F-5,63435
8430,F-5,63440
8431,F-5,63441
8432,F-5,63443
8433,F-5,63449
8434,F-5,63471
8435,F-5,63474
8436,F-5,63475
8437,F-5,63479
8438,F-5,63486
8439,F-5,63489
8440,F-5,63492
8441,F-5,63498
8442,F-5,63499
8443,F-5,63501
8444,F-5,63502
8445,F-5,63506
8446,F-5,63510
8447,F-5,63523
8448,F-5,63525
8449,F-5,63526
8450,F-5,63529
8451,F-5,63530
8452,F-5,63531
8453,F-5,63532
8454,F-5,63533
8455,F-5,63544
8456,F-5,63550
8457,F-5,63557
8458,F-5,63558
8459,F-5,63563
8460,F-5,63567
8461,F-5,63570
8462,F-5,63573
8463,F-5,63584
8464,F-5,63591
8465,F-5,63594
8466,F-5,63595
8467,F-5,63597
8468,F-5,63598
8469,F-5,63603
8470,F-5,63608
8471,F-5,63611
8472,F-5,63612
8473,F-5,63617
8474,F-5,63624
8475,F-5,63625
8476,F-5,63631
8477,F-5,63637
8478,F-5,63640
8479,F-5,63646
8480,F-5,63652
8481,F-5,63654
8482,F-5,63656
8483,F-5,63666
8484,F-5,63671
8485,F-5,63673
8486,F-5,63677
8487,F-5,63681
8488,F-5,63687
8489,F-5,63689
8490,F-5,63691
8491,F-5,63697
8492,F-5,63698
8493,F-5,63708
8494,F-5,63714
8495,F-5,63716
8496,F-5,63717
8497,F-5,63723
8498,F-5,63744
8499,F-5,63747
8500,F-5,63748
8501,F-5,63749
8502,F-5,63753
8503,F-5,63754
8504,F-5,63759
8505,F-5,63762
8506,F-5,63766
8507,F-5,63770
8508,F-5,63773
8509,F-5,63782
8510,F-5,63791
8511,F-5,63800
8512,F-5,63813
8513,F-5,63817
8514,F-5,63823
8515,F-5,63824
8516,F-5,63829
8517,F-5,63830
8518,F-5,63832
8519,F-5,63839
8520,F-5,63846
8521,F-5,63851
8522,F-5,63862
8523,F-5,63865
8524,F-5,63867
8525,F-5,63868
8526,F-5,63877
8527,F-5,63880
8528,F-5,63885
8529,F-5,63888
8530,F-5,63898
8531,F-5,63913
8532,F-5,63914
8533,F-5,63915
8534,F-5,63916
8535,F-5,63917
8536,F-5,63920
8537,F-5,63925
8538,F-5,63936
8539,F-5,63938
8540,F-5,63943
8541,F-5,63945
8542,F-5,63946
8543,F-5,63947
8544,F-5,63948
8545,F-5,63950
8546,F-5,63954
8547,F-5,63955
8548,F-5,63956
8549,F-5,63957
8550,F-5,63965
8551,F-5,63973
8552,F-5,63977
8553,F-5,63981
8554,F-5,63983
8555,F-5,63987
8556,F-5,63988
8557,F-5,63991
8558,F-5,63992
8559,F-5,63996
8560,F-5,63999
8561,F-5,64002
8562,F-5,64005
8563,F-5,64006
8564,F-5,64009
8565,F-5,64015
8566,F-5,64018
8567,F-5,64022
8568,F-5,64029
8569,F-5,64031
8570,F-5,64034
8571,F-5,64043
8572,F-5,64046
8573,F-5,64051
8574,F-5,64056
8575,F-5,64061
8576,F-5,64066
8577,F-5,64070
8578,F-5,64078
8579,F-5,64087
8580,F-5,64099
8581,F-5,64104
8582,F-5,64105
8583,F-5,64113
8584,F-5,64116
8585,F-5,64118
8586,F-5,64120
8587,F-5,64124
8588,F-5,64128
8589,F-5,64129
8590,F-5,64132
8591,F-5,64133
8592,F-5,64145
8593,F-5,64160
8594,F-5,64173
8595,F-5,64176
8596,F-5,64183
8597,F-5,64184
8598,F-5,64191
8599,F-5,64198
8600,F-5,64201
8601,F-5,64202
8602,F-5,64205
8603,F-5,64208
8604,F-5,64212
8605,F-5,64221
8606,F-5,64228
8607,F-5,64240
8608,F-5,64243
8609,F-5,64244
8610,F-5,64245
8611,F-5,64263
8612,F-5,64264
8613,F-5,64267
8614,F-5,64268
8615,F-5,64270
8616,F-5,64277
8617,F-5,64297
8618,F-5,64314
8619,F-5,64322
8620,F-5,64328
8621,F-5,64335
8622,F-5,64336
8623,F-5,64346
8624,F-5,64357
8625,F-5,64359
8626,F-5,64360
8627,F-5,64365
8628,F-5,64369
8629,F-5,64374
8630,F-5,64379
8631,F-5,64383
8632,F-5,64388
8633,F-5,64389
8634,F-5,64394
8635,F-5,64397
8636,F-5,64402
8637,F-5,64404
8638,F-5,64408
8639,F-5,64412
8640,F-5,64421
8641,F-5,64422
8642,F-5,64424
8643,F-5,64428
8644,F-5,64430
8645,F-5,64431
8646,F-5,64433
8647,F-5,64438
8648,F-5,64440
8649,F-5,64442
8650,F-5,64454
8651,F-5,64476
8652,F-5,64479
8653,F-5,64480
8654,F-5,64482
8655,F-5,64487
8656,F-5,64489
8657,F-5,64492
8658,F-5,64494
8659,F-5,64503
8660,F-5,64509
8661,F-5,64510
8662,F-5,64529
8663,F-5,64532
8664,F-5,64540
8665,F-5,64546
8666,F-5,64551
8667,F-5,64555
8668,F-5,64563
8669,F-5,64566
8670,F-5,64575
8671,F-5,64576
8672,F-5,64585
8673,F-5,64588
8674,F-5,64593
8675,F-5,64595
8676,F-5,64597
8677,F-5,64598
8678,F-5,64612
8679,F-5,64619
8680,F-5,64632
8681,F-5,64653
8682,F-5,64654
8683,F-5,64659
8684,F-5,64661
8685,F-5,64666
8686,F-5,64670
8687,F-5,64671
8688,F-5,64672
8689,F-5,64675
8690,F-5,64679
8691,F-5,64681
8692,F-5,64682
8693,F-5,64683
8694,F-5,64686
8695,F-5,64696
8696,F-5,64697
8697,F-5,64724
8698,F-5,64726
8699,F-5,64733
8700,F-5,64737
8701,F-5,64741
8702,F-5,64750
8703,F-5,64752
8704,F-5,64761
8705,F-5,64762
8706,F-5,64764
8707,F-5,64770
8708,F-5,64776
8709,F-5,64778
8710,F-5,64787
8711,F-5,64789
8712,F-5,64798
8713,F-5,64799
8714,F-5,64801
8715,F-5,64805
8716,F-5,64819
8717,F-5,64820
8718,F-5,64825
8719,F-5,64828
8720,F-5,64829
8721,F-5,64834
8722,F-5,64835
8723,F-5,64837
8724,F-5,64840
8725,F-5,64843
8726,F-5,64848
8727,F-5,64855
8728,F-5,64856
8729,F-5,64868
8730,F-5,64873
8731,F-5,64874
8732,F-5,64880
8733,F-5,64885
8734,F-5,64887
8735,F-5,64891
8736,F-5,64896
8737,F-5,64898
8738,F-5,64900
8739,F-5,64902
8740,F-5,64903
8741,F-5,64909
8742,F-5,64915
8743,F-5,64916
8744,F-5,64922
8745,F-5,64935
8746,F-5,64936
8747,F-5,64942
8748,F-5,64944
8749,F-5,64951
8750,F-5,64957
8751,F-5,64962
8752,F-5,64965
8753,F-5,64972
8754,F-5,64974
8755,F-5,64975
8756,F-5,64992
8757,F-5,64997
8758,F-5,64998
8759,F-5,64999
8760,F-5,65002
8761,F-5,65003
8762,F-5,65012
8763,F-5,65014
8764,F-5,65024
8765,F-5,65030
8766,F-5,65033
8767,F-5,65037
8768,F-5,65041
8769,F-5,65043
8770,F-5,65049
8771,F-5,65051
8772,F-5,65054
8773,F-5,65064
8774,F-5,65066
8775,F-5,65076
8776,F-5,65077
8777,F-5,65085
8778,F-5,65090
8779,F-5,65095
8780,F-5,65096
8781,F-5,65097
8782,F-5,65105
8783,F-5,65108
8784,F-5,65112
8785,F-5,65118
8786,F-5,65123
8787,F-5,65124
8788,F-5,65125
8789,F-5,65130
8790,F-5,65135
8791,F-5,65141
8792,F-5,65144
8793,F-5,65146
8794,F-5,65150
8795,F-5,65153
8796,F-5,65161
8797,F-5,65166
8798,F-5,65168
8799,F-5,65187
8800,F-5,65189
8801,F-5,65191
8802,F-5,65202
8803,F-5,65210
8804,F-5,65223
8805,F-5,65224
8806,F-5,65227
8807,F-5,65232
8808,F-5,65233
8809,F-5,65234
8810,F-5,65235
8811,F-5,65239
8812,F-5,65240
8813,F-5,65249
8814,F-5,65260
8815,F-5,65261
8816,F-5,65268
8817,F-5,65270
8818,F-5,65277
8819,F-5,65278
8820,F-5,65286
8821,F-5,65295
8822,F-5,65296
8823,F-5,65298
8824,F-5,65302
8825,F-5,65310
8826,F-5,65329
8827,F-5,65332
8828,F-5,65336
8829,F-5,65339
8830,F-5,65345
8831,F-5,65349
8832,F-5,65369
8833,F-5,65373
8834,F-5,65380
8835,F-5,65399
8836,F-5,65415
8837,F-5,65426
8838,F-5,65429
8839,F-5,65433
8840,F-5,65441
8841,F-5,65444
8842,F-5,65449
8843,F-5,65451
8844,F-5,65452
8845,F-5,65455
8846,F-5,65457
8847,F-5,65458
8848,F-5,65461
8849,F-5,65462
8850,F-5,65464
8851,F-5,65469
8852,F-5,65472
8853,F-5,65476
8854,F-5,65477
8855,F-5,65482
8856,F-5,65490
8857,F-5,65495
8858,F-5,65501
8859,F-5,65516
8860,F-5,65521
8861,F-5,65523
8862,F-5,65524
8863,F-5,65526
8864,F-5,65537
8865,F-5,65542
8866,F-5,65543
8867,F-5,65553
8868,F-5,65554
8869,F-5,65558
8870,F-5,65563
8871,F-5,65567
8872,F-5,65569
8873,F-5,65570
8874,F-5,65572
8875,F-5,65574
8876,F-5,65575
8877,F-5,65579
8878,F-5,65580
8879,F-5,65581
8880,F-5,65590
8881,F-5,65594
8882,F-5,65599
8883,F-5,65613
8884,F-5,65614
8885,F-5,65617
8886,F-5,65626
8887,F-5,65627
8888,F-5,65633
8889,F-5,65637
8890,F-5,65652
8891,F-5,65663
8892,F-5,65672
8893,F-5,65674
8894,F-5,65676
8895,F-5,65682
8896,F-5,65686
8897,F-5,65690
8898,F-5,65704
8899,F-5,65709
8900,F-5,65712
8901,F-5,65716
8902,F-5,65717
8903,F-5,65718
8904,F-5,65735
8905,F-5,65742
8906,F-5,65743
8907,F-5,65744
8908,F-5,65745
8909,F-5,65747
8910,F-5,65754
8911,F-5,65756
8912,F-5,65758
8913,F-5,65759
8914,F-5,65762
8915,F-5,65769
8916,F-5,65772
8917,F-5,65776
8918,F-5,65777
8919,F-5,65778
8920,F-5,65780
8921,F-5,65786
8922,F-5,65787
8923,F-5,65790
8924,F-5,65794
8925,F-5,65801
8926,F-5,65803
8927,F-5,65812
8928,F-5,65813
8929,F-5,65825
8930,F-5,65836
8931,F-5,65843
8932,F-5,65846
8933,F-5,65856
8934,F-5,65861
8935,F-5,65868
8936,F-5,65871
8937,F-5,65875
8938,F-5,65883
8939,F-5,65884
8940,F-5,65885
8941,F-5,65901
8942,F-5,65903
8943,F-5,65904
8944,F-5,65910
8945,F-5,65913
8946,F-5,65915
8947,F-5,65922
8948,F-5,65927
8949,F-5,65937
8950,F-5,65938
8951,F-5,65939
8952,F-5,65943
8953,F-5,65945
8954,F-5,65952
8955,F-5,65958
8956,F-5,65962
8957,F-5,65963
8958,F-5,65968
8959,F-5,65972
8960,F-5,65973
8961,F-5,65978
8962,F-5,65979
8963,F-5,65987
8964,F-5,65988
8965,F-5,66010
8966,F-5,66011
8967,F-5,66017
8968,F-5,66023
8969,F-5,66036
8970,F-5,66039
8971,F-5,66052
8972,F-5,66054
8973,F-5,66058
8974,F-5,66063
8975,F-5,66065
8976,F-5,66067
8977,F-5,66068
8978,F-5,66072
8979,F-5,66074
8980,F-5,66087
8981,F-5,66090
8982,F-5,66093
8983,F-5,66094
8984,F-5,66115
8985,F-5,66118
8986,F-5,66128
8987,F-5,66134
8988,F-5,66139
8989,F-5,66146
8990,F-5,66156
8991,F-5,66158
8992,F-5,66160
8993,F-5,66167
8994,F-5,66170
8995,F-5,66174
8996,F-5,66175
8997,F-5,66180
8998,F-5,66182
8999,F-5,66185
9000,F-5,66186
9001,F-5,66194
9002,F-5,66195
9003,F-5,66198
9004,F-5,66200
9005,F-5,66209
9006,F-5,66222
9007,F-5,66226
9008,F-5,66228
9009,F-5,66236
9010,F-5,66247
9011,F-5,66251
9012,F-5,66261
9013,F-5,66262
9014,F-5,66263
9015,F-5,66268
9016,F-5,66276
9017,F-5,66278
9018,F-5,66279
9019,F-5,66286
9020,F-5,66288
9021,F-5,66289
9022,F-5,66290
9023,F-5,66292
9024,F-5,66293
9025,F-5,66306
9026,F-5,66308
9027,F-5,66312
9028,F-5,66322
9029,F-5,66329
9030,F-5,66331
9031,F-5,66339
9032,F-5,66343
9033,F-5,66346
9034,F-5,66350
9035,F-5,66351
9036,F-5,66355
9037,F-5,66356
9038,F-5,66358
9039,F-5,66371
9040,F-5,66378
9041,F-5,66380
9042,F-5,66384
9043,F-5,66388
9044,F-5,66391
9045,F-5,66394
9046,F-5,66399
9047,F-5,66400
9048,F-5,66402
9049,F-5,66405
9050,F-5,66412
9051,F-5,66416
9052,F-5,66428
9053,F-5,66456
9054,F-5,66460
9055,F-5,66461
9056,F-5,66462
9057,F-5,66468
9058,F-5,66471
9059,F-5,66472
9060,F-5,66479
9061,F-5,66492
9062,F-5,66493
9063,F-5,66496
9064,F-5,66497
9065,F-5,66500
9066,F-5,66506
9067,F-5,66507
9068,F-5,66510
9069,F-5,66511
9070,F-5,66512
9071,F-5,66513
9072,F-5,66514
9073,F-5,66523
9074,F-5,66531
9075,F-5,66532
9076,F-5,66535
9077,F-5,66540
9078,F-5,66541
9079,F-5,66544
9080,F-5,66551
9081,F-5,66565
9082,F-5,66573
9083,F-5,66574
9084,F-5,66582
9085,F-5,66596
9086,F-5,66598
9087,F-5,66603
9088,F-5,66612
9089,F-5,66619
9090,F-5,66620
9091,F-5,66623
9092,F-5,66624
9093,F-5,66625
9094,F-5,66631
9095,F-5,66632
9096,F-5,66634
9097,F-5,66636
9098,F-5,66639
9099,F-5,66651
9100,F-5,66652
9101,F-5,66660
9102,F-5,66663
9103,F-5,66664
9104,F-5,66667
9105,F-5,66671
9106,F-5,66673
9107,F-5,66674
9108,F-5,66676
9109,F-5,66680
9110,F-5,66686
9111,F-5,66690
9112,F-5,66691
9113,F-5,66695
9114,F-5,66708
9115,F-5,66710
9116,F-5,66711
9117,F-5,66726
9118,F-5,66727
9119,F-5,66742
9120,F-5,66747
9121,F-5,66749
9122,F-5,66754
9123,F-5,66758
9124,F-5,66762
9125,F-5,66766
9126,F-5,66788
9127,F-5,66793
9128,F-5,66795
9129,F-5,66809
9130,F-5,66811
9131,F-5,66812
9132,F-5,66815
9133,F-5,66831
9134,F-5,66832
9135,F-5,66833
9136,F-5,66834
9137,F-5,66835
9138,F-5,66844
9139,F-5,66846
9140,F-5,66849
9141,F-5,66869
9142,F-5,66874
9143,F-5,66884
9144,F-5,66892
9145,F-5,66898
9146,F-5,66899
9147,F-5,66903
9148,F-5,66904
9149,F-5,66907
9150,F-5,66910
9151,F-5,66918
9152,F-5,66921
9153,F-5,66925
9154,F-5,66926
9155,F-5,66934
9156,F-5,66937
9157,F-5,66943
9158,F-5,66956
9159,F-5,66958
9160,F-5,66963
9161,F-5,66970
9162,F-5,66972
9163,F-5,66973
9164,F-5,66975
9165,F-5,66981
9166,F-5,66983
9167,F-5,66984
9168,F-5,66985
9169,F-5,66992
9170,F-5,66995
9171,F-5,66997
9172,F-5,66998
9173,F-5,67002
9174,F-5,67006
9175,F-5,67009
9176,F-5,67010
9177,F-5,67013
9178,F-5,67017
9179,F-5,67018
9180,F-5,67021
9181,F-5,67026
9182,F-5,67027
9183,F-5,67032
9184,F-5,67033
9185,F-5,67038
9186,F-5,67043
9187,F-5,67045
9188,F-5,67053
9189,F-5,67056
9190,F-5,67066
9191,F-5,67069
9192,F-5,67072
9193,F-5,67075
9194,F-5,67077
9195,F-5,67080
9196,F-5,67081
9197,F-5,67084
9198,F-5,67086
9199,F-5,67088
9200,F-5,67090
9201,F-5,67097
9202,F-5,67099
9203,F-5,67109
9204,F-5,67119
9205,F-5,67121
9206,F-5,67124
9207,F-5,67129
9208,F-5,67135
9209,F-5,67140
9210,F-5,67144
9211,F-5,67147
9212,F-5,67148
9213,F-5,67150
9214,F-5,67159
9215,F-5,67169
9216,F-5,67173
9217,F-5,67178
9218,F-5,67179
9219,F-5,67181
9220,F-5,67188
9221,F-5,67189
9222,F-5,67193
9223,F-5,67197
9224,F-5,67203
9225,F-5,67204
9226,F-5,67207
9227,F-5,67209
9228,F-5,67210
9229,F-5,67213
9230,F-5,67216
9231,F-5,67227
9232,F-5,67239
9233,F-5,67243
9234,F-5,67248
9235,F-5,67252
9236,F-5,67257
9237,F-5,67264
9238,F-5,67267
9239,F-5,67268
9240,F-5,67271
9241,F-5,67275
9242,F-5,67279
9243,F-5,67280
9244,F-5,67283
9245,F-5,67294
9246,F-5,67295
9247,F-5,67297
9248,F-5,67303
9249,F-5,67306
9250,F-5,67312
9251,F-5,67313
9252,F-5,67314
9253,F-5,67317
9254,F-5,67321
9255,F-5,67326
9256,F-5,67331
9257,F-5,67332
9258,F-5,67335
9259,F-5,67349
9260,F-5,67351
9261,F-5,67352
9262,F-5,67353
9263,F-5,67355
9264,F-5,67360
9265,F-5,67362
9266,F-5,67371
9267,F-5,67389
9268,F-5,67405
9269,F-5,67406
9270,F-5,67407
9271,F-5,67411
9272,F-5,67413
9273,F-5,67416
9274,F-5,67425
9275,F-5,67436
9276,F-5,67442
9277,F-5,67444
9278,F-5,67446
9279,F-5,67451
9280,F-5,67452
9281,F-5,67455
9282,F-5,67471
9283,F-5,67472
9284,F-5,67473
9285,F-5,67478
9286,F-5,67484
9287,F-5,67489
9288,F-5,67494
9289,F-5,67495
9290,F-5,67496
9291,F-5,67499
9292,F-5,67501
9293,F-5,67502
9294,F-5,67503
9295,F-5,67511
9296,F-5,67520
9297,F-5,67547
9298,F-5,67549
9299,F-5,67553
9300,F-5,67554
9301,F-5,67556
9302,F-5,67560
9303,F-5,67563
9304,F-5,67576
9305,F-5,67578
9306,F-5,67583
9307,F-5,67586
9308,F-5,67589
9309,F-5,67590
9310,F-5,67591
9311,F-5,67600
9312,F-5,67601
9313,F-5,67608
9314,F-5,67609
9315,F-5,67610
9316,F-5,67621
9317,F-5,67627
9318,F-5,67631
9319,F-5,67643
9320,F-5,67649
9321,F-5,67652
9322,F-5,67657
9323,F-5,67658
9324,F-5,67661
9325,F-5,67667
9326,F-5,67668
9327,F-5,67680
9328,F-5,67684
9329,F-5,67700
9330,F-5,67701
9331,F-5,67705
9332,F-5,67708
9333,F-5,67710
9334,F-5,67717
9335,F-5,67726
9336,F-5,67728
9337,F-5,67729
9338,F-5,67735
9339,F-5,67737
9340,F-5,67738
9341,F-5,67746
9342,F-5,67757
9343,F-5,67771
9344,F-5,67772
9345,F-5,67774
9346,F-5,67787
9347,F-5,67795
9348,F-5,67796
9349,F-5,67807
9350,F-5,67811
9351,F-5,67818
9352,F-5,67821
9353,F-5,67824
9354,F-5,67833
9355,F-5,67834
9356,F-5,67838
9357,F-5,67840
9358,F-5,67843
9359,F-5,67845
9360,F-5,67850
9361,F-5,67853
9362,F-5,67876
9363,F-5,67878
9364,F-5,67880
9365,F-5,67883
9366,F-5,67884
9367,F-5,67886
9368,F-5,67891
9369,F-5,67892
9370,F-5,67893
9371,F-5,67898
9372,F-5,67903
9373,F-5,67907
9374,F-5,67909
9375,F-5,67919
9376,F-5,67928
9377,F-5,67929
9378,F-5,67941
9379,F-5,67956
9380,F-5,67961
9381,F-5,67965
9382,F-5,67969
9383,F-5,67972
9384,F-5,67974
9385,F-5,67980
9386,F-5,67985
9387,F-5,67990
9388,F-5,68001
9389,F-5,68002
9390,F-5,68006
9391,F-5,68011
9392,F-5,68015
9393,F-5,68019
9394,F-5,68020
9395,F-5,68022
9396,F-5,68035
9397,F-5,68038
9398,F-5,68053
9399,F-5,68058
9400,F-5,68065
9401,F-5,68073
9402,F-5,68082
9403,F-5,68084
9404,F-5,68092
9405,F-5,68096
9406,F-5,68098
9407,F-5,68102
9408,F-5,68105
9409,F-5,68106
9410,F-5,68116
9411,F-5,68118
9412,F-5,68120
9413,F-5,68121
9414,F-5,68137
9415,F-5,68160
9416,F-5,68167
9417,F-5,68170
9418,F-5,68176
9419,F-5,68177
9420,F-5,68178
9421,F-5,68190
9422,F-5,68192
9423,F-5,68193
9424,F-5,68206
9425,F-5,68207
9426,F-5,68212
9427,F-5,68219
9428,F-5,68223
9429,F-5,68229
9430,F-5,68235
9431,F-5,68243
9432,F-5,68247
9433,F-5,68248
9434,F-5,68250
9435,F-5,68256
9436,F-5,68259
9437,F-5,68261
9438,F-5,68268
9439,F-5,68269
9440,F-5,68274
9441,F-5,68275
9442,F-5,68281
9443,F-5,68291
9444,F-5,68297
9445,F-5,68299
9446,F-5,68300
9447,F-5,68301
9448,F-5,68307
9449,F-5,68313
9450,F-5,68318
9451,F-5,68322
9452,F-5,68325
9453,F-5,68335
9454,F-5,68341
9455,F-5,68343
9456,F-5,68353
9457,F-5,68355
9458,F-5,68356
9459,F-5,68363
9460,F-5,68364
9461,F-5,68367
9462,F-5,68369
9463,F-5,68371
9464,F-5,68377
9465,F-5,68387
9466,F-5,68389
9467,F-5,68390
9468,F-5,68391
9469,F-5,68392
9470,F-5,68399
9471,F-5,68401
9472,F-5,68406
9473,F-5,68411
9474,F-5,68414
9475,F-5,68416
9476,F-5,68439
9477,F-5,68441
9478,F-5,68456
9479,F-5,68462
9480,F-5,68463
9481,F-5,68465
9482,F-5,68467
9483,F-5,68479
9484,F-5,68484
9485,F-5,68491
9486,F-5,68492
9487,F-5,68499
9488,F-5,68507
9489,F-5,68515
9490,F-5,68519
9491,F-5,68520
9492,F-5,68526
9493,F-5,68533
9494,F-5,68542
9495,F-5,68545
9496,F-5,68549
9497,F-5,68556
9498,F-5,68564
9499,F-5,68565
9500,F-5,68575
9501,F-5,68583
9502,F-5,68588
9503,F-5,68589
9504,F-5,68593
9505,F-5,68594
9506,F-5,68596
9507,F-5,68602
9508,F-5,68603
9509,F-5,68608
9510,F-5,68612
9511,F-5,68613
9512,F-5,68624
9513,F-5,68626
9514,F-5,68630
9515,F-5,68633
9516,F-5,68658
9517,F-5,68659
9518,F-5,68663
9519,F-5,68666
9520,F-5,68667
9521,F-5,68669
9522,F-5,68671
9523,F-5,68672
9524,F-5,68673
9525,F-5,68675
9526,F-5,68679
9527,F-5,68680
9528,F-5,68686
9529,F-5,68690
9530,F-5,68695
9531,F-5,68706
9532,F-5,68718
9533,F-5,68723
9534,F-5,68724
9535,F-5,68732
9536,F-5,68734
9537,F-5,68736
9538,F-5,68740
9539,F-5,68743
9540,F-5,68745
9541,F-5,68746
9542,F-5,68747
9543,F-5,68752
9544,F-5,68753
9545,F-5,68755
9546,F-5,68756
9547,F-5,68763
9548,F-5,68764
9549,F-5,68773
9550,F-5,68776
9551,F-5,68777
9552,F-5,68778
9553,F-5,68784
9554,F-5,68785
9555,F-5,68789
9556,F-5,68794
9557,F-5,68796
9558,F-5,68799
9559,F-5,68801
9560,F-5,68819
9561,F-5,68820
9562,F-5,68821
9563,F-5,68828
9564,F-5,68835
9565,F-5,68840
9566,F-5,68853
9567,F-5,68858
9568,F-5,68866
9569,F-5,68867
9570,F-5,68869
9571,F-5,68875
9572,F-5,68878
9573,F-5,68880
9574,F-5,68882
9575,F-5,68883
9576,F-5,68885
9577,F-5,68888
9578,F-5,68889
9579,F-5,68892
9580,F-5,68907
9581,F-5,68910
9582,F-5,68911
9583,F-5,68919
9584,F-5,68922
9585,F-5,68924
9586,F-5,68925
9587,F-5,68930
9588,F-5,68938
9589,F-5,68944
9590,F-5,68945
9591,F-5,68953
9592,F-5,68955
9593,F-5,68956
9594,F-5,68959
9595,F-5,68963
9596,F-5,68964
9597,F-5,68970
9598,F-5,68974
9599,F-5,68979
9600,F-5,68982
9601,F-5,68983
9602,F-5,68986
9603,F-5,68990
9604,F-5,68996
9605,F-5,69001
9606,F-5,69002
9607,F-5,69003
9608,F-5,69005
9609,F-5,69007
9610,F-5,69010
9611,F-5,69018
9612,F-5,69023
9613,F-5,69024
9614,F-5,69028
9615,F-5,69036
9616,F-5,69055
9617,F-5,69059
9618,F-5,69060
9619,F-5,69066
9620,F-5,69071
9621,F-5,69073
9622,F-5,69074
9623,F-5,69077
9624,F-5,69081
9625,F-5,69089
9626,F-5,69093
9627,F-5,69095
9628,F-5,69099
9629,F-5,69103
9630,F-5,69104
9631,F-5,69110
9632,F-5,69113
9633,F-5,69114
9634,F-5,69120
9635,F-5,69122
9636,F-5,69134
9637,F-5,69137
9638,F-5,69138
9639,F-5,69140
9640,F-5,69142
9641,F-5,69145
9642,F-5,69146
9643,F-5,69147
9644,F-5,69155
9645,F-5,69161
9646,F-5,69162
9647,F-5,69170
9648,F-5,69173
9649,F-5,69174
9650,F-5,69176
9651,F-5,69178
9652,F-5,69179
9653,F-5,69183
9654,F-5,69184
9655,F-5,69186
9656,F-5,69188
9657,F-5,69191
9658,F-5,69195
9659,F-5,69197
9660,F-5,69200
9661,F-5,69201
9662,F-5,69204
9663,F-5,69214
9664,F-5,69224
9665,F-5,69225
9666,F-5,69228
9667,F-5,69229
9668,F-5,69235
9669,F-5,69238
9670,F-5,69245
9671,F-5,69253
9672,F-5,69258
9673,F-5,69259
9674,F-5,69264
9675,F-5,69267
9676,F-5,69270
9677,F-5,69282
9678,F-5,69284
9679,F-5,69297
9680,F-5,69301
9681,F-5,69309
9682,F-5,69314
9683,F-5,69317
9684,F-5,69334
9685,F-5,69335
9686,F-5,69345
9687,F-5,69353
9688,F-5,69358
9689,F-5,69359
9690,F-5,69360
9691,F-5,69363
9692,F-5,69368
9693,F-5,69370
9694,F-5,69374
9695,F-5,69376
9696,F-5,69382
9697,F-5,69383
9698,F-5,69384
9699,F-5,69392
9700,F-5,69408
9701,F-5,69422
9702,F-5,69424
9703,F-5,69426
9704,F-5,69433
9705,F-5,69436
9706,F-5,69448
9707,F-5,69451
9708,F-5,69454
9709,F-5,69460
9710,F-5,69466
9711,F-5,69469
9712,F-5,69476
9713,F-5,69478
9714,F-5,69482
9715,F-5,69492
9716,F-5,69498
9717,F-5,69503
9718,F-5,69509
9719,F-5,69515
9720,F-5,69516
9721,F-5,69518
9722,F-5,69525
9723,F-5,69530
9724,F-5,69546
9725,F-5,69547
9726,F-5,69565
9727,F-5,69566
9728,F-5,69569
9729,F-5,69572
9730,F-5,69578
9731,F-5,69579
9732,F-5,69585
9733,F-5,69588
9734,F-5,69592
9735,F-5,69593
9736,F-5,69595
9737,F-5,69596
9738,F-5,69598
9739,F-5,69604
9740,F-5,69609
9741,F-5,69618
9742,F-5,69619
9743,F-5,69630
9744,F-5,69631
9745,F-5,69643
9746,F-5,69644
9747,F-5,69649
9748,F-5,69651
9749,F-5,69652
9750,F-5,69653
9751,F-5,69659
9752,F-5,69666
9753,F-5,69667
9754,F-5,69670
9755,F-5,69672
9756,F-5,69674
9757,F-5,69677
9758,F-5,69678
9759,F-5,69682
9760,F-5,69684
9761,F-5,69686
9762,F-5,69692
9763,F-5,69695
9764,F-5,69697
9765,F-5,69698
9766,F-5,69701
9767,F-5,69702
9768,F-5,69705
9769,F-5,69708
9770,F-5,69710
9771,F-5,69718
9772,F-5,69727
9773,F-5,69730
9774,F-5,69733
9775,F-5,69745
9776,F-5,69748
9777,F-5,69749
9778,F-5,69750
9779,F-5,69753
9780,F-5,69755
9781,F-5,69760
9782,F-5,69762
9783,F-5,69765
9784,F-5,69772
9785,F-5,69776
9786,F-5,69777
9787,F-5,69783
9788,F-5,69785
9789,F-5,69792
9790,F-5,69798
9791,F-5,69803
9792,F-5,69804
9793,F-5,69806
9794,F-5,69813
9795,F-5,69814
9796,F-5,69828
9797,F-5,69829
9798,F-5,69833
9799,F-5,69834
9800,F-5,69839
9801,F-5,69842
9802,F-5,69847
9803,F-5,69848
9804,F-5,69855
9805,F-5,69857
9806,F-5,69859
9807,F-5,69862
9808,F-5,69870
9809,F-5,69874
9810,F-5,69878
9811,F-5,69879
9812,F-5,69881
9813,F-5,69888
9814,F-5,69890
9815,F-5,69894
9816,F-5,69896
9817,F-5,69901
9818,F-5,69903
9819,F-5,69906
9820,F-5,69917
9821,F-5,69918
9822,F-5,69921
9823,F-5,69922
9824,F-5,69923
9825,F-5,69924
9826,F-5,69928
9827,F-5,69931
9828,F-5,69932
9829,F-5,69934
9830,F-5,69937
9831,F-5,69942
9832,F-5,69943
9833,F-5,69945
9834,F-5,69956
9835,F-5,69959
9836,F-5,69960
9837,F-5,69965
9838,F-5,69966
9839,F-5,69980
9840,F-5,69982
9841,F-5,69987
9842,F-5,69996
9843,F-5,69998
9844,F-5,70000
9845,F-5,70001
9846,F-5,70003
9847,F-5,70005
9848,F-5,70006
9849,F-5,70007
9850,F-5,70018
9851,F-5,70020
9852,F-5,70027
9853,F-5,70035
9854,F-5,70041
9855,F-5,70042
9856,F-5,70046
9857,F-5,70050
9858,F-5,70065
9859,F-5,70073
9860,F-5,70078
9861,F-5,70079
9862,F-5,70089
9863,F-5,70091
9864,F-5,70095
9865,F-5,70096
9866,F-5,70101
9867,F-5,70108
9868,F-5,70112
9869,F-5,70115
9870,F-5,70119
9871,F-5,70125
9872,F-5,70131
9873,F-5,70136
9874,F-5,70140
9875,F-5,70154
9876,F-5,70157
9877,F-5,70158
9878,F-5,70161
9879,F-5,70162
9880,F-5,70165
9881,F-5,70166
9882,F-5,70168
9883,F-5,70169
9884,F-5,70173
9885,F-5,70178
9886,F-5,70179
9887,F-5,70184
9888,F-5,70188
9889,F-5,70197
9890,F-5,70200
9891,F-5,70205
9892,F-5,70206
9893,F-5,70208
9894,F-5,70211
9895,F-5,70212
9896,F-5,70222
9897,F-5,70225
9898,F-5,70226
9899,F-5,70237
9900,F-5,70238
9901,F-5,70239
9902,F-5,70240
9903,F-5,70242
9904,F-5,70243
9905,F-5,70259
9906,F-5,70264
9907,F-5,70266
9908,F-5,70270
9909,F-5,70272
9910,F-5,70289
9911,F-5,70294
9912,F-5,70300
9913,F-5,70302
9914,F-5,70308
9915,F-5,70314
9916,F-5,70317
9917,F-5,70319
9918,F-5,70323
9919,F-5,70324
9920,F-5,70327
9921,F-5,70328
9922,F-5,70334
9923,F-5,70336
9924,F-5,70346
9925,F-5,70347
9926,F-5,70349
9927,F-5,70350
9928,F-5,70357
9929,F-5,70364
9930,F-5,70369
9931,F-5,70377
9932,F-5,70379
9933,F-5,70380
9934,F-5,70381
9935,F-5,70391
9936,F-5,70392
9937,F-5,70395
9938,F-5,70398
9939,F-5,70405
9940,F-5,70407
9941,F-5,70408
9942,F-5,70414
9943,F-5,70425
9944,F-5,70427
9945,F-5,70430
9946,F-5,70432
9947,F-5,70440
9948,F-5,70444
9949,F-5,70448
9950,F-5,70454
9951,F-5,70461
9952,F-5,70465
9953,F-5,70468
9954,F-5,70476
9955,F-5,70483
9956,F-5,70485
9957,F-5,70486
9958,F-5,70488
9959,F-5,70496
9960,F-5,70514
9961,F-5,70516
9962,F-5,70519
9963,F-5,70520
9964,F-5,70522
9965,F-5,70526
9966,F-5,70530
9967,F-5,70535
9968,F-5,70542
9969,F-5,70543
9970,F-5,70544
9971,F-5,70554
9972,F-5,70578
9973,F-5,70580
9974,F-5,70590
9975,F-5,70593
9976,F-5,70598
9977,F-5,70599
9978,F-5,70601
9979,F-5,70606
9980,F-5,70610
9981,F-5,70618
9982,F-5,70624
9983,F-5,70635
9984,F-5,70638
9985,F-5,70641
9986,F-5,70643
9987,F-5,70648
9988,F-5,70658
9989,F-5,70668
9990,F-5,70680
9991,F-5,70689
9992,F-5,70695
9993,F-5,70718
9994,F-5,70723
9995,F-5,70727
9996,F-5,70732
9997,F-5,70737
9998,F-5,70741
9999,F-5,70744
10000,F-5,70747
10001,F-5,70748
10002,F-5,70753
10003,F-5,70768
10004,F-5,70777
10005,F-5,70780
10006,F-5,70781
10007,F-5,70790
10008,F-5,70793
10009,F-5,70794
10010,F-5,70796
10011,F-5,70817
10012,F-5,70822
10013,F-5,70826
10014,F-5,70827
10015,F-5,70835
10016,F-5,70841
10017,F-5,70844
10018,F-5,70845
10019,F-5,70848
10020,F-5,70852
10021,F-5,70856
10022,F-5,70861
10023,F-5,70862
10024,F-5,70865
10025,F-5,70873
10026,F-5,70876
10027,F-5,70878
10028,F-5,70885
10029,F-5,70894
10030,F-5,70896
10031,F-5,70903
10032,F-5,70912
10033,F-5,70920
10034,F-5,70928
10035,F-5,70931
10036,F-5,70935
10037,F-5,70946
10038,F-5,70947
10039,F-5,70951
10040,F-5,70965
10041,F-5,70967
10042,F-5,70969
10043,F-5,70980
10044,F-5,70982
10045,F-5,70983
10046,F-5,70990
10047,F-5,70991
10048,F-5,70999
10049,F-5,71001
10050,F-5,71007
10051,F-5,71014
10052,F-5,71019
10053,F-5,71020
10054,F-5,71028
10055,F-5,71032
10056,F-5,71033
10057,F-5,71034
10058,F-5,71036
10059,F-5,71037
10060,F-5,71041
10061,F-5,71044
10062,F-5,71049
10063,F-5,71053
10064,F-5,71056
10065,F-5,71060
10066,F-5,71069
10067,F-5,71073
10068,F-5,71074
10069,F-5,71076
10070,F-5,71099
10071,F-5,71101
10072,F-5,71106
10073,F-5,71115
10074,F-5,71116
10075,F-5,71117
10076,F-5,71118
10077,F-5,71125
10078,F-5,71132
10079,F-5,71136
10080,F-5,71144
10081,F-5,71147
10082,F-5,71151
10083,F-5,71153
10084,F-5,71154
10085,F-5,71155
10086,F-5,71170
10087,F-5,71175
10088,F-5,71179
10089,F-5,71185
10090,F-5,71188
10091,F-5,71195
10092,F-5,71198
10093,F-5,71202
10094,F-5,71204
10095,F-5,71206
10096,F-5,71210
10097,F-5,71211
10098,F-5,71213
10099,F-5,71217
10100,F-5,71220
10101,F-5,71224
10102,F-5,71225
10103,F-5,71230
10104,F-5,71243
10105,F-5,71248
10106,F-5,71252
10107,F-5,71255
10108,F-5,71258
10109,F-5,71262
10110,F-5,71269
10111,F-5,71272
10112,F-5,71274
10113,F-5,71275
10114,F-5,71279
10115,F-5,71282
10116,F-5,71283
10117,F-5,71299
10118,F-5,71301
10119,F-5,71306
10120,F-5,71310
10121,F-5,71324
10122,F-5,71328
10123,F-5,71330
10124,F-5,71333
10125,F-5,71335
10126,F-5,71348
10127,F-5,71353
10128,F-5,71360
10129,F-5,71363
10130,F-5,71364
10131,F-5,71365
10132,F-5,71366
10133,F-5,71369
10134,F-5,71372
10135,F-5,71378
10136,F-5,71380
10137,F-5,71382
10138,F-5,71392
10139,F-5,71395
10140,F-5,71397
10141,F-5,71398
10142,F-5,71402
10143,F-5,71411
10144,F-5,71415
10145,F-5,71416
10146,F-5,71418
10147,F-5,71419
10148,F-5,71424
10149,F-5,71426
10150,F-5,71432
10151,F-5,71435
10152,F-5,71438
10153,F-5,71447
10154,F-5,71452
10155,F-5,71468
10156,F-5,71471
10157,F-5,71481
10158,F-5,71483
10159,F-5,71487
10160,F-5,71491
10161,F-5,71502
10162,F-5,71505
10163,F-5,71506
10164,F-5,71512
10165,F-5,71513
10166,F-5,71516
10167,F-5,71517
10168,F-5,71521
10169,F-5,71524
10170,F-5,71527
10171,F-5,71532
10172,F-5,71534
10173,F-5,71542
10174,F-5,71546
10175,F-5,71551
10176,F-5,71552
10177,F-5,71575
10178,F-5,71576
10179,F-5,71578
10180,F-5,71598
10181,F-5,71603
10182,F-5,71606
10183,F-5,71608
10184,F-5,71613
10185,F-5,71616
10186,F-5,71617
10187,F-5,71620
10188,F-5,71630
10189,F-5,71637
10190,F-5,71645
10191,F-5,71650
10192,F-5,71652
10193,F-5,71657
10194,F-5,71670
10195,F-5,71672
10196,F-5,71674
10197,F-5,71675
10198,F-5,71684
10199,F-5,71686
10200,F-5,71693
10201,F-5,71697
10202,F-5,71702
10203,F-5,71708
10204,F-5,71709
10205,F-5,71711
10206,F-5,71712
10207,F-5,71715
10208,F-5,71720
10209,F-5,71731
10210,F-5,71735
10211,F-5,71739
10212,F-5,71742
10213,F-5,71747
10214,F-5,71749
10215,F-5,71754
10216,F-5,71763
10217,F-5,71767
10218,F-5,71771
10219,F-5,71778
10220,F-5,71779
10221,F-5,71781
10222,F-5,71787
10223,F-5,71788
10224,F-5,71791
10225,F-5,71804
10226,F-5,71808
10227,F-5,71814
10228,F-5,71816
10229,F-5,71825
10230,F-5,71829
10231,F-5,71832
10232,F-5,71833
10233,F-5,71834
10234,F-5,71840
10235,F-5,71849
10236,F-5,71854
10237,F-5,71858
10238,F-5,71860
10239,F-5,71863
10240,F-5,71865
10241,F-5,71868
10242,F-5,71879
10243,F-5,71880
10244,F-5,71897
10245,F-5,71905
10246,F-5,71917
10247,F-5,71923
10248,F-5,71936
10249,F-5,71940
10250,F-5,71952
10251,F-5,71953
10252,F-5,71955
10253,F-5,71969
10254,F-5,71971
10255,F-5,71975
10256,F-5,71976
10257,F-5,71985
10258,F-5,71987
10259,F-5,71992
10260,F-5,71993
10261,F-5,72002
10262,F-5,72005
10263,F-5,72008
10264,F-5,72009
10265,F-5,72010
10266,F-5,72012
10267,F-5,72016
10268,F-5,72017
10269,F-5,72019
10270,F-5,72027
10271,F-5,72033
10272,F-5,72034
10273,F-5,72040
10274,F-5,72051
10275,F-5,72055
10276,F-5,72057
10277,F-5,72058
10278,F-5,72060
10279,F-5,72068
10280,F-5,72070
10281,F-5,72073
10282,F-5,72074
10283,F-5,72080
10284,F-5,72082
10285,F-5,72084
10286,F-5,72086
10287,F-5,72089
10288,F-5,72095
10289,F-5,72104
10290,F-5,72117
10291,F-5,72120
10292,F-5,72121
10293,F-5,72133
10294,F-5,72134
10295,F-5,72141
10296,F-5,72142
10297,F-5,72145
10298,F-5,72150
10299,F-5,72151
10300,F-5,72152
10301,F-5,72157
10302,F-5,72160
10303,F-5,72161
10304,F-5,72163
10305,F-5,72165
10306,F-5,72167
10307,F-5,72174
10308,F-5,72175
10309,F-5,72177
10310,F-5,72178
10311,F-5,72185
10312,F-5,72193
10313,F-5,72197
10314,F-5,72201
10315,F-5,72206
10316,F-5,72207
10317,F-5,72217
10318,F-5,72222
10319,F-5,72232
10320,F-5,72236
10321,F-5,72241
10322,F-5,72278
10323,F-5,72282
10324,F-5,72286
10325,F-5,72287
10326,F-5,72293
10327,F-5,72300
10328,F-5,72301
10329,F-5,72305
10330,F-5,72308
10331,F-5,72311
10332,F-5,72316
10333,F-5,72319
10334,F-5,72320
10335,F-5,72326
10336,F-5,72329
10337,F-5,72331
10338,F-5,72338
10339,F-5,72348
10340,F-5,72356
10341,F-5,72364
10342,F-5,72370
10343,F-5,72372
10344,F-5,72374
10345,F-5,72379
10346,F-5,72382
10347,F-5,72394
10348,F-5,72397
10349,F-5,72404
10350,F-5,72405
10351,F-5,72416
10352,F-5,72423
10353,F-5,72430
10354,F-5,72435
10355,F-5,72438
10356,F-5,72448
10357,F-5,72452
10358,F-5,72459
10359,F-5,72460
10360,F-5,72461
10361,F-5,72462
10362,F-5,72471
10363,F-5,72475
10364,F-5,72477
10365,F-5,72480
10366,F-5,72494
10367,F-5,72497
10368,F-5,72505
10369,F-5,72508
10370,F-5,72514
10371,F-5,72518
10372,F-5,72521
10373,F-5,72532
10374,F-5,72539
10375,F-5,72541
10376,F-5,72549
10377,F-5,72550
10378,F-5,72555
10379,F-5,72556
10380,F-5,72562
10381,F-5,72564
10382,F-5,72571
10383,F-5,72574
10384,F-5,72580
10385,F-5,72581
10386,F-5,72586
10387,F-5,72587
10388,F-5,72589
10389,F-5,72591
10390,F-5,72600
10391,F-5,72602
10392,F-5,72603
10393,F-5,72608
10394,F-5,72609
10395,F-5,72610
10396,F-5,72620
10397,F-5,72622
10398,F-5,72629
10399,F-5,72634
10400,F-5,72637
10401,F-5,72647
10402,F-5,72648
10403,F-5,72651
10404,F-5,72658
10405,F-5,72660
10406,F-5,72662
10407,F-5,72667
10408,F-5,72668
10409,F-5,72670
10410,F-5,72671
10411,F-5,72672
10412,F-5,72674
10413,F-5,72679
10414,F-5,72687
10415,F-5,72688
10416,F-5,72692
10417,F-5,72698
10418,F-5,72710
10419,F-5,72713
10420,F-5,72717
10421,F-5,72718
10422,F-5,72720
10423,F-5,72726
10424,F-5,72753
10425,F-5,72756
10426,F-5,72763
10427,F-5,72771
10428,F-5,72773
10429,F-5,72774
10430,F-5,72776
10431,F-5,72777
10432,F-5,72784
10433,F-5,72787
10434,F-5,72788
10435,F-5,72789
10436,F-5,72799
10437,F-5,72802
10438,F-5,72807
10439,F-5,72815
10440,F-5,72820
10441,F-5,72822
10442,F-5,72829
10443,F-5,72837
10444,F-5,72845
10445,F-5,72847
10446,F-5,72866
10447,F-5,72872
10448,F-5,72879
10449,F-5,72885
10450,F-5,72890
10451,F-5,72892
10452,F-5,72906
10453,F-5,72907
10454,F-5,72911
10455,F-5,72918
10456,F-5,72920
10457,F-5,72921
10458,F-5,72924
10459,F-5,72931
10460,F-5,72933
10461,F-5,72944
10462,F-5,72948
10463,F-5,72957
10464,F-5,72959
10465,F-5,72960
10466,F-5,72974
10467,F-5,72980
10468,F-5,72981
10469,F-5,72998
10470,F-5,73000
10471,F-5,73002
10472,F-5,73007
10473,F-5,73012
10474,F-5,73014
10475,F-5,73015
10476,F-5,73018
10477,F-5,73022
10478,F-5,73029
10479,F-5,73030
10480,F-5,73032
10481,F-5,73043
10482,F-5,73044
10483,F-5,73069
10484,F-5,73073
10485,F-5,73074
10486,F-5,73084
10487,F-5,73089
10488,F-5,73090
10489,F-5,73091
10490,F-5,73094
10491,F-5,73095
10492,F-5,73114
10493,F-5,73119
10494,F-5,73125
10495,F-5,73127
10496,F-5,73130
10497,F-5,73133
10498,F-5,73137
10499,F-5,73138
10500,F-5,73139
10501,F-5,73140
10502,F-5,73146
10503,F-5,73149
10504,F-5,73159
10505,F-5,73160
10506,F-5,73163
10507,F-5,73165
10508,F-5,73168
10509,F-5,73171
10510,F-5,73184
10511,F-5,73185
10512,F-5,73188
10513,F-5,73189
10514,F-5,73194
10515,F-5,73201
10516,F-5,73202
10517,F-5,73205
10518,F-5,73208
10519,F-5,73211
10520,F-5,73212
10521,F-5,73215
10522,F-5,73219
10523,F-5,73222
10524,F-5,73229
10525,F-5,73232
10526,F-5,73234
10527,F-5,73257
10528,F-5,73266
10529,F-5,73267
10530,F-5,73268
10531,F-5,73277
10532,F-5,73288
10533,F-5,73290
10534,F-5,73298
10535,F-5,73299
10536,F-5,73303
10537,F-5,73312
10538,F-5,73320
10539,F-5,73323
10540,F-5,73327
10541,F-5,73328
10542,F-5,73330
10543,F-5,73331
10544,F-5,73337
10545,F-5,73338
10546,F-5,73345
10547,F-5,73348
10548,F-5,73349
10549,F-5,73350
10550,F-5,73358
10551,F-5,73359
10552,F-5,73361
10553,F-5,73363
10554,F-5,73366
10555,F-5,73368
10556,F-5,73374
10557,F-5,73379
10558,F-5,73381
10559,F-5,73383
10560,F-5,73394
10561,F-5,73395
10562,F-5,73397
10563,F-5,73401
10564,F-5,73413
10565,F-5,73415
10566,F-5,73418
10567,F-5,73420
10568,F-5,73424
10569,F-5,73436
10570,F-5,73445
10571,F-5,73451
10572,F-5,73453
10573,F-5,73459
10574,F-5,73472
10575,F-5,73473
10576,F-5,73476
10577,F-5,73477
10578,F-5,73480
10579,F-5,73483
10580,F-5,73484
10581,F-5,73487
10582,F-5,73489
10583,F-5,73490
10584,F-5,73497
10585,F-5,73503
10586,F-5,73513
10587,F-5,73518
10588,F-5,73523
10589,F-5,73525
10590,F-5,73527
10591,F-5,73536
10592,F-5,73540
10593,F-5,73543
10594,F-5,73552
10595,F-5,73553
10596,F-5,73558
10597,F-5,73559
10598,F-5,73562
10599,F-5,73566
10600,F-5,73574
10601,F-5,73575
10602,F-5,73579
10603,F-5,73592
10604,F-5,73603
10605,F-5,73612
10606,F-5,73624
10607,F-5,73625
10608,F-5,73626
10609,F-5,73628
10610,F-5,73630
10611,F-5,73632
10612,F-5,73636
10613,F-5,73638
10614,F-5,73639
10615,F-5,73647
10616,F-5,73650
10617,F-5,73665
10618,F-5,73668
10619,F-5,73673
10620,F-5,73674
10621,F-5,73677
10622,F-5,73680
10623,F-5,73681
10624,F-5,73696
10625,F-5,73700
10626,F-5,73701
10627,F-5,73714
10628,F-5,73718
10629,F-5,73724
10630,F-5,73725
10631,F-5,73731
10632,F-5,73737
10633,F-5,73741
10634,F-5,73744
10635,F-5,73747
10636,F-5,73752
10637,F-5,73758
10638,F-5,73761
10639,F-5,73762
10640,F-5,73767
10641,F-5,73768
10642,F-5,73773
10643,F-5,73777
10644,F-5,73784
10645,F-5,73787
10646,F-5,73790
10647,F-5,73793
10648,F-5,73804
10649,F-5,73806
10650,F-5,73809
10651,F-5,73811
10652,F-5,73812
10653,F-5,73819
10654,F-5,73824
10655,F-5,73837
10656,F-5,73838
10657,F-5,73841
10658,F-5,73847
10659,F-5,73848
10660,F-5,73854
10661,F-5,73855
10662,F-5,73867
10663,F-5,73868
10664,F-5,73869
10665,F-5,73872
10666,F-5,73878
10667,F-5,73886
10668,F-5,73887
10669,F-5,73888
10670,F-5,73890
10671,F-5,73893
10672,F-5,73897
10673,F-5,73899
10674,F-5,73903
10675,F-5,73917
10676,F-5,73919
10677,F-5,73924
10678,F-5,73929
10679,F-5,73934
10680,F-5,73936
10681,F-5,73939
10682,F-5,73940
10683,F-5,73945
10684,F-5,73948
10685,F-5,73951
10686,F-5,73957
10687,F-5,73969
10688,F-5,73970
10689,F-5,73974
10690,F-5,73975
10691,F-5,73977
10692,F-5,73992
10693,F-5,73993
10694,F-5,73994
10695,F-5,73996
10696,F-5,74000
10697,F-5,74007
10698,F-5,74008
10699,F-5,74021
10700,F-5,74022
10701,F-5,74024
10702,F-5,74028
10703,F-5,74033
10704,F-5,74044
10705,F-5,74045
10706,F-5,74052
10707,F-5,74059
10708,F-5,74062
10709,F-5,74063
10710,F-5,74067
10711,F-5,74076
10712,F-5,74078
10713,F-5,74080
10714,F-5,74085
10715,F-5,74088
10716,F-5,74098
10717,F-5,74114
10718,F-5,74117
10719,F-5,74124
10720,F-5,74125
10721,F-5,74127
10722,F-5,74132
10723,F-5,74137
10724,F-5,74141
10725,F-5,74148
10726,F-5,74153
10727,F-5,74156
10728,F-5,74157
10729,F-5,74179
10730,F-5,74183
10731,F-5,74184
10732,F-5,74191
10733,F-5,74196
10734,F-5,74197
10735,F-5,74206
10736,F-5,74208
10737,F-5,74210
10738,F-5,74211
10739,F-5,74214
10740,F-5,74219
10741,F-5,74234
10742,F-5,74239
10743,F-5,74250
10744,F-5,74252
10745,F-5,74256
10746,F-5,74258
10747,F-5,74260
10748,F-5,74262
10749,F-5,74271
10750,F-5,74273
10751,F-5,74283
10752,F-5,74284
10753,F-5,74285
10754,F-5,74286
10755,F-5,74288
10756,F-5,74296
10757,F-5,74299
10758,F-5,74301
10759,F-5,74302
10760,F-5,74306
10761,F-5,74308
10762,F-5,74324
10763,F-5,74327
10764,F-5,74329
10765,F-5,74331
10766,F-5,74332
10767,F-5,74338
10768,F-5,74340
10769,F-5,74344
10770,F-5,74353
10771,F-5,74354
10772,F-5,74358
10773,F-5,74362
10774,F-5,74374
10775,F-5,74375
10776,F-5,74377
10777,F-5,74384
10778,F-5,74387
10779,F-5,74394
10780,F-5,74404
10781,F-5,74408
10782,F-5,74409
10783,F-5,74414
10784,F-5,74428
10785,F-5,74438
10786,F-5,74444
10787,F-5,74450
10788,F-5,74453
10789,F-5,74457
10790,F-5,74458
10791,F-5,74464
10792,F-5,74465
10793,F-5,74470
10794,F-5,74472
10795,F-5,74474
10796,F-5,74477
10797,F-5,74479
10798,F-5,74485
10799,F-5,74504
10800,F-5,74508
10801,F-5,74532
10802,F-5,74534
10803,F-5,74535
10804,F-5,74538
10805,F-5,74551
10806,F-5,74552
10807,F-5,74556
10808,F-5,74564
10809,F-5,74567
10810,F-5,74571
10811,F-5,74573
10812,F-5,74579
10813,F-5,74580
10814,F-5,74583
10815,F-5,74585
10816,F-5,74592
10817,F-5,74606
10818,F-5,74610
10819,F-5,74616
10820,F-5,74619
10821,F-5,74621
10822,F-5,74623
10823,F-5,74634
10824,F-5,74636
10825,F-5,74637
10826,F-5,74643
10827,F-5,74650
10828,F-5,74660
10829,F-5,74661
10830,F-5,74664
10831,F-5,74665
10832,F-5,74669
10833,F-5,74674
10834,F-5,74675
10835,F-5,74681
10836,F-5,74682
10837,F-5,74688
10838,F-5,74698
10839,F-5,74704
10840,F-5,74710
10841,F-5,74713
10842,F-5,74714
10843,F-5,74715
10844,F-5,74717
10845,F-5,74720
10846,F-5,74722
10847,F-5,74727
10848,F-5,74736
10849,F-5,74758
10850,F-5,74760
10851,F-5,74774
10852,F-5,74775
10853,F-5,74777
10854,F-5,74778
10855,F-5,74786
10856,F-5,74787
10857,F-5,74796
10858,F-5,74798
10859,F-5,74802
10860,F-5,74805
10861,F-5,74806
10862,F-5,74807
10863,F-5,74808
10864,F-5,74816
10865,F-5,74823
10866,F-5,74831
10867,F-5,74845
10868,F-5,74853
10869,F-5,74857
10870,F-5,74859
10871,F-5,74860
10872,F-5,74864
10873,F-5,74869
10874,F-5,74870
10875,F-5,74876
10876,F-5,74880
10877,F-5,74903
10878,F-5,74904
10879,F-5,74922
10880,F-5,74926
10881,F-5,74927
10882,F-5,74931
10883,F-5,74939
10884,F-5,74940
10885,F-5,74941
10886,F-5,74949
10887,F-5,74953
10888,F-5,74957
10889,F-5,74959
10890,F-5,74968
10891,F-5,74973
10892,F-5,74975
10893,F-5,74976
10894,F-5,74977
10895,F-5,74993
10896,F-5,74994
10897,F-5,74997
10898,F-5,74999
10899,F-5,75000
10900,F-5,75002
10901,F-5,75003
10902,F-5,75008
10903,F-5,75010
10904,F-5,75012
10905,F-5,75014
10906,F-5,75019
10907,F-5,75021
10908,F-5,75030
10909,F-5,75035
10910,F-5,75036
10911,F-5,75039
10912,F-5,75041
10913,F-5,75053
10914,F-5,75055
10915,F-5,75062
10916,F-5,75067
10917,F-5,75070
10918,F-5,75076
10919,F-5,75084
10920,F-5,75085
10921,F-5,75086
10922,F-5,75089
10923,F-5,75094
10924,F-5,75095
10925,F-5,75101
10926,F-5,75108
10927,F-5,75109
10928,F-5,75116
10929,F-5,75121
10930,F-5,75131
10931,F-5,75137
10932,F-5,75141
10933,F-5,75149
10934,F-5,75151
10935,F-5,75152
10936,F-5,75154
10937,F-5,75161
10938,F-5,75166
10939,F-5,75169
10940,F-5,75172
10941,F-5,75173
10942,F-5,75183
10943,F-5,75188
10944,F-5,75190
10945,F-5,75198
10946,F-5,75202
10947,F-5,75204
10948,F-5,75209
10949,F-5,75210
10950,F-5,75223
10951,F-5,75227
10952,F-5,75235
10953,F-5,75236
10954,F-5,75238
10955,F-5,75240
10956,F-5,75247
10957,F-5,75265
10958,F-5,75273
10959,F-5,75277
10960,F-5,75291
10961,F-5,75306
10962,F-5,75325
10963,F-5,75327
10964,F-5,75342
10965,F-5,75345
10966,F-5,75362
10967,F-5,75364
10968,F-5,75370
10969,F-5,75372
10970,F-5,75379
10971,F-5,75380
10972,F-5,75384
10973,F-5,75387
10974,F-5,75388
10975,F-5,75393
10976,F-5,75395
10977,F-5,75398
10978,F-5,75399
10979,F-5,75404
10980,F-5,75407
10981,F-5,75410
10982,F-5,75412
10983,F-5,75421
10984,F-5,75428
10985,F-5,75429
10986,F-5,75432
10987,F-5,75437
10988,F-5,75439
10989,F-5,75442
10990,F-5,75448
10991,F-5,75451
10992,F-5,75454
10993,F-5,75456
10994,F-5,75462
10995,F-5,75465
10996,F-5,75472
10997,F-5,75475
10998,F-5,75481
10999,F-5,75484
11000,F-5,75487
11001,F-5,75491
11002,F-5,75498
11003,F-5,75505
11004,F-5,75510
11005,F-5,75525
11006,F-5,75526
11007,F-5,75529
11008,F-5,75530
11009,F-5,75531
11010,F-5,75538
11011,F-5,75544
11012,F-5,75550
11013,F-5,75551
11014,F-5,75555
11015,F-5,75557
11016,F-5,75558
11017,F-5,75560
11018,F-5,75566
11019,F-5,75567
11020,F-5,75570
11021,F-5,75573
11022,F-5,75576
11023,F-5,75580
11024,F-5,75581
11025,F-5,75584
11026,F-5,75589
11027,F-5,75599
11028,F-5,75601
11029,F-5,75602
11030,F-5,75603
11031,F-5,75607
11032,F-5,75608
11033,F-5,75609
11034,F-5,75611
11035,F-5,75618
11036,F-5,75622
11037,F-5,75623
11038,F-5,75627
11039,F-5,75629
11040,F-5,75636
11041,F-5,75645
11042,F-5,75648
11043,F-5,75650
11044,F-5,75663
11045,F-5,75664
11046,F-5,75666
11047,F-5,75667
11048,F-5,75671
11049,F-5,75674
11050,F-5,75683
11051,F-5,75690
11052,F-5,75692
11053,F-5,75695
11054,F-5,75696
11055,F-5,75701
11056,F-5,75708
11057,F-5,75710
11058,F-5,75711
11059,F-5,75714
11060,F-5,75716
11061,F-5,75717
11062,F-5,75718
11063,F-5,75720
11064,F-5,75721
11065,F-5,75722
11066,F-5,75723
11067,F-5,75727
11068,F-5,75731
11069,F-5,75733
11070,F-5,75736
11071,F-5,75737
11072,F-5,75747
11073,F-5,75750
11074,F-5,75751
11075,F-5,75759
11076,F-5,75760
11077,F-5,75767
11078,F-5,75772
11079,F-5,75775
11080,F-5,75776
11081,F-5,75783
11082,F-5,75799
11083,F-5,75801
11084,F-5,75808
11085,F-5,75814
11086,F-5,75816
11087,F-5,75817
11088,F-5,75821
11089,F-5,75831
11090,F-5,75834
11091,F-5,75836
11092,F-5,75845
11093,F-5,75850
11094,F-5,75854
11095,F-5,75857
11096,F-5,75858
11097,F-5,75863
11098,F-5,75867
11099,F-5,75870
11100,F-5,75872
11101,F-5,75879
11102,F-5,75882
11103,F-5,75887
11104,F-5,75895
11105,F-5,75897
11106,F-5,75898
11107,F-5,75899
11108,F-5,75902
11109,F-5,75903
11110,F-5,75905
11111,F-5,75906
11112,F-5,75907
11113,F-5,75908
11114,F-5,75913
11115,F-5,75914
11116,F-5,75920
11117,F-5,75929
11118,F-5,75934
11119,F-5,75948
11120,F-5,75953
11121,F-5,75962
11122,F-5,75963
11123,F-5,75964
11124,F-5,75966
11125,F-5,75972
11126,F-5,75973
11127,F-5,75974
11128,F-5,75977
11129,F-5,75979
11130,F-5,75983
11131,F-5,75991
11132,F-5,75993
11133,F-5,76002
11134,F-5,76003
11135,F-5,76006
11136,F-5,76008
11137,F-5,76010
11138,F-5,76014
11139,F-5,76016
11140,F-5,76019
11141,F-5,76020
11142,F-5,76022
11143,F-5,76023
11144,F-5,76025
11145,F-5,76026
11146,F-5,76030
11147,F-5,76031
11148,F-5,76043
11149,F-5,76044
11150,F-5,76049
11151,F-5,76050
11152,F-5,76057
11153,F-5,76059
11154,F-5,76065
11155,F-5,76068
11156,F-5,76075
11157,F-5,76076
11158,F-5,76079
11159,F-5,76085
11160,F-5,76090
11161,F-5,76092
11162,F-5,76103
11163,F-5,76123
11164,F-5,76125
11165,F-5,76128
11166,F-5,76132
11167,F-5,76134
11168,F-5,76142
11169,F-5,76146
11170,F-5,76151
11171,F-5,76160
11172,F-5,76161
11173,F-5,76165
11174,F-5,76168
11175,F-5,76169
11176,F-5,76172
11177,F-5,76189
11178,F-5,76199
11179,F-5,76200
11180,F-5,76202
11181,F-5,76204
11182,F-5,76205
11183,F-5,76210
11184,F-5,76211
11185,F-5,76213
11186,F-5,76215
11187,F-5,76218
11188,F-5,76227
11189,F-5,76230
11190,F-5,76238
11191,F-5,76240
11192,F-5,76242
11193,F-5,76244
11194,F-5,76251
11195,F-5,76256
11196,F-5,76257
11197,F-5,76262
11198,F-5,76264
11199,F-5,76274
11200,F-5,76275
11201,F-5,76277
11202,F-5,76287
11203,F-5,76289
11204,F-5,76305
11205,F-5,76326
11206,F-5,76333
11207,F-5,76340
11208,F-5,76346
11209,F-5,76347
11210,F-5,76352
11211,F-5,76357
11212,F-5,76361
11213,F-5,76372
11214,F-5,76386
11215,F-5,76387
11216,F-5,76391
11217,F-5,76393
11218,F-5,76395
11219,F-5,76404
11220,F-5,76409
11221,F-5,76414
11222,F-5,76419
11223,F-5,76431
11224,F-5,76446
11225,F-5,76452
11226,F-5,76455
11227,F-5,76456
11228,F-5,76467
11229,F-5,76470
11230,F-5,76471
11231,F-5,76475
11232,F-5,76479
11233,F-5,76481
11234,F-5,76491
11235,F-5,76494
11236,F-5,76497
11237,F-5,76501
11238,F-5,76514
11239,F-5,76517
11240,F-5,76518
11241,F-5,76523
11242,F-5,76525
11243,F-5,76526
11244,F-5,76534
11245,F-5,76537
11246,F-5,76540
11247,F-5,76548
11248,F-5,76549
11249,F-5,76550
11250,F-5,76551
11251,F-5,76558
11252,F-5,76559
11253,F-5,76561
11254,F-5,76569
11255,F-5,76573
11256,F-5,76574
11257,F-5,76575
11258,F-5,76577
11259,F-5,76582
11260,F-5,76584
11261,F-5,76587
11262,F-5,76591
11263,F-5,76603
11264,F-5,76609
11265,F-5,76615
11266,F-5,76626
11267,F-5,76628
11268,F-5,76636
11269,F-5,76639
11270,F-5,76649
11271,F-5,76650
11272,F-5,76653
11273,F-5,76664
11274,F-5,76671
11275,F-5,76674
11276,F-5,76686
11277,F-5,76691
11278,F-5,76694
11279,F-5,76695
11280,F-5,76696
11281,F-5,76698
11282,F-5,76699
11283,F-5,76700
11284,F-5,76702
11285,F-5,76704
11286,F-5,76705
11287,F-5,76706
11288,F-5,76709
11289,F-5,76710
11290,F-5,76711
11291,F-5,76716
11292,F-5,76718
11293,F-5,76729
11294,F-5,76733
11295,F-5,76739
11296,F-5,76753
11297,F-5,76754
11298,F-5,76755
11299,F-5,76756
11300,F-5,76757
11301,F-5,76758
11302,F-5,76760
11303,F-5,76764
11304,F-5,76768
11305,F-5,76769
11306,F-5,76771
11307,F-5,76773
11308,F-5,76775
11309,F-5,76781
11310,F-5,76792
11311,F-5,76793
11312,F-5,76794
11313,F-5,76799
11314,F-5,76816
11315,F-5,76818
11316,F-5,76819
11317,F-5,76821
11318,F-5,76822
11319,F-5,76832
11320,F-5,76837
11321,F-5,76840
11322,F-5,76848
11323,F-5,76849
11324,F-5,76854
11325,F-5,76855
11326,F-5,76869
11327,F-5,76877
11328,F-5,76892
11329,F-5,76893
11330,F-5,76899
11331,F-5,76906
11332,F-5,76918
11333,F-5,76922
11334,F-5,76925
11335,F-5,76934
11336,F-5,76940
11337,F-5,76942
11338,F-5,76948
11339,F-5,76953
11340,F-5,76954
11341,F-5,76967
11342,F-5,76972
11343,F-5,76995
11344,F-5,76996
11345,F-5,76997
11346,F-5,76998
11347,F-5,77012
11348,F-5,77013
11349,F-5,77016
11350,F-5,77018
11351,F-5,77020
11352,F-5,77021
11353,F-5,77035
11354,F-5,77036
11355,F-5,77043
11356,F-5,77047
11357,F-5,77048
11358,F-5,77054
11359,F-5,77056
11360,F-5,77057
11361,F-5,77058
11362,F-5,77059
11363,F-5,77061
11364,F-5,77068
11365,F-5,77069
11366,F-5,77070
11367,F-5,77073
11368,F-5,77077
11369,F-5,77080
11370,F-5,77084
11371,F-5,77086
11372,F-5,77091
11373,F-5,77105
11374,F-5,77106
11375,F-5,77111
11376,F-5,77118
11377,F-5,77125
11378,F-5,77128
11379,F-5,77137
11380,F-5,77142
11381,F-5,77147
11382,F-5,77153
11383,F-5,77155
11384,F-5,77156
11385,F-5,77161
11386,F-5,77170
11387,F-5,77178
11388,F-5,77183
11389,F-5,77187
11390,F-5,77191
11391,F-5,77198
11392,F-5,77207
11393,F-5,77211
11394,F-5,77216
11395,F-5,77218
11396,F-5,77220
11397,F-5,77222
11398,F-5,77229
11399,F-5,77231
11400,F-5,77233
11401,F-5,77235
11402,F-5,77236
11403,F-5,77254
11404,F-5,77255
11405,F-5,77256
11406,F-5,77258
11407,F-5,77259
11408,F-5,77266
11409,F-5,77275
11410,F-5,77281
11411,F-5,77297
11412,F-5,77299
11413,F-5,77302
11414,F-5,77305
11415,F-5,77309
11416,F-5,77317
11417,F-5,77319
11418,F-5,77321
11419,F-5,77329
11420,F-5,77331
11421,F-5,77334
11422,F-5,77338
11423,F-5,77343
11424,F-5,77347
11425,F-5,77355
11426,F-5,77360
11427,F-5,77364
11428,F-5,77372
11429,F-5,77380
11430,F-5,77382
11431,F-5,77383
11432,F-5,77391
11433,F-5,77392
11434,F-5,77393
11435,F-5,77394
11436,F-5,77395
11437,F-5,77401
11438,F-5,77405
11439,F-5,77410
11440,F-5,77414
11441,F-5,77420
11442,F-5,77427
11443,F-5,77433
11444,F-5,77434
11445,F-5,77441
11446,F-5,77446
11447,F-5,77453
11448,F-5,77454
11449,F-5,77455
11450,F-5,77464
11451,F-5,77466
11452,F-5,77468
11453,F-5,77473
11454,F-5,77474
11455,F-5,77479
11456,F-5,77480
11457,F-5,77484
11458,F-5,77488
11459,F-5,77497
11460,F-5,77500
11461,F-5,77504
11462,F-5,77507
11463,F-5,77508
11464,F-5,77517
11465,F-5,77518
11466,F-5,77526
11467,F-5,77533
11468,F-5,77534
11469,F-5,77538
11470,F-5,77544
11471,F-5,77547
11472,F-5,77549
11473,F-5,77554
11474,F-5,77555
11475,F-5,77558
11476,F-5,77567
11477,F-5,77574
11478,F-5,77577
11479,F-5,77581
11480,F-5,77582
11481,F-5,77583
11482,F-5,77586
11483,F-5,77591
11484,F-5,77602
11485,F-5,77606
11486,F-5,77612
11487,F-5,77614
11488,F-5,77620
11489,F-5,77624
11490,F-5,77626
11491,F-5,77628
11492,F-5,77637
11493,F-5,77643
11494,F-5,77644
11495,F-5,77648
11496,F-5,77655
11497,F-5,77658
11498,F-5,77660
11499,F-5,77664
11500,F-5,77670
11501,F-5,77676
11502,F-5,77687
11503,F-5,77692
11504,F-5,77698
11505,F-5,77700
11506,F-5,77701
11507,F-5,77702
11508,F-5,77737
11509,F-5,77741
11510,F-5,77749
11511,F-5,77751
11512,F-5,77756
11513,F-5,77758
11514,F-5,77774
11515,F-5,77779
11516,F-5,77782
11517,F-5,77791
11518,F-5,77792
11519,F-5,77795
11520,F-5,77799
11521,F-5,77801
11522,F-5,77805
11523,F-5,77808
11524,F-5,77813
11525,F-5,77827
11526,F-5,77832
11527,F-5,77848
11528,F-5,77850
11529,F-5,77851
11530,F-5,77856
11531,F-5,77861
11532,F-5,77867
11533,F-5,77872
11534,F-5,77874
11535,F-5,77875
11536,F-5,77879
11537,F-5,77880
11538,F-5,77881
11539,F-5,77892
11540,F-5,77909
11541,F-5,77916
11542,F-5,77918
11543,F-5,77921
11544,F-5,77923
11545,F-5,77926
11546,F-5,77937
11547,F-5,77940
11548,F-5,77943
11549,F-5,77944
11550,F-5,77945
11551,F-5,77947
11552,F-5,77955
11553,F-5,77964
11554,F-5,77966
11555,F-5,77973
11556,F-5,77976
11557,F-5,77982
11558,F-5,77983
11559,F-5,77986
11560,F-5,77990
11561,F-5,77994
11562,F-5,78001
11563,F-5,78011
11564,F-5,78013
11565,F-5,78016
11566,F-5,78020
11567,F-5,78021
11568,F-5,78032
11569,F-5,78042
11570,F-5,78046
11571,F-5,78056
11572,F-5,78058
11573,F-5,78068
11574,F-5,78069
11575,F-5,78072
11576,F-5,78082
11577,F-5,78094
11578,F-5,78097
11579,F-5,78098
11580,F-5,78100
11581,F-5,78102
11582,F-5,78103
11583,F-5,78116
11584,F-5,78122
11585,F-5,78126
11586,F-5,78127
11587,F-5,78129
11588,F-5,78130
11589,F-5,78133
11590,F-5,78142
11591,F-5,78144
11592,F-5,78145
11593,F-5,78148
11594,F-5,78149
11595,F-5,78150
11596,F-5,78153
11597,F-5,78155
11598,F-5,78160
11599,F-5,78166
11600,F-5,78169
11601,F-5,78182
11602,F-5,78183
11603,F-5,78186
11604,F-5,78188
11605,F-5,78190
11606,F-5,78197
11607,F-5,78201
11608,F-5,78207
11609,F-5,78215
11610,F-5,78216
11611,F-5,78221
11612,F-5,78224
11613,F-5,78228
11614,F-5,78230
11615,F-5,78232
11616,F-5,78233
11617,F-5,78235
11618,F-5,78238
11619,F-5,78244
11620,F-5,78245
11621,F-5,78247
11622,F-5,78251
11623,F-5,78257
11624,F-5,78260
11625,F-5,78271
11626,F-5,78275
11627,F-5,78278
11628,F-5,78280
11629,F-5,78283
11630,F-5,78284
11631,F-5,78285
11632,F-5,78287
11633,F-5,78290
11634,F-5,78305
11635,F-5,78308
11636,F-5,78315
11637,F-5,78319
11638,F-5,78321
11639,F-5,78324
11640,F-5,78327
11641,F-5,78343
11642,F-5,78344
11643,F-5,78356
11644,F-5,78362
11645,F-5,78364
11646,F-5,78369
11647,F-5,78378
11648,F-5,78387
11649,F-5,78395
11650,F-5,78397
11651,F-5,78401
11652,F-5,78404
11653,F-5,78408
11654,F-5,78410
11655,F-5,78417
11656,F-5,78419
11657,F-5,78421
11658,F-5,78424
11659,F-5,78431
11660,F-5,78432
11661,F-5,78434
11662,F-5,78435
11663,F-5,78438
11664,F-5,78445
11665,F-5,78447
11666,F-5,78454
11667,F-5,78456
11668,F-5,78465
11669,F-5,78468
11670,F-5,78472
11671,F-5,78473
11672,F-5,78489
11673,F-5,78492
11674,F-5,78495
11675,F-5,78501
11676,F-5,78502
11677,F-5,78504
11678,F-5,78507
11679,F-5,78512
11680,F-5,78514
11681,F-5,78517
11682,F-5,78518
11683,F-5,78522
11684,F-5,78523
11685,F-5,78530
11686,F-5,78533
11687,F-5,78534
11688,F-5,78537
11689,F-5,78540
11690,F-5,78541
11691,F-5,78545
11692,F-5,78557
11693,F-5,78560
11694,F-5,78570
11695,F-5,78571
11696,F-5,78572
11697,F-5,78573
11698,F-5,78584
11699,F-5,78592
11700,F-5,78597
11701,F-5,78601
11702,F-5,78605
11703,F-5,78608
11704,F-5,78609
11705,F-5,78611
11706,F-5,78614
11707,F-5,78634
11708,F-5,78643
11709,F-5,78646
11710,F-5,78651
11711,F-5,78656
11712,F-5,78663
11713,F-5,78664
11714,F-5,78667
11715,F-5,78676
11716,F-5,78679
11717,F-5,78689
11718,F-5,78694
11719,F-5,78695
11720,F-5,78707
11721,F-5,78710
11722,F-5,78712
11723,F-5,78714
11724,F-5,78716
11725,F-5,78720
11726,F-5,78721
11727,F-5,78733
11728,F-5,78734
11729,F-5,78745
11730,F-5,78747
11731,F-5,78748
11732,F-5,78749
11733,F-5,78751
11734,F-5,78752
11735,F-5,78767
11736,F-5,78775
11737,F-5,78777
11738,F-5,78784
11739,F-5,78785
11740,F-5,78786
11741,F-5,78788
11742,F-5,78812
11743,F-5,78818
11744,F-5,78829
11745,F-5,78833
11746,F-5,78836
11747,F-5,78838
11748,F-5,78845
11749,F-5,78853
11750,F-5,78854
11751,F-5,78858
11752,F-5,78861
11753,F-5,78862
11754,F-5,78863
11755,F-5,78868
11756,F-5,78876
11757,F-5,78883
11758,F-5,78893
11759,F-5,78894
11760,F-5,78897
11761,F-5,78900
11762,F-5,78910
11763,F-5,78919
11764,F-5,78921
11765,F-5,78922
11766,F-5,78923
11767,F-5,78924
11768,F-5,78933
11769,F-5,78955
11770,F-5,78957
11771,F-5,78960
11772,F-5,78968
11773,F-5,78972
11774,F-5,78979
11775,F-5,78981
11776,F-5,78982
11777,F-5,78984
11778,F-5,78985
11779,F-5,78986
11780,F-5,78992
11781,F-5,78998
11782,F-5,79002
11783,F-5,79007
11784,F-5,79016
11785,F-5,79021
11786,F-5,79027
11787,F-5,79031
11788,F-5,79032
11789,F-5,79034
11790,F-5,79040
11791,F-5,79043
11792,F-5,79044
11793,F-5,79048
11794,F-5,79050
11795,F-5,79054
11796,F-5,79061
11797,F-5,79065
11798,F-5,79070
11799,F-5,79071
11800,F-5,79072
11801,F-5,79080
11802,F-5,79081
11803,F-5,79082
11804,F-5,79085
11805,F-5,79093
11806,F-5,79096
11807,F-5,79100
11808,F-5,79106
11809,F-5,79109
11810,F-5,79110
11811,F-5,79113
11812,F-5,79114
11813,F-5,79117
11814,F-5,79126
11815,F-5,79136
11816,F-5,79140
11817,F-5,79143
11818,F-5,79152
11819,F-5,79154
11820,F-5,79158
11821,F-5,79161
11822,F-5,79163
11823,F-5,79170
11824,F-5,79174
11825,F-5,79175
11826,F-5,79178
11827,F-5,79183
11828,F-5,79190
11829,F-5,79191
11830,F-5,79194
11831,F-5,79195
11832,F-5,79199
11833,F-5,79203
11834,F-5,79206
11835,F-5,79207
11836,F-5,79208
11837,F-5,79209
11838,F-5,79213
11839,F-5,79217
11840,F-5,79220
11841,F-5,79222
11842,F-5,79223
11843,F-5,79229
11844,F-5,79232
11845,F-5,79233
11846,F-5,79260
11847,F-5,79278
11848,F-5,79282
11849,F-5,79284
11850,F-5,79285
11851,F-5,79286
11852,F-5,79291
11853,F-5,79293
11854,F-5,79295
11855,F-5,79296
11856,F-5,79304
11857,F-5,79308
11858,F-5,79309
11859,F-5,79313
11860,F-5,79314
11861,F-5,79324
11862,F-5,79327
11863,F-5,79332
11864,F-5,79333
11865,F-5,79339
11866,F-5,79344
11867,F-5,79345
11868,F-5,79354
11869,F-5,79356
11870,F-5,79362
11871,F-5,79367
11872,F-5,79368
11873,F-5,79370
11874,F-5,79375
11875,F-5,79385
11876,F-5,79390
11877,F-5,79405
11878,F-5,79410
11879,F-5,79414
11880,F-5,79419
11881,F-5,79422
11882,F-5,79425
11883,F-5,79426
11884,F-5,79428
11885,F-5,79429
11886,F-5,79443
11887,F-5,79444
11888,F-5,79445
11889,F-5,79446
11890,F-5,79450
11891,F-5,79458
11892,F-5,79459
11893,F-5,79468
11894,F-5,79469
11895,F-5,79473
11896,F-5,79476
11897,F-5,79477
11898,F-5,79484
11899,F-5,79485
11900,F-5,79497
11901,F-5,79501
11902,F-5,79508
11903,F-5,79511
11904,F-5,79512
11905,F-5,79514
11906,F-5,79518
11907,F-5,79520
11908,F-5,79522
11909,F-5,79525
11910,F-5,79531
11911,F-5,79533
11912,F-5,79534
11913,F-5,79546
11914,F-5,79549
11915,F-5,79555
11916,F-5,79556
11917,F-5,79559
11918,F-5,79561
11919,F-5,79563
11920,F-5,79564
11921,F-5,79566
11922,F-5,79567
11923,F-5,79568
11924,F-5,79575
11925,F-5,79578
11926,F-5,79580
11927,F-5,79592
11928,F-5,79599
11929,F-5,79607
11930,F-5,79616
11931,F-5,79624
11932,F-5,79628
11933,F-5,79629
11934,F-5,79631
11935,F-5,79635
11936,F-5,79636
11937,F-5,79637
11938,F-5,79639
11939,F-5,79647
11940,F-5,79652
11941,F-5,79653
11942,F-5,79656
11943,F-5,79659
11944,F-5,79664
11945,F-5,79667
11946,F-5,79670
11947,F-5,79676
11948,F-5,79684
11949,F-5,79692
11950,F-5,79702
11951,F-5,79704
11952,F-5,79706
11953,F-5,79711
11954,F-5,79714
11955,F-5,79716
11956,F-5,79723
11957,F-5,79726
11958,F-5,79728
11959,F-5,79744
11960,F-5,79747
11961,F-5,79751
11962,F-5,79762
11963,F-5,79767
11964,F-5,79773
11965,F-5,79776
11966,F-5,79781
11967,F-5,79783
11968,F-5,79788
11969,F-5,79790
11970,F-5,79791
11971,F-5,79795
11972,F-5,79796
11973,F-5,79797
11974,F-5,79805
11975,F-5,79806
11976,F-5,79807
11977,F-5,79809
11978,F-5,79818
11979,F-5,79819
11980,F-5,79822
11981,F-5,79833
11982,F-5,79846
11983,F-5,79854
11984,F-5,79855
11985,F-5,79860
11986,F-5,79862
11987,F-5,79863
11988,F-5,79868
11989,F-5,79883
11990,F-5,79885
11991,F-5,79890
11992,F-5,79905
11993,F-5,79908
11994,F-5,79909
11995,F-5,79913
11996,F-5,79917
11997,F-5,79922
11998,F-5,79935
11999,F-5,79936
12000,F-15 family,79989
12001,F-15 family,79990
12002,F-15 family,79996
12003,F-15 family,80022
12004,F-15 family,80098
12005,F-15 family,80115
12006,F-15 family,80132
12007,F-15 family,80180
12008,F-15 family,80182
12009,F-15 family,80213
12010,F-15 family,80236
12011,F-15 family,80255
12012,F-15 family,80262
12013,F-15 family,80292
12014,F-15 family,80308
12015,F-15 family,80340
12016,F-15 family,80381
12017,F-15 family,80387
12018,F-15 family,80393
12019,F-15 family,80411
12020,F-15 family,80433
12021,F-15 family,80449
12022,F-15 family,80488
12023,F-15 family,80534
12024,F-15 family,80564
12025,F-15 family,80579
12026,F-15 family,80611
12027,F-15 family,80628
12028,F-15 family,80704
12029,F-15 family,80725
12030,F-15 family,80767
12031,F-15 family,80782
12032,F-15 family,80807
12033,F-15 family,80834
12034,F-15 family,80844
12035,F-15 family,80847
12036,F-15 family,80850
12037,F-15 family,80855
12038,F-15 family,80865
12039,F-15 family,80877
12040,F-15 family,80882
12041,F-15 family,80952
12042,F-15 family,80971
12043,F-15 family,81001
12044,F-15 family,81031
12045,F-15 family,81058
12046,F-15 family,81073
12047,F-15 family,81080
12048,F-15 family,81112
12049,F-15 family,81113
12050,F-15 family,81116
12051,F-15 family,81141
12052,F-15 family,81150
12053,F-15 family,81201
12054,F-15 family,81203
12055,F-15 family,81231
12056,F-15 family,81260
12057,F-15 family,81293
12058,F-15 family,81323
12059,F-15 family,81336
12060,F-15 family,81377
12061,F-15 family,81428
12062,F-15 family,81447
12063,F-15 family,81460
12064,F-15 family,81462
12065,F-15 family,81467
12066,F-15 family,81469
12067,F-15 family,81494
12068,F-15 family,81501
12069,F-15 family,81507
12070,F-15 family,81551
12071,F-15 family,81599
12072,F-15 family,81602
12073,F-15 family,81605
12074,F-15 family,81617
12075,F-15 family,81635
12076,F-15 family,81655
12077,F-15 family,81656
12078,F-15 family,81663
12079,F-15 family,81692
12080,F-15 family,81765
12081,F-15 family,81813
12082,F-15 family,81818
12083,F-15 family,81822
12084,F-15 family,81860
12085,F-15 family,81870
12086,F-15 family,81897
12087,F-15 family,81898
12088,F-15 family,81933
12089,F-15 family,81935
12090,F-15 family,82014
12091,F-15 family,82020
12092,F-15 family,82029
12093,F-15 family,82063
12094,F-15 family,82107
12095,F-15 family,82122
12096,F-15 family,82184
12097,F-15 family,82246
12098,F-15 family,82282
12099,F-15 family,82304
12100,F-15 family,82306
12101,F-15 family,82325
12102,F-15 family,82342
12103,F-15 family,82350
12104,F-15 family,82366
12105,F-15 family,82411
12106,F-15 family,82422
12107,F-15 family,82441
12108,F-15 family,82445
12109,F-15 family,82489
12110,F-15 family,82498
12111,F-15 family,82521
12112,F-15 family,82535
12113,F-15 family,82546
12114,F-15 family,82554
12115,F-15 family,82570
12116,F-15 family,82586
12117,F-15 family,82602
12118,F-15 family,82614
12119,F-15 family,82637
12120,F-15 family,82654
12121,F-15 family,82700
12122,F-15 family,82752
12123,F-15 family,82798
12124,F-15 family,82871
12125,F-15 family,82893
12126,F-15 family,82996
12127,F-15 family,83030
12128,F-15 family,83043
12129,F-15 family,83083
12130,F-15 family,83086
12131,F-15 family,83102
12132,F-15 family,83114
12133,F-15 family,83133
12134,F-15 family,83146
12135,F-15 family,83191
12136,F-15 family,83229
12137,F-15 family,83264
12138,F-15 family,83292
12139,F-15 family,83296
12140,F-15 family,83303
12141,F-15 family,83305
12142,F-15 family,83322
12143,F-15 family,83327
12144,F-15 family,83407
12145,F-15 family,83422
12146,F-15 family,83427
12147,F-15 family,83454
12148,F-15 family,83552
12149,F-15 family,83570
12150,F-15 family,83613
12151,F-15 family,83651
12152,F-15 family,83708
12153,F-15 family,83718
12154,F-15 family,83754
12155,F-15 family,83780
12156,F-15 family,83839
12157,F-15 family,83857
12158,F-15 family,83896
12159,F-15 family,83926
12160,F-15 family,83979
12161,F-15 family,83991
12162,F-15 family,84009
12163,F-15 family,84036
12164,F-15 family,84068
12165,F-15 family,84080
12166,F-15 family,84106
12167,F-15 family,84110
12168,F-15 family,84121
12169,F-15 family,84127
12170,F-15 family,84141
12171,F-15 family,84174
12172,F-15 family,84179
12173,F-15 family,84183
12174,F-15 family,84194
12175,F-15 family,84197
12176,F-15 family,84209
12177,F-15 family,84239
12178,F-15 family,84249
12179,F-15 family,84333
12180,F-15 family,84391
12181,F-15 family,84447
12182,F-15 family,84449
12183,F-15 family,84456
12184,F-15 family,84482
12185,F-15 family,84484
12186,F-15 family,84503
12187,F-15 family,84582
12188,F-15 family,84592
12189,F-15 family,84601
12190,F-15 family,84615
12191,F-15 family,84636
12192,F-15 family,84645
12193,F-15 family,84694
12194,F-15 family,84737
12195,F-15 family,84738
12196,F-15 family,84792
12197,F-15 family,84824
12198,F-15 family,84835
12199,F-15 family,84853
12200,F-15 family,84858
12201,F-15 family,84900
12202,F-15 family,84904
12203,F-15 family,84912
12204,F-15 family,84937
12205,F-15 family,84970
12206,F-15 family,84974
12207,F-15 family,84983
12208,F-15 family,85002
12209,F-15 family,85022
12210,F-15 family,85023
12211,F-15 family,85039
12212,F-15 family,85050
12213,F-15 family,85159
12214,F-15 family,85188
12215,F-15 family,85249
12216,F-15 family,85284
12217,F-15 family,85323
12218,F-15 family,85339
12219,F-15 family,85363
12220,F-15 family,85374
12221,F-15 family,85400
12222,F-15 family,85475
12223,F-15 family,85551
12224,F-15 family,85569
12225,F-15 family,85592
12226,F-15 family,85605
12227,F-15 family,85613
12228,F-15 family,85643
12229,F-15 family,85652
12230,F-15 family,85671
12231,F-15 family,85675
12232,F-15 family,85697
12233,F-15 family,85720
12234,F-15 family,85728
12235,F-15 family,85736
12236,F-15 family,85740
12237,F-15 family,85798
12238,F-15 family,85834
12239,F-15 family,85870
12240,F-15 family,85886
12241,F-15 family,85904
12242,F-15 family,85934
12243,F-15 family,85941
12244,F-15 family,85950
12245,F-15 family,85960
12246,F-15 family,85985
12247,F-15 family,86010
12248,F-15 family,86063
12249,F-15 family,86085
12250,F-15 family,86128
12251,F-15 family,86145
12252,F-15 family,86149
12253,F-15 family,86272
12254,F-15 family,86298
12255,F-15 family,86352
12256,F-15 family,86355
12257,F-15 family,86381
12258,F-15 family,86452
12259,F-15 family,86509
12260,F-15 family,86510
12261,F-15 family,86515
12262,F-15 family,86521
12263,F-15 family,86546
12264,F-15 family,86560
12265,F-15 family,86561
12266,F-15 family,86568
12267,F-15 family,86605
12268,F-15 family,86608
12269,F-15 family,86617
12270,F-15 family,86641
12271,F-15 family,86680
12272,F-15 family,86692
12273,F-15 family,86695
12274,F-15 family,86732
12275,F-15 family,86787
12276,F-15 family,86800
12277,F-15 family,86806
12278,F-15 family,86827
12279,F-15 family,86873
12280,F-15 family,86883
12281,F-15 family,86901
12282,F-15 family,86905
12283,F-15 family,86943
12284,F-15 family,86955
12285,F-15 family,86964
12286,F-15 family,86965
12287,F-15 family,87004
12288,F-15 family,87029
12289,F-15 family,87030
12290,F-15 family,87040
12291,F-15 family,87042
12292,F-15 family,87123
12293,F-15 family,87180
12294,F-15 family,87195
12295,F-15 family,87207
12296,F-15 family,87223
12297,F-15 family,87241
12298,F-15 family,87276
12299,F-15 family,87279
12300,F-15 family,87306
12301,F-15 family,87308
12302,F-15 family,87356
12303,F-15 family,87359
12304,F-15 family,87424
12305,F-15 family,87463
12306,F-15 family,87525
12307,F-15 family,87539
12308,F-15 family,87602
12309,F-15 family,87639
12310,F-15 family,87653
12311,F-15 family,87681
12312,F-15 family,87682
12313,F-15 family,87684
12314,F-15 family,87686
12315,F-15 family,87687
12316,F-15 family,87751
12317,F-15 family,87760
12318,F-15 family,87763
12319,F-15 family,87807
12320,F-15 family,87840
12321,F-15 family,87857
12322,F-15 family,87926
12323,F-15 family,87940
12324,F-15 family,87941
12325,F-15 family,87951
12326,F-15 family,87957
12327,F-15 family,87990
12328,F-15 family,88021
12329,F-15 family,88022
12330,F-15 family,88035
12331,F-15 family,88047
12332,F-15 family,88080
12333,F-15 family,88082
12334,F-15 family,88114
12335,F-15 family,88180
12336,F-15 family,88204
12337,F-15 family,88223
12338,F-15 family,88234
12339,F-15 family,88239
12340,F-15 family,88258
12341,F-15 family,88318
12342,F-15 family,88345
12343,F-15 family,88370
12344,F-15 family,88397
12345,F-15 family,88407
12346,F-15 family,88419
12347,F-15 family,88422
12348,F-15 family,88423
12349,F-15 family,88427
12350,F-15 family,88464
12351,F-15 family,88466
12352,F-15 family,88478
12353,F-15 family,88481
12354,F-15 family,88488
12355,F-15 family,88519
12356,F-15 family,88526
12357,F-15 family,88546
12358,F-15 family,88598
12359,F-15 family,88628
12360,F-15 family,88633
12361,F-15 family,88727
12362,F-15 family,88772
12363,F-15 family,88822
12364,F-15 family,88830
12365,F-15 family,88839
12366,F-15 family,88849
12367,F-15 family,88863
12368,F-15 family,88927
12369,F-15 family,88929
12370,F-15 family,88932
12371,F-15 family,88965
12372,F-15 family,89032
12373,F-15 family,89034
12374,F-15 family,89054
12375,F-15 family,89083
12376,F-15 family,89120
12377,F-15 family,89129
12378,F-15 family,89151
12379,F-15 family,89159
12380,F-15 family,89176
12381,F-15 family,89193
12382,F-15 family,89196
12383,F-15 family,89214
12384,F-15 family,89221
12385,F-15 family,89237
12386,F-15 family,89263
12387,F-15 family,89272
12388,F-15 family,89282
12389,F-15 family,89295
12390,F-15 family,89318
12391,F-15 family,89423
12392,F-15 family,89430
12393,F-15 family,89456
12394,F-15 family,89485
12395,F-15 family,89508
12396,F-15 family,89540
12397,F-15 family,89541
12398,F-15 family,89559
12399,F-15 family,89566
12400,F-15 family,89594
12401,F-15 family,89616
12402,F-15 family,89638
12403,F-15 family,89671
12404,F-15 family,89681
12405,F-15 family,89706
12406,F-15 family,89708
12407,F-15 family,89713
12408,F-15 family,89759
12409,F-15 family,89761
12410,F-15 family,89764
12411,F-15 family,89791
12412,F-15 family,89792
12413,F-15 family,89804
12414,F-15 family,89823
12415,F-15 family,89842
12416,F-15 family,89909
12417,F-15 family,89940
12418,F-15 family,89981
12419,F-15 family,89993
12420,F-15 family,90010
12421,F-15 family,90014
12422,F-15 family,90019
12423,F-15 family,90030
12424,F-15 family,90061
12425,F-15 family,90088
12426,F-15 family,90097
12427,F-15 family,90100
12428,F-15 family,90131
12429,F-15 family,90176
12430,F-15 family,90198
12431,F-15 family,90203
12432,F-15 family,90246
12433,F-15 family,90251
12434,F-15 family,90257
12435,F-15 family,90273
12436,F-15 family,90282
12437,F-15 family,90309
12438,F-15 family,90346
12439,F-15 family,90358
12440,F-15 family,90445
12441,F-15 family,90466
12442,F-15 family,90479
12443,F-15 family,90490
12444,F-15 family,90495
12445,F-15 family,90521
12446,F-15 family,90525
12447,F-15 family,90531
12448,F-15 family,90542
12449,F-15 family,90544
12450,F-15 family,90557
12451,F-15 family,90599
12452,F-15 family,90638
12453,F-15 family,90661
12454,F-15 family,90669
12455,F-15 family,90672
12456,F-15 family,90699
12457,F-15 family,90709
12458,F-15 family,90722
12459,F-15 family,90760
12460,F-15 family,90770
12461,F-15 family,90774
12462,F-15 family,90788
12463,F-15 family,90804
12464,F-15 family,90818
12465,F-15 family,90822
12466,F-15 family,90858
12467,F-15 family,90868
12468,F-15 family,90916
12469,F-15 family,90936
12470,F-15 family,91029
12471,F-15 family,91040
12472,F-15 family,91082
12473,F-15 family,91125
12474,F-15 family,91143
12475,F-15 family,91168
12476,F-15 family,91173
12477,F-15 family,91247
12478,F-15 family,91264
12479,F-15 family,91279
12480,F-15 family,91310
12481,F-15 family,91313
12482,F-15 family,91388
12483,F-15 family,91505
12484,F-15 family,91523
12485,F-15 family,91541
12486,F-15 family,91550
12487,F-15 family,91552
12488,F-15 family,91793
12489,F-15 family,91851
12490,F-15 family,91883
12491,F-15 family,91914
12492,F-15 family,91917
12493,F-15 family,91919
12494,F-15 family,91926
12495,F-15 family,92002
12496,F-15 family,92022
12497,F-15 family,92037
12498,F-15 family,92063
12499,F-15 family,92111
12500,F-15 family,92122
12501,F-15 family,92130
12502,F-15 family,92157
12503,F-15 family,92196
12504,F-15 family,92205
12505,F-15 family,92214
12506,F-15 family,92242
12507,F-15 family,92245
12508,F-15 family,92270
12509,F-15 family,92317
12510,F-15 family,92319
12511,F-15 family,92351
12512,F-15 family,92400
12513,F-15 family,92427
12514,F-15 family,92428
12515,F-15 family,92468
12516,F-15 family,92474
12517,F-15 family,92475
12518,F-15 family,92598
12519,F-15 family,92616
12520,F-15 family,92619
12521,F-15 family,92663
12522,F-15 family,92665
12523,F-15 family,92710
12524,F-15 family,92719
12525,F-15 family,92731
12526,F-15 family,92787
12527,F-15 family,92808
12528,F-15 family,92812
12529,F-15 family,92817
12530,F-15 family,92818
12531,F-15 family,92835
12532,F-15 family,92905
12533,F-15 family,92928
12534,F-15 family,92948
12535,F-15 family,92964
12536,F-15 family,92969
12537,F-15 family,92975
12538,F-15 family,93036
12539,F-15 family,93042
12540,F-15 family,93047
12541,F-15 family,93061
12542,F-15 family,93067
12543,F-15 family,93169
12544,F-15 family,93258
12545,F-15 family,93290
12546,F-15 family,93434
12547,F-15 family,93438
12548,F-15 family,93454
12549,F-15 family,93504
12550,F-15 family,93527
12551,F-15 family,93560
12552,F-15 family,93569
12553,F-15 family,93588
12554,F-15 family,93650
12555,F-15 family,93670
12556,F-15 family,93731
12557,F-15 family,93757
12558,F-15 family,93769
12559,F-15 family,93818
12560,F-15 family,93886
12561,F-15 family,93909
12562,F-15 family,93912
12563,F-15 family,93967
12564,F-15 family,93993
12565,F-15 family,94006
12566,F-15 family,94029
12567,F-15 family,94037
12568,F-15 family,94085
12569,F-15 family,94100
12570,F-15 family,94129
12571,F-15 family,94145
12572,F-15 family,94168
12573,F-15 family,94187
12574,F-15 family,94196
12575,F-15 family,94213
12576,F-15 family,94225
12577,F-15 family,94232
12578,F-15 family,94238
12579,F-15 family,94249
12580,F-15 family,94317
12581,F-15 family,94328
12582,F-15 family,94355
12583,F-15 family,94429
12584,F-15 family,94445
12585,F-15 family,94446
12586,F-15 family,94450
12587,F-15 family,94488
12588,F-15 family,94497
12589,F-15 family,94519
12590,F-15 family,94533
12591,F-15 family,94559
12592,F-15 family,94613
12593,F-15 family,94614
12594,F-15 family,94630
12595,F-15 family,94637
12596,F-15 family,94678
12597,F-15 family,94746
12598,F-15 family,94765
12599,F-15 family,94770
12600,F-15 family,94775
12601,F-15 family,94806
12602,F-15 family,94831
12603,F-15 family,94835
12604,F-15 family,94862
12605,F-15 family,94884
12606,F-15 family,94910
12607,F-15 family,94925
12608,F-15 family,94926
12609,F-15 family,94980
12610,F-15 family,94992
12611,F-15 family,95063
12612,F-15 family,95066
12613,F-15 family,95068
12614,F-15 family,95071
12615,F-15 family,95097
12616,F-15 family,95187
12617,F-15 family,95260
12618,F-15 family,95268
12619,F-15 family,95280
12620,F-15 family,95281
12621,F-15 family,95287
12622,F-15 family,95288
12623,F-15 family,95392
12624,F-15 family,95419
12625,F-15 family,95430
12626,F-15 family,95440
12627,F-15 family,95466
12628,F-15 family,95489
12629,F-15 family,95518
12630,F-15 family,95655
12631,F-15 family,95657
12632,F-15 family,95665
12633,F-15 family,95717
12634,F-15 family,95741
12635,F-15 family,95859
12636,F-15 family,95914
12637,F-15 family,95932
12638,F-15 family,95985
12639,F-15 family,95993
12640,F-15 family,96020
12641,F-15 family,96054
12642,F-15 family,96056
12643,F-15 family,96069
12644,F-15 family,96095
12645,F-15 family,96106
12646,F-15 family,96116
12647,F-15 family,96126
12648,F-15 family,96131
12649,F-15 family,96136
12650,F-15 family,96151
12651,F-15 family,96219
12652,F-15 family,96220
12653,F-15 family,96251
12654,F-15 family,96257
12655,F-15 family,96279
12656,F-15 family,96291
12657,F-15 family,96293
12658,F-15 family,96320
12659,F-15 family,96327
12660,F-15 family,96376
12661,F-15 family,96377
12662,F-15 family,96442
12663,F-15 family,96450
12664,F-15 family,96469
12665,F-15 family,96471
12666,F-15 family,96480
12667,F-15 family,96512
12668,F-15 family,96558
12669,F-15 family,96588
12670,F-15 family,96619
12671,F-15 family,96722
12672,F-15 family,96731
12673,F-15 family,96745
12674,F-15 family,96801
12675,F-15 family,96870
12676,F-15 family,96875
12677,F-15 family,96876
12678,F-15 family,96925
12679,F-15 family,96928
12680,F-15 family,96950
12681,F-15 family,96973
12682,F-15 family,96980
12683,F-15 family,97052
12684,F-15 family,97071
12685,F-15 family,97077
12686,F-15 family,97078
12687,F-15 family,97081
12688,F-15 family,97089
12689,F-15 family,97104
12690,F-15 family,97110
12691,F-15 family,97148
12692,F-15 family,97169
12693,F-15 family,97171
12694,F-15 family,97174
12695,F-15 family,97187
12696,F-15 family,97191
12697,F-15 family,97391
12698,F-15 family,97392
12699,F-15 family,97415
12700,F-15 family,97418
12701,F-15 family,97466
12702,F-15 family,97485
12703,F-15 family,97498
12704,F-15 family,97517
12705,F-15 family,97519
12706,F-15 family,97539
12707,F-15 family,97551
12708,F-15 family,97571
12709,F-15 family,97584
12710,F-15 family,97589
12711,F-15 family,97634
12712,F-15 family,97642
12713,F-15 family,97651
12714,F-15 family,97660
12715,F-15 family,97767
12716,F-15 family,97805
12717,F-15 family,97860
12718,F-15 family,97892
12719,F-15 family,97894
12720,F-15 family,97898
12721,F-15 family,97937
12722,F-15 family,97947
12723,F-15 family,98047
12724,F-15 family,98055
12725,F-15 family,98077
12726,F-15 family,98136
12727,F-15 family,98165
12728,F-15 family,98176
12729,F-15 family,98198
12730,F-15 family,98245
12731,F-15 family,98260
12732,F-15 family,98269
12733,F-15 family,98297
12734,F-15 family,98307
12735,F-15 family,98329
12736,F-15 family,98399
12737,F-15 family,98459
12738,F-15 family,98497
12739,F-15 family,98516
12740,F-15 family,98532
12741,F-15 family,98537
12742,F-15 family,98548
12743,F-15 family,98599
12744,F-15 family,98626
12745,F-15 family,98654
12746,F-15 family,98677
12747,F-15 family,98693
12748,F-15 family,98696
12749,F-15 family,98714
12750,F-15 family,98732
12751,F-15 family,98767
12752,F-15 family,98897
12753,F-15 family,98940
12754,F-15 family,98953
12755,F-15 family,98959
12756,F-15 family,98971
12757,F-15 family,99060
12758,F-15 family,99115
12759,F-15 family,99141
12760,F-15 family,99145
12761,F-15 family,99154
12762,F-15 family,99206
12763,F-15 family,99213
12764,F-15 family,99254
12765,F-15 family,99274
12766,F-15 family,99308
12767,F-15 family,99475
12768,F-15 family,99483
12769,F-15 family,99496
12770,F-15 family,99502
12771,F-15 family,99521
12772,F-15 family,99536
12773,F-15 family,99551
12774,F-15 family,99569
12775,F-15 family,99580
12776,F-15 family,99593
12777,F-15 family,99594
12778,F-15 family,99599
12779,F-15 family,99611
12780,F-15 family,99636
12781,F-15 family,99650
12782,F-15 family,99713
12783,F-15 family,99742
12784,F-15 family,99748
12785,F-15 family,99749
12786,F-15 family,99762
12787,F-15 family,99861
12788,F-15 family,99895
12789,F-15 family,99928
12790,F-15 family,99951
12791,F-15 family,99959
12792,F-15 family,99960
12793,F-15 family,100016
12794,F-15 family,100019
12795,F-15 family,100047
12796,F-15 family,100083
12797,F-15 family,100093
12798,F-15 family,100100
12799,F-15 family,100108
12800,F-15 family,100141
12801,F-15 family,100246
12802,F-15 family,100309
12803,F-15 family,100314
12804,F-15 family,100423
12805,F-15 family,100478
12806,F-15 family,100567
12807,F-15 family,100580
12808,F-15 family,100630
12809,F-15 family,100632
12810,F-15 family,100650
12811,F-15 family,100678
12812,F-15 family,100721
12813,F-15 family,100722
12814,F-15 family,100813
12815,F-15 family,100844
12816,F-15 family,100856
12817,F-15 family,100867
12818,F-15 family,100877
12819,F-15 family,100896
12820,F-15 family,100929
12821,F-15 family,100949
12822,F-15 family,100966
12823,F-15 family,101010
12824,F-15 family,101082
12825,F-15 family,101096
12826,F-15 family,101148
12827,F-15 family,101198
12828,F-15 family,101207
12829,F-15 family,101244
12830,F-15 family,101281
12831,F-15 family,101333
12832,F-15 family,101366
12833,F-15 family,101369
12834,F-15 family,101428
12835,F-15 family,101490
12836,F-15 family,101496
12837,F-15 family,101519
12838,F-15 family,101538
12839,F-15 family,101552
12840,F-15 family,101562
12841,F-15 family,101584
12842,F-15 family,101633
12843,F-15 family,101687
12844,F-15 family,101705
12845,F-15 family,101719
12846,F-15 family,101762
12847,F-15 family,101798
12848,F-15 family,101803
12849,F-15 family,101837
12850,F-15 family,101843
12851,F-15 family,101876
12852,F-15 family,101884
12853,F-15 family,101924
12854,F-15 family,101993
12855,F-15 family,102034
12856,F-15 family,102040
12857,F-15 family,102042
12858,F-15 family,102043
12859,F-15 family,102090
12860,F-15 family,102143
12861,F-15 family,102212
12862,F-15 family,102240
12863,F-15 family,102286
12864,F-15 family,102329
12865,F-15 family,102332
12866,F-15 family,102354
12867,F-15 family,102362
12868,F-15 family,102379
12869,F-15 family,102396
12870,F-15 family,102400
12871,F-15 family,102410
12872,F-15 family,102419
12873,F-15 family,102456
12874,F-15 family,102475
12875,F-15 family,102549
12876,F-15 family,102569
12877,F-15 family,102578
12878,F-15 family,102640
12879,F-15 family,102661
12880,F-15 family,102685
12881,F-15 family,102698
12882,F-15 family,102705
12883,F-15 family,102730
12884,F-15 family,102744
12885,F-15 family,102752
12886,F-15 family,102780
12887,F-15 family,102795
12888,F-15 family,102809
12889,F-15 family,102825
12890,F-15 family,102856
12891,F-15 family,102925
12892,F-15 family,103010
12893,F-15 family,103077
12894,F-15 family,103087
12895,F-15 family,103112
12896,F-15 family,103114
12897,F-15 family,103121
12898,F-15 family,103160
12899,F-15 family,103165
12900,F-15 family,103179
12901,F-15 family,103185
12902,F-15 family,103218
12903,F-15 family,103251
12904,F-15 family,103298
12905,F-15 family,103342
12906,F-15 family,103347
12907,F-15 family,103354
12908,F-15 family,103356
12909,F-15 family,103378
12910,F-15 family,103387
12911,F-15 family,103395
12912,F-15 family,103437
12913,F-15 family,103441
12914,F-15 family,103505
12915,F-15 family,103520
12916,F-15 family,103553
12917,F-15 family,103572
12918,F-15 family,103593
12919,F-15 family,103594
12920,F-15 family,103631
12921,F-15 family,103665
12922,F-15 family,103708
12923,F-15 family,103712
12924,F-15 family,103726
12925,F-15 family,103755
12926,F-15 family,103796
12927,F-15 family,103808
12928,F-15 family,103872
12929,F-15 family,103914
12930,F-15 family,103945
12931,F-15 family,103986
12932,F-15 family,104056
12933,F-15 family,104089
12934,F-15 family,104102
12935,F-15 family,104127
12936,F-15 family,104130
12937,F-15 family,104180
12938,F-15 family,104206
12939,F-15 family,104208
12940,F-15 family,104220
12941,F-15 family,104248
12942,F-15 family,104258
12943,F-15 family,104279
12944,F-15 family,104313
12945,F-15 family,104426
12946,F-15 family,104437
12947,F-15 family,104438
12948,F-15 family,104452
12949,F-15 family,104474
12950,F-15 family,104588
12951,F-15 family,104615
12952,F-15 family,104675
12953,F-15 family,104679
12954,F-15 family,104682
12955,F-15 family,104736
12956,F-15 family,104742
12957,F-15 family,104771
12958,F-15 family,104802
12959,F-15 family,104818
12960,F-15 family,104828
12961,F-15 family,104829
12962,F-15 family,104844
12963,F-15 family,104849
12964,F-15 family,104864
12965,F-15 family,104877
12966,F-15 family,104935
12967,F-15 family,104986
12968,F-15 family,105015
12969,F-15 family,105082
12970,F-15 family,105091
12971,F-15 family,105102
12972,F-15 family,105108
12973,F-15 family,105169
12974,F-15 family,105171
12975,F-15 family,105179
12976,F-15 family,105194
12977,F-15 family,105199
12978,F-15 family,105203
12979,F-15 family,105271
12980,F-15 family,105273
12981,F-15 family,105322
12982,F-15 family,105341
12983,F-15 family,105362
12984,F-15 family,105385
12985,F-15 family,105394
12986,F-15 family,105464
12987,F-15 family,105495
12988,F-15 family,105496
12989,F-15 family,105541
12990,F-15 family,105580
12991,F-15 family,105589
12992,F-15 family,105648
12993,F-15 family,105675
12994,F-15 family,105703
12995,F-15 family,105758
12996,F-15 family,105765
12997,F-15 family,105775
12998,F-15 family,105781
12999,F-15 family,105795
13000,F-15 family,105803
13001,F-15 family,105842
13002,F-15 family,105896
13003,F-15 family,105898
13004,F-15 family,105938
13005,F-15 family,105942
13006,F-15 family,105976
13007,F-15 family,106000
13008,F-15 family,106007
13009,F-15 family,106033
13010,F-15 family,106055
13011,F-15 family,106075
13012,F-15 family,106125
13013,F-15 family,106148
13014,F-15 family,106156
13015,F-15 family,106227
13016,F-15 family,106247
13017,F-15 family,106254
13018,F-15 family,106256
13019,F-15 family,106264
13020,F-15 family,106305
13021,F-15 family,106313
13022,F-15 family,106342
13023,F-15 family,106361
13024,F-15 family,106395
13025,F-15 family,106401
13026,F-15 family,106416
13027,F-15 family,106581
13028,F-15 family,106582
13029,F-15 family,106620
13030,F-15 family,106676
13031,F-15 family,106727
13032,F-15 family,106733
13033,F-15 family,106742
13034,F-15 family,106755
13035,F-15 family,106763
13036,F-15 family,106790
13037,F-15 family,106817
13038,F-15 family,106831
13039,F-15 family,106842
13040,F-15 family,106916
13041,F-15 family,106932
13042,F-15 family,106943
13043,F-15 family,106961
13044,F-15 family,106985
13045,F-15 family,107044
13046,F-15 family,107047
13047,F-15 family,107050
13048,F-15 family,107083
13049,F-15 family,107086
13050,F-15 family,107139
13051,F-15 family,107154
13052,F-15 family,107166
13053,F-15 family,107207
13054,F-15 family,107231
13055,F-15 family,107234
13056,F-15 family,107261
13057,F-15 family,107270
13058,F-15 family,107286
13059,F-15 family,107296
13060,F-15 family,107304
13061,F-15 family,107309
13062,F-15 family,107347
13063,F-15 family,107394
13064,F-15 family,107428
13065,F-15 family,107430
13066,F-15 family,107435
13067,F-15 family,107479
13068,F-15 family,107523
13069,F-15 family,107618
13070,F-15 family,107626
13071,F-15 family,107656
13072,F-15 family,107715
13073,F-15 family,107745
13074,F-15 family,107768
13075,F-15 family,107814
13076,F-15 family,107815
13077,F-15 family,107860
13078,F-15 family,107864
13079,F-15 family,107874
13080,F-15 family,107950
13081,F-15 family,107971
13082,F-15 family,108019
13083,F-15 family,108052
13084,F-15 family,108060
13085,F-15 family,108109
13086,F-15 family,108116
13087,F-15 family,108118
13088,F-15 family,108146
13089,F-15 family,108197
13090,F-15 family,108216
13091,F-15 family,108224
13092,F-15 family,108317
13093,F-15 family,108402
13094,F-15 family,108417
13095,F-15 family,108430
13096,F-15 family,108442
13097,F-15 family,108461
13098,F-15 family,108602
13099,F-15 family,108604
13100,F-15 family,108605
13101,F-15 family,108631
13102,F-15 family,108666
13103,F-15 family,108706
13104,F-15 family,108754
13105,F-15 family,108759
13106,F-15 family,108791
13107,F-15 family,108803
13108,F-15 family,108825
13109,F-15 family,108854
13110,F-15 family,108868
13111,F-15 family,108892
13112,F-15 family,108901
13113,F-15 family,108975
13114,F-15 family,109015
13115,F-15 family,109016
13116,F-15 family,109080
13117,F-15 family,109195
13118,F-15 family,109203
13119,F-15 family,109230
13120,F-15 family,109262
13121,F-15 family,109284
13122,F-15 family,109303
13123,F-15 family,109312
13124,F-15 family,109330
13125,F-15 family,109341
13126,F-15 family,109346
13127,F-15 family,109381
13128,F-15 family,109394
13129,F-15 family,109407
13130,F-15 family,109433
13131,F-15 family,109448
13132,F-15 family,109504
13133,F-15 family,109507
13134,F-15 family,109534
13135,F-15 family,109552
13136,F-15 family,109673
13137,F-15 family,109693
13138,F-15 family,109701
13139,F-15 family,109714
13140,F-15 family,109715
13141,F-15 family,109717
13142,F-15 family,109725
13143,F-15 family,109727
13144,F-15 family,109749
13145,F-15 family,109803
13146,F-15 family,109857
13147,F-15 family,109942
13148,F-15 family,109974
13149,F-15 family,109977
13150,F-15 family,110028
13151,F-15 family,110040
13152,F-15 family,110076
13153,F-15 family,110094
13154,F-15 family,110148
13155,F-15 family,110168
13156,F-15 family,110184
13157,F-15 family,110207
13158,F-15 family,110227
13159,F-15 family,110235
13160,F-15 family,110248
13161,F-15 family,110273
13162,F-15 family,110279
13163,F-15 family,110281
13164,F-15 family,110287
13165,F-15 family,110329
13166,F-15 family,110339
13167,F-15 family,110359
13168,F-15 family,110372
13169,F-15 family,110384
13170,F-15 family,110388
13171,F-15 family,110408
13172,F-15 family,110430
13173,F-15 family,110450
13174,F-15 family,110457
13175,F-15 family,110472
13176,F-15 family,110538
13177,F-15 family,110582
13178,F-15 family,110589
13179,F-15 family,110592
13180,F-15 family,110603
13181,F-15 family,110712
13182,F-15 family,110739
13183,F-15 family,110764
13184,F-15 family,110771
13185,F-15 family,110792
13186,F-15 family,110822
13187,F-15 family,110825
13188,F-15 family,110867
13189,F-15 family,110874
13190,F-15 family,110886
13191,F-15 family,110917
13192,F-15 family,110978
13193,F-15 family,110979
13194,F-15 family,110980
13195,F-15 family,110999
13196,F-15 family,111002
13197,F-15 family,111097
13198,F-15 family,111119
13199,F-15 family,111149
13200,F-15 family,111161
13201,F-15 family,111178
13202,F-15 family,111199
13203,F-15 family,111209
13204,F-15 family,111258
13205,F-15 family,111281
13206,F-15 family,111290
13207,F-15 family,111294
13208,F-15 family,111314
13209,F-15 family,111335
13210,F-15 family,111381
13211,F-15 family,111393
13212,F-15 family,111431
13213,F-15 family,111475
13214,F-15 family,111498
13215,F-15 family,111553
13216,F-15 family,111602
13217,F-15 family,111617
13218,F-15 family,111625
13219,F-15 family,111629
13220,F-15 family,111635
13221,F-15 family,111644
13222,F-15 family,111664
13223,F-15 family,111666
13224,F-15 family,111689
13225,F-15 family,111694
13226,F-15 family,111700
13227,F-15 family,111710
13228,F-15 family,111711
13229,F-15 family,111712
13230,F-15 family,111741
13231,F-15 family,111757
13232,F-15 family,111770
13233,F-15 family,111837
13234,F-15 family,111856
13235,F-15 family,111879
13236,F-15 family,111907
13237,F-15 family,111945
13238,F-15 family,111962
13239,F-15 family,111971
13240,F-15 family,112001
13241,F-15 family,112097
13242,F-15 family,112119
13243,F-15 family,112146
13244,F-15 family,112148
13245,F-15 family,112157
13246,F-15 family,112193
13247,F-15 family,112268
13248,F-15 family,112270
13249,F-15 family,112447
13250,F-15 family,112451
13251,F-15 family,112456
13252,F-15 family,112458
13253,F-15 family,112480
13254,F-15 family,112504
13255,F-15 family,112514
13256,F-15 family,112532
13257,F-15 family,112533
13258,F-15 family,112536
13259,F-15 family,112661
13260,F-15 family,112678
13261,F-15 family,112751
13262,F-15 family,112757
13263,F-15 family,112758
13264,F-15 family,112786
13265,F-15 family,112825
13266,F-15 family,112834
13267,F-15 family,112858
13268,F-15 family,112877
13269,F-15 family,112882
13270,F-15 family,112918
13271,F-15 family,112971
13272,F-15 family,112979
13273,F-15 family,113037
13274,F-15 family,113038
13275,F-15 family,113050
13276,F-15 family,113053
13277,F-15 family,113079
13278,F-15 family,113104
13279,F-15 family,113124
13280,F-15 family,113169
13281,F-15 family,113195
13282,F-15 family,113218
13283,F-15 family,113232
13284,F-15 family,113233
13285,F-15 family,113268
13286,F-15 family,113320
13287,F-15 family,113326
13288,F-15 family,113333
13289,F-15 family,113376
13290,F-15 family,113385
13291,F-15 family,113401
13292,F-15 family,113477
13293,F-15 family,113497
13294,F-15 family,113498
13295,F-15 family,113520
13296,F-15 family,113532
13297,F-15 family,113536
13298,F-15 family,113566
13299,F-15 family,113622
13300,F-15 family,113627
13301,F-15 family,113653
13302,F-15 family,113854
13303,F-15 family,113903
13304,F-15 family,113904
13305,F-15 family,113915
13306,F-15 family,114025
13307,F-15 family,114032
13308,F-15 family,114058
13309,F-15 family,114062
13310,F-15 family,114095
13311,F-15 family,114101
13312,F-15 family,114141
13313,F-15 family,114176
13314,F-15 family,114217
13315,F-15 family,114231
13316,F-15 family,114313
13317,F-15 family,114318
13318,F-15 family,114322
13319,F-15 family,114327
13320,F-15 family,114339
13321,F-15 family,114344
13322,F-15 family,114397
13323,F-15 family,114400
13324,F-15 family,114407
13325,F-15 family,114462
13326,F-15 family,114468
13327,F-15 family,114477
13328,F-15 family,114481
13329,F-15 family,114527
13330,F-15 family,114544
13331,F-15 family,114553
13332,F-15 family,114556
13333,F-15 family,114558
13334,F-15 family,114578
13335,F-15 family,114612
13336,F-15 family,114617
13337,F-15 family,114619
13338,F-15 family,114696
13339,F-15 family,114717
13340,F-15 family,114732
13341,F-15 family,114750
13342,F-15 family,114758
13343,F-15 family,114760
13344,F-15 family,114771
13345,F-15 family,114788
13346,F-15 family,114810
13347,F-15 family,114816
13348,F-15 family,114900
13349,F-15 family,114937
13350,F-15 family,114953
13351,F-15 family,114990
13352,F-15 family,115019
13353,F-15 family,115082
13354,F-15 family,115117
13355,F-15 family,115122
13356,F-15 family,115144
13357,F-15 family,115145
13358,F-15 family,115167
13359,F-15 family,115170
13360,F-15 family,115186
13361,F-15 family,115197
13362,F-15 family,115208
13363,F-15 family,115237
13364,F-15 family,115243
13365,F-15 family,115301
13366,F-15 family,115303
13367,F-15 family,115317
13368,F-15 family,115353
13369,F-15 family,115363
13370,F-15 family,115433
13371,F-15 family,115434
13372,F-15 family,115473
13373,F-15 family,115495
13374,F-15 family,115510
13375,F-15 family,115512
13376,F-15 family,115556
13377,F-15 family,115600
13378,F-15 family,115608
13379,F-15 family,115612
13380,F-15 family,115675
13381,F-15 family,115679
13382,F-15 family,115696
13383,F-15 family,115700
13384,F-15 family,115732
13385,F-15 family,115748
13386,F-15 family,115852
13387,F-15 family,115888
13388,F-15 family,115894
13389,F-15 family,115906
13390,F-15 family,115914
13391,F-15 family,115955
13392,F-15 family,116028
13393,F-15 family,116081
13394,F-15 family,116088
13395,F-15 family,116101
13396,F-15 family,116114
13397,F-15 family,116137
13398,F-15 family,116208
13399,F-15 family,116223
13400,F-15 family,116224
13401,F-15 family,116225
13402,F-15 family,116226
13403,F-15 family,116240
13404,F-15 family,116241
13405,F-15 family,116251
13406,F-15 family,116261
13407,F-15 family,116281
13408,F-15 family,116317
13409,F-15 family,116320
13410,F-15 family,116450
13411,F-15 family,116554
13412,F-15 family,116574
13413,F-15 family,116588
13414,F-15 family,116590
13415,F-15 family,116600
13416,F-15 family,116668
13417,F-15 family,116672
13418,F-15 family,116692
13419,F-15 family,116702
13420,F-15 family,116716
13421,F-15 family,116734
13422,F-15 family,116790
13423,F-15 family,116815
13424,F-15 family,116847
13425,F-15 family,116848
13426,F-15 family,116871
13427,F-15 family,116890
13428,F-15 family,116892
13429,F-15 family,116903
13430,F-15 family,117019
13431,F-15 family,117023
13432,F-15 family,117032
13433,F-15 family,117042
13434,F-15 family,117062
13435,F-15 family,117081
13436,F-15 family,117112
13437,F-15 family,117132
13438,F-15 family,117133
13439,F-15 family,117152
13440,F-15 family,117155
13441,F-15 family,117161
13442,F-15 family,117222
13443,F-15 family,117269
13444,F-15 family,117286
13445,F-15 family,117299
13446,F-15 family,117303
13447,F-15 family,117313
13448,F-15 family,117318
13449,F-15 family,117368
13450,F-15 family,117387
13451,F-15 family,117389
13452,F-15 family,117464
13453,F-15 family,117476
13454,F-15 family,117515
13455,F-15 family,117517
13456,F-15 family,117529
13457,F-15 family,117548
13458,F-15 family,117556
13459,F-15 family,117601
13460,F-15 family,117605
13461,F-15 family,117607
13462,F-15 family,117624
13463,F-15 family,117638
13464,F-15 family,117649
13465,F-15 family,117727
13466,F-15 family,117808
13467,F-15 family,117865
13468,F-15 family,117868
13469,F-15 family,117874
13470,F-15 family,117913
13471,F-15 family,117920
13472,F-15 family,117962
13473,F-15 family,117966
13474,F-15 family,118032
13475,F-15 family,118065
13476,F-15 family,118096
13477,F-15 family,118105
13478,F-15 family,118116
13479,F-15 family,118153
13480,F-15 family,118154
13481,F-15 family,118200
13482,F-15 family,118204
13483,F-15 family,118218
13484,F-15 family,118266
13485,F-15 family,118294
13486,F-15 family,118327
13487,F-15 family,118339
13488,F-15 family,118345
13489,F-15 family,118346
13490,F-15 family,118378
13491,F-15 family,118433
13492,F-15 family,118468
13493,F-15 family,118582
13494,F-15 family,118594
13495,F-15 family,118661
13496,F-15 family,118666
13497,F-15 family,118669
13498,F-15 family,118693
13499,F-15 family,118694
13500,F-15 family,118695
13501,F-15 family,118744
13502,F-15 family,118773
13503,F-15 family,118791
13504,F-15 family,118795
13505,F-15 family,118802
13506,F-15 family,118814
13507,F-15 family,118832
13508,F-15 family,118843
13509,F-15 family,118870
13510,F-15 family,118884
13511,F-15 family,118885
13512,F-15 family,118901
13513,F-15 family,118913
13514,F-15 family,118995
13515,F-15 family,118996
13516,F-15 family,119092
13517,F-15 family,119101
13518,F-15 family,119160
13519,F-15 family,119198
13520,F-15 family,119213
13521,F-15 family,119241
13522,F-15 family,119253
13523,F-15 family,119302
13524,F-15 family,119315
13525,F-15 family,119316
13526,F-15 family,119343
13527,F-15 family,119370
13528,F-15 family,119380
13529,F-15 family,119384
13530,F-15 family,119412
13531,F-15 family,119467
13532,F-15 family,119491
13533,F-15 family,119506
13534,F-15 family,119513
13535,F-15 family,119538
13536,F-15 family,119574
13537,F-15 family,119617
13538,F-15 family,119625
13539,F-15 family,119629
13540,F-15 family,119632
13541,F-15 family,119677
13542,F-15 family,119686
13543,F-15 family,119744
13544,F-15 family,119767
13545,F-15 family,119788
13546,F-15 family,119851
13547,F-15 family,119951
13548,F-15 family,119961
13549,F-15 family,119986
13550,F-15 family,119999
13551,F-15 family,120005
13552,F-15 family,120058
13553,F-15 family,120090
13554,F-15 family,120105
13555,F-15 family,120121
13556,F-15 family,120133
13557,F-15 family,120145
13558,F-15 family,120166
13559,F-15 family,120198
13560,F-15 family,120201
13561,F-15 family,120212
13562,F-15 family,120244
13563,F-15 family,120253
13564,F-15 family,120261
13565,F-15 family,120271
13566,F-15 family,120274
13567,F-15 family,120282
13568,F-15 family,120316
13569,F-15 family,120322
13570,F-15 family,120323
13571,F-15 family,120336
13572,F-15 family,120347
13573,F-15 family,120350
13574,F-15 family,120354
13575,F-15 family,120356
13576,F-15 family,120399
13577,F-15 family,120414
13578,F-15 family,120422
13579,F-15 family,120429
13580,F-15 family,120491
13581,F-15 family,120508
13582,F-15 family,120516
13583,F-15 family,120550
13584,F-15 family,120572
13585,F-15 family,120647
13586,F-15 family,120648
13587,F-15 family,120678
13588,F-15 family,120695
13589,F-15 family,120742
13590,F-15 family,120743
13591,F-15 family,120773
13592,F-15 family,120781
13593,F-15 family,120787
13594,F-15 family,120789
13595,F-15 family,120811
13596,F-15 family,120815
13597,F-15 family,120836
13598,F-15 family,120856
13599,F-15 family,120893
13600,F-15 family,120901
13601,F-15 family,120909
13602,F-15 family,120923
13603,F-15 family,120950
13604,F-15 family,121037
13605,F-15 family,121042
13606,F-15 family,121055
13607,F-15 family,121108
13608,F-15 family,121109
13609,F-15 family,121116
13610,F-15 family,121158
13611,F-15 family,121159
13612,F-15 family,121160
13613,F-15 family,121166
13614,F-15 family,121189
13615,F-15 family,121217
13616,F-15 family,121291
13617,F-15 family,121307
13618,F-15 family,121318
13619,F-15 family,121328
13620,F-15 family,121359
13621,F-15 family,121404
13622,F-15 family,121440
13623,F-15 family,121463
13624,F-15 family,121466
13625,F-15 family,121478
13626,F-15 family,121501
13627,F-15 family,121592
13628,F-15 family,121624
13629,F-15 family,121641
13630,F-15 family,121673
13631,F-15 family,121683
13632,F-15 family,121689
13633,F-15 family,121706
13634,F-15 family,121710
13635,F-15 family,121732
13636,F-15 family,121756
13637,F-15 family,121769
13638,F-15 family,121790
13639,F-15 family,121912
13640,F-15 family,121913
13641,F-15 family,121914
13642,F-15 family,121915
13643,F-15 family,121928
13644,F-15 family,121949
13645,F-15 family,121998
13646,F-15 family,122011
13647,F-15 family,122095
13648,F-15 family,122100
13649,F-15 family,122149
13650,F-15 family,122155
13651,F-15 family,122163
13652,F-15 family,122198
13653,F-15 family,122253
13654,F-15 family,122264
13655,F-15 family,122299
13656,F-15 family,122306
13657,F-15 family,122411
13658,F-15 family,122472
13659,F-15 family,122474
13660,F-15 family,122482
13661,F-15 family,122491
13662,F-15 family,122496
13663,F-15 family,122534
13664,F-15 family,122550
13665,F-15 family,122557
13666,F-15 family,122562
13667,F-15 family,122564
13668,F-15 family,122585
13669,F-15 family,122606
13670,F-15 family,122622
13671,F-15 family,122630
13672,F-15 family,122726
13673,F-15 family,122741
13674,F-15 family,122749
13675,F-15 family,122759
13676,F-15 family,122772
13677,F-15 family,122780
13678,F-15 family,122817
13679,F-15 family,122840
13680,F-15 family,122860
13681,F-15 family,122894
13682,F-15 family,122910
13683,F-15 family,122935
13684,F-15 family,123082
13685,F-15 family,123083
13686,F-15 family,123098
13687,F-15 family,123099
13688,F-15 family,123109
13689,F-15 family,123124
13690,F-15 family,123152
13691,F-15 family,123169
13692,F-15 family,123178
13693,F-15 family,123220
13694,F-15 family,123223
13695,F-15 family,123229
13696,F-15 family,123235
13697,F-15 family,123246
13698,F-15 family,123281
13699,F-15 family,123315
13700,F-15 family,123337
13701,F-15 family,123347
13702,F-15 family,123350
13703,F-15 family,123406
13704,F-15 family,123425
13705,F-15 family,123441
13706,F-15 family,123442
13707,F-15 family,123465
13708,F-15 family,123474
13709,F-15 family,123475
13710,F-15 family,123599
13711,F-15 family,123615
13712,F-15 family,123663
13713,F-15 family,123671
13714,F-15 family,123701
13715,F-15 family,123758
13716,F-15 family,123825
13717,F-15 family,123829
13718,F-15 family,123831
13719,F-15 family,123857
13720,F-15 family,123870
13721,F-15 family,123879
13722,F-15 family,123899
13723,F-15 family,123939
13724,F-15 family,123955
13725,F-15 family,123976
13726,F-15 family,123986
13727,F-15 family,124026
13728,F-15 family,124039
13729,F-15 family,124057
13730,F-15 family,124086
13731,F-15 family,124182
13732,F-15 family,124209
13733,F-15 family,124224
13734,F-15 family,124303
13735,F-15 family,124314
13736,F-15 family,124336
13737,F-15 family,124345
13738,F-15 family,124348
13739,F-15 family,124379
13740,F-15 family,124527
13741,F-15 family,124528
13742,F-15 family,124577
13743,F-15 family,124625
13744,F-15 family,124651
13745,F-15 family,124653
13746,F-15 family,124655
13747,F-15 family,124657
13748,F-15 family,124740
13749,F-15 family,124745
13750,F-15 family,124774
13751,F-15 family,124803
13752,F-15 family,124876
13753,F-15 family,124901
13754,F-15 family,124942
13755,F-15 family,124970
13756,F-15 family,124998
13757,F-15 family,125034
13758,F-15 family,125038
13759,F-15 family,125065
13760,F-15 family,125161
13761,F-15 family,125192
13762,F-15 family,125204
13763,F-15 family,125214
13764,F-15 family,125215
13765,F-15 family,125230
13766,F-15 family,125331
13767,F-15 family,125334
13768,F-15 family,125355
13769,F-15 family,125367
13770,F-15 family,125368
13771,F-15 family,125389
13772,F-15 family,125444
13773,F-15 family,125492
13774,F-15 family,125496
13775,F-15 family,125502
13776,F-15 family,125550
13777,F-15 family,125570
13778,F-15 family,125574
13779,F-15 family,125604
13780,F-15 family,125638
13781,F-15 family,125646
13782,F-15 family,125647
13783,F-15 family,125685
13784,F-15 family,125712
13785,F-15 family,125715
13786,F-15 family,125775
13787,F-15 family,125832
13788,F-15 family,125862
13789,F-15 family,125876
13790,F-15 family,125879
13791,F-15 family,125923
13792,F-15 family,125964
13793,F-15 family,125973
13794,F-15 family,126011
13795,F-15 family,126027
13796,F-15 family,126043
13797,F-15 family,126093
13798,F-15 family,126123
13799,F-15 family,126149
13800,F-15 family,126150
13801,F-15 family,126169
13802,F-15 family,126211
13803,F-15 family,126219
13804,F-15 family,126226
13805,F-15 family,126229
13806,F-15 family,126230
13807,F-15 family,126234
13808,F-15 family,126236
13809,F-15 family,126280
13810,F-15 family,126286
13811,F-15 family,126300
13812,F-15 family,126306
13813,F-15 family,126341
13814,F-15 family,126384
13815,F-15 family,126388
13816,F-15 family,126422
13817,F-15 family,126428
13818,F-15 family,126434
13819,F-15 family,126517
13820,F-15 family,126562
13821,F-15 family,126617
13822,F-15 family,126624
13823,F-15 family,126653
13824,F-15 family,126659
13825,F-15 family,126683
13826,F-15 family,126747
13827,F-15 family,126751
13828,F-15 family,126768
13829,F-15 family,126793
13830,F-15 family,126886
13831,F-15 family,126910
13832,F-15 family,126913
13833,F-15 family,126963
13834,F-15 family,126968
13835,F-15 family,126978
13836,F-15 family,126980
13837,F-15 family,126983
13838,F-15 family,127015
13839,F-15 family,127018
13840,F-15 family,127019
13841,F-15 family,127046
13842,F-15 family,127050
13843,F-15 family,127057
13844,F-15 family,127059
13845,F-15 family,127081
13846,F-15 family,127092
13847,F-15 family,127113
13848,F-15 family,127128
13849,F-15 family,127136
13850,F-15 family,127174
13851,F-15 family,127180
13852,F-15 family,127329
13853,F-15 family,127368
13854,F-15 family,127416
13855,F-15 family,127425
13856,F-15 family,127445
13857,F-15 family,127448
13858,F-15 family,127449
13859,F-15 family,127462
13860,F-15 family,127465
13861,F-15 family,127468
13862,F-15 family,127501
13863,F-15 family,127528
13864,F-15 family,127533
13865,F-15 family,127536
13866,F-15 family,127537
13867,F-15 family,127549
13868,F-15 family,127563
13869,F-15 family,127598
13870,F-15 family,127615
13871,F-15 family,127623
13872,F-15 family,127644
13873,F-15 family,127705
13874,F-15 family,127713
13875,F-15 family,127718
13876,F-15 family,127751
13877,F-15 family,127823
13878,F-15 family,127867
13879,F-15 family,127882
13880,F-15 family,127885
13881,F-15 family,127898
13882,F-15 family,128075
13883,F-15 family,128099
13884,F-15 family,128151
13885,F-15 family,128262
13886,F-15 family,128266
13887,F-15 family,128282
13888,F-15 family,128316
13889,F-15 family,128326
13890,F-15 family,128375
13891,F-15 family,128391
13892,F-15 family,128405
13893,F-15 family,128423
13894,F-15 family,128424
13895,F-15 family,128428
13896,F-15 family,128512
13897,F-15 family,128539
13898,F-15 family,128541
13899,F-15 family,128595
13900,F-15 family,128612
13901,F-15 family,128643
13902,F-15 family,128645
13903,F-15 family,128690
13904,F-15 family,128725
13905,F-15 family,128740
13906,F-15 family,128755
13907,F-15 family,128842
13908,F-15 family,128844
13909,F-15 family,128854
13910,F-15 family,128874
13911,F-15 family,128889
13912,F-15 family,128894
13913,F-15 family,128917
13914,F-15 family,128924
13915,F-15 family,128932
13916,F-15 family,128982
13917,F-15 family,128994
13918,F-15 family,129013
13919,F-15 family,129016
13920,F-15 family,129063
13921,F-15 family,129153
13922,F-15 family,129212
13923,F-15 family,129264
13924,F-15 family,129357
13925,F-15 family,129395
13926,F-15 family,129427
13927,F-15 family,129455
13928,F-15 family,129456
13929,F-15 family,129533
13930,F-15 family,129539
13931,F-15 family,129615
13932,F-15 family,129619
13933,F-15 family,129631
13934,F-15 family,129722
13935,F-15 family,129743
13936,F-15 family,129831
13937,F-15 family,129850
13938,F-15 family,129853
13939,F-15 family,129854
13940,F-15 family,129892
13941,F-15 family,129908
13942,F-15 family,129916
13943,F-15 family,129923
13944,F-15 family,130010
13945,F-15 family,130016
13946,F-15 family,130020
13947,F-15 family,130034
13948,F-15 family,130036
13949,F-15 family,130076
13950,F-15 family,130123
13951,F-15 family,130135
13952,F-15 family,130164
13953,F-15 family,130272
13954,F-15 family,130275
13955,F-15 family,130286
13956,F-15 family,130322
13957,F-15 family,130365
13958,F-15 family,130380
13959,F-15 family,130413
13960,F-15 family,130429
13961,F-15 family,130510
13962,F-15 family,130519
13963,F-15 family,130523
13964,F-15 family,130540
13965,F-15 family,130556
13966,F-15 family,130559
13967,F-15 family,130564
13968,F-15 family,130587
13969,F-15 family,130588
13970,F-15 family,130589
13971,F-15 family,130597
13972,F-15 family,130601
13973,F-15 family,130691
13974,F-15 family,130746
13975,F-15 family,130765
13976,F-15 family,130777
13977,F-15 family,130828
13978,F-15 family,130859
13979,F-15 family,130867
13980,F-15 family,130930
13981,F-15 family,130950
13982,F-15 family,130954
13983,F-15 family,130996
13984,F-15 family,131001
13985,F-15 family,131006
13986,F-15 family,131014
13987,F-15 family,131038
13988,F-15 family,131050
13989,F-15 family,131071
13990,F-15 family,131080
13991,F-15 family,131113
13992,F-15 family,131130
13993,F-15 family,131136
13994,F-15 family,131157
13995,F-15 family,131165
13996,F-15 family,131173
13997,F-15 family,131241
13998,F-15 family,131242
13999,F-15 family,131253
14000,F-15 family,131273
14001,F-15 family,131320
14002,F-15 family,131333
14003,F-15 family,131391
14004,F-15 family,131435
14005,F-15 family,131456
14006,F-15 family,131458
14007,F-15 family,131479
14008,F-15 family,131485
14009,F-15 family,131495
14010,F-15 family,131512
14011,F-15 family,131529
14012,F-15 family,131575
14013,F-15 family,131604
14014,F-15 family,131623
14015,F-15 family,131673
14016,F-15 family,131688
14017,F-15 family,131706
14018,F-15 family,131757
14019,F-15 family,131764
14020,F-15 family,131771
14021,F-15 family,131799
14022,F-15 family,131815
14023,F-15 family,131900
14024,F-15 family,131901
14025,F-15 family,131999
14026,F-15 family,132001
14027,F-15 family,132016
14028,F-15 family,132048
14029,F-15 family,132130
14030,F-15 family,132154
14031,F-15 family,132168
14032,F-15 family,132191
14033,F-15 family,132240
14034,F-15 family,132260
14035,F-15 family,132277
14036,F-15 family,132352
14037,F-15 family,132360
14038,F-15 family,132375
14039,F-15 family,132415
14040,F-15 family,132508
14041,F-15 family,132510
14042,F-15 family,132554
14043,F-15 family,132592
14044,F-15 family,132604
14045,F-15 family,132606
14046,F-15 family,132640
14047,F-15 family,132651
14048,F-15 family,132677
14049,F-15 family,132688
14050,F-15 family,132733
14051,F-15 family,132745
14052,F-15 family,132808
14053,F-15 family,132837
14054,F-15 family,132841
14055,F-15 family,132858
14056,F-15 family,132873
14057,F-15 family,132911
14058,F-15 family,132953
14059,F-15 family,132965
14060,F-15 family,132987
14061,F-15 family,133034
14062,F-15 family,133042
14063,F-15 family,133050
14064,F-15 family,133061
14065,F-15 family,133063
14066,F-15 family,133066
14067,F-15 family,133122
14068,F-15 family,133174
14069,F-15 family,133204
14070,F-15 family,133224
14071,F-15 family,133232
14072,F-15 family,133254
14073,F-15 family,133278
14074,F-15 family,133291
14075,F-15 family,133309
14076,F-15 family,133321
14077,F-15 family,133324
14078,F-15 family,133326
14079,F-15 family,133366
14080,F-15 family,133405
14081,F-15 family,133411
14082,F-15 family,133449
14083,F-15 family,133474
14084,F-15 family,133494
14085,F-15 family,133498
14086,F-15 family,133529
14087,F-15 family,133538
14088,F-15 family,133550
14089,F-15 family,133573
14090,F-15 family,133596
14091,F-15 family,133670
14092,F-15 family,133727
14093,F-15 family,133735
14094,F-15 family,133747
14095,F-15 family,133749
14096,F-15 family,133753
14097,F-15 family,133770
14098,F-15 family,133794
14099,F-15 family,133817
14100,F-15 family,133825
14101,F-15 family,133852
14102,F-15 family,133881
14103,F-15 family,133888
14104,F-15 family,133927
14105,F-15 family,133929
14106,F-15 family,133955
14107,F-15 family,133996
14108,F-15 family,134009
14109,F-15 family,134075
14110,F-15 family,134097
14111,F-15 family,134101
14112,F-15 family,134105
14113,F-15 family,134124
14114,F-15 family,134125
14115,F-15 family,134133
14116,F-15 family,134138
14117,F-15 family,134159
14118,F-15 family,134168
14119,F-15 family,134197
14120,F-15 family,134217
14121,F-15 family,134270
14122,F-15 family,134348
14123,F-15 family,134365
14124,F-15 family,134411
14125,F-15 family,134421
14126,F-15 family,134439
14127,F-15 family,134474
14128,F-15 family,134513
14129,F-15 family,134539
14130,F-15 family,134542
14131,F-15 family,134556
14132,F-15 family,134561
14133,F-15 family,134564
14134,F-15 family,134568
14135,F-15 family,134579
14136,F-15 family,134592
14137,F-15 family,134610
14138,F-15 family,134627
14139,F-15 family,134628
14140,F-15 family,134648
14141,F-15 family,134665
14142,F-15 family,134679
14143,F-15 family,134699
14144,F-15 family,134730
14145,F-15 family,134755
14146,F-15 family,134787
14147,F-15 family,134826
14148,F-15 family,134876
14149,F-15 family,134924
14150,F-15 family,134963
14151,F-15 family,135021
14152,F-15 family,135092
14153,F-15 family,135205
14154,F-15 family,135245
14155,F-15 family,135286
14156,F-15 family,135288
14157,F-15 family,135326
14158,F-15 family,135338
14159,F-15 family,135361
14160,F-15 family,135420
14161,F-15 family,135446
14162,F-15 family,135501
14163,F-15 family,135521
14164,F-15 family,135548
14165,F-15 family,135551
14166,F-15 family,135568
14167,F-15 family,135573
14168,F-15 family,135574
14169,F-15 family,135602
14170,F-15 family,135659
14171,F-15 family,135670
14172,F-15 family,135681
14173,F-15 family,135703
14174,F-15 family,135725
14175,F-15 family,135751
14176,F-15 family,135773
14177,F-15 family,135780
14178,F-15 family,135797
14179,F-15 family,135812
14180,F-15 family,135824
14181,F-15 family,135840
14182,F-15 family,135890
14183,F-15 family,135940
14184,F-15 family,136060
14185,F-15 family,136116
14186,F-15 family,136140
14187,F-15 family,136152
14188,F-15 family,136164
14189,F-15 family,136179
14190,F-15 family,136218
14191,F-15 family,136221
14192,F-15 family,136223
14193,F-15 family,136228
14194,F-15 family,136298
14195,F-15 family,136317
14196,F-15 family,136320
14197,F-15 family,136323
14198,F-15 family,136433
14199,F-15 family,136472
14200,F-15 family,136496
14201,F-15 family,136533
14202,F-15 family,136535
14203,F-15 family,136549
14204,F-15 family,136639
14205,F-15 family,136681
14206,F-15 family,136722
14207,F-15 family,136739
14208,F-15 family,136763
14209,F-15 family,136781
14210,F-15 family,136785
14211,F-15 family,136825
14212,F-15 family,136840
14213,F-15 family,136846
14214,F-15 family,136880
14215,F-15 family,136882
14216,F-15 family,136898
14217,F-15 family,136906
14218,F-15 family,136940
14219,F-15 family,136977
14220,F-15 family,137023
14221,F-15 family,137029
14222,F-15 family,137048
14223,F-15 family,137085
14224,F-15 family,137093
14225,F-15 family,137101
14226,F-15 family,137168
14227,F-15 family,137172
14228,F-15 family,137175
14229,F-15 family,137176
14230,F-15 family,137177
14231,F-15 family,137192
14232,F-15 family,137201
14233,F-15 family,137210
14234,F-15 family,137214
14235,F-15 family,137251
14236,F-15 family,137305
14237,F-15 family,137333
14238,F-15 family,137340
14239,F-15 family,137460
14240,F-15 family,137503
14241,F-15 family,137525
14242,F-15 family,137528
14243,F-15 family,137536
14244,F-15 family,137542
14245,F-15 family,137565
14246,F-15 family,137576
14247,F-15 family,137618
14248,F-15 family,137627
14249,F-15 family,137639
14250,F-15 family,137642
14251,F-15 family,137644
14252,F-15 family,137717
14253,F-15 family,137741
14254,F-15 family,137787
14255,F-15 family,137861
14256,F-15 family,137940
14257,F-15 family,137968
14258,F-15 family,138046
14259,F-15 family,138047
14260,F-15 family,138063
14261,F-15 family,138115
14262,F-15 family,138124
14263,F-15 family,138153
14264,F-15 family,138217
14265,F-15 family,138229
14266,F-15 family,138267
14267,F-15 family,138285
14268,F-15 family,138296
14269,F-15 family,138309
14270,F-15 family,138330
14271,F-15 family,138341
14272,F-15 family,138344
14273,F-15 family,138393
14274,F-15 family,138400
14275,F-15 family,138430
14276,F-15 family,138450
14277,F-15 family,138476
14278,F-15 family,138507
14279,F-15 family,138534
14280,F-15 family,138562
14281,F-15 family,138568
14282,F-15 family,138599
14283,F-15 family,138617
14284,F-15 family,138619
14285,F-15 family,138625
14286,F-15 family,138676
14287,F-15 family,138684
14288,F-15 family,138730
14289,F-15 family,138772
14290,F-15 family,138798
14291,F-15 family,138799
14292,F-15 family,138824
14293,F-15 family,138891
14294,F-15 family,138913
14295,F-15 family,138934
14296,F-15 family,138938
14297,F-15 family,138952
14298,F-15 family,138965
14299,F-15 family,138970
14300,F-15 family,139026
14301,F-15 family,139059
14302,F-15 family,139131
14303,F-15 family,139169
14304,F-15 family,139171
14305,F-15 family,139207
14306,F-15 family,139244
14307,F-15 family,139272
14308,F-15 family,139289
14309,F-15 family,139313
14310,F-15 family,139399
14311,F-15 family,139405
14312,F-15 family,139415
14313,F-15 family,139447
14314,F-15 family,139485
14315,F-15 family,139494
14316,F-15 family,139500
14317,F-15 family,139528
14318,F-15 family,139534
14319,F-15 family,139538
14320,F-15 family,139647
14321,F-15 family,139659
14322,F-15 family,139683
14323,F-15 family,139697
14324,F-15 family,139749
14325,F-15 family,139764
14326,F-15 family,139782
14327,F-15 family,139857
14328,F-15 family,139891
14329,F-15 family,139901
14330,F-15 family,139992
14331,F-15 family,140006
14332,F-15 family,140007
14333,F-15 family,140052
14334,F-15 family,140071
14335,F-15 family,140126
14336,F-15 family,140139
14337,F-15 family,140140
14338,F-15 family,140155
14339,F-15 family,140156
14340,F-15 family,140163
14341,F-15 family,140167
14342,F-15 family,140188
14343,F-15 family,140218
14344,F-15 family,140226
14345,F-15 family,140274
14346,F-15 family,140277
14347,F-15 family,140285
14348,F-15 family,140297
14349,F-15 family,140317
14350,F-15 family,140321
14351,F-15 family,140344
14352,F-15 family,140356
14353,F-15 family,140404
14354,F-15 family,140428
14355,F-15 family,140432
14356,F-15 family,140442
14357,F-15 family,140489
14358,F-15 family,140502
14359,F-15 family,140514
14360,F-15 family,140519
14361,F-15 family,140559
14362,F-15 family,140563
14363,F-15 family,140568
14364,F-15 family,140595
14365,F-15 family,140614
14366,F-15 family,140670
14367,F-15 family,140677
14368,F-15 family,140714
14369,F-15 family,140723
14370,F-15 family,140837
14371,F-15 family,140860
14372,F-15 family,140868
14373,F-15 family,140894
14374,F-15 family,140998
14375,F-15 family,141015
14376,F-15 family,141049
14377,F-15 family,141079
14378,F-15 family,141090
14379,F-15 family,141101
14380,F-15 family,141106
14381,F-15 family,141107
14382,F-15 family,141108
14383,F-15 family,141153
14384,F-15 family,141213
14385,F-15 family,141233
14386,F-15 family,141313
14387,F-15 family,141318
14388,F-15 family,141374
14389,F-15 family,141408
14390,F-15 family,141516
14391,F-15 family,141540
14392,F-15 family,141549
14393,F-15 family,141562
14394,F-15 family,141570
14395,F-15 family,141635
14396,F-15 family,141641
14397,F-15 family,141659
14398,F-15 family,141745
14399,F-15 family,141771
14400,F-15 family,141784
14401,F-15 family,141790
14402,F-15 family,141795
14403,F-15 family,141829
14404,F-15 family,141850
14405,F-15 family,141855
14406,F-15 family,141904
14407,F-15 family,142031
14408,F-15 family,142122
14409,F-15 family,142234
14410,F-15 family,142236
14411,F-15 family,142250
14412,F-15 family,142268
14413,F-15 family,142307
14414,F-15 family,142320
14415,F-15 family,142326
14416,F-15 family,142345
14417,F-15 family,142353
14418,F-15 family,142361
14419,F-15 family,142370
14420,F-15 family,142429
14421,F-15 family,142468
14422,F-15 family,142505
14423,F-15 family,142510
14424,F-15 family,142511
14425,F-15 family,142536
14426,F-15 family,142553
14427,F-15 family,142560
14428,F-15 family,142572
14429,F-15 family,142649
14430,F-15 family,142676
14431,F-15 family,142682
14432,F-15 family,142735
14433,F-15 family,142747
14434,F-15 family,142752
14435,F-15 family,142831
14436,F-15 family,142844
14437,F-15 family,142895
14438,F-15 family,142930
14439,F-15 family,143091
14440,F-15 family,143153
14441,F-15 family,143182
14442,F-15 family,143183
14443,F-15 family,143185
14444,F-15 family,143188
14445,F-15 family,143195
14446,F-15 family,143229
14447,F-15 family,143276
14448,F-15 family,143288
14449,F-15 family,143294
14450,F-15 family,143300
14451,F-15 family,143335
14452,F-15 family,143363
14453,F-15 family,143372
14454,F-15 family,143420
14455,F-15 family,143444
14456,F-15 family,143482
14457,F-15 family,143519
14458,F-15 family,143528
14459,F-15 family,143576
14460,F-15 family,143626
14461,F-15 family,143630
14462,F-15 family,143752
14463,F-15 family,143758
14464,F-15 family,143798
14465,F-15 family,143814
14466,F-15 family,143822
14467,F-15 family,143844
14468,F-15 family,143863
14469,F-15 family,143883
14470,F-15 family,143904
14471,F-15 family,143908
14472,F-15 family,143930
14473,F-15 family,143931
14474,F-15 family,143963
14475,F-15 family,143984
14476,F-15 family,144019
14477,F-15 family,144021
14478,F-15 family,144039
14479,F-15 family,144047
14480,F-15 family,144062
14481,F-15 family,144063
14482,F-15 family,144067
14483,F-15 family,144071
14484,F-15 family,144084
14485,F-15 family,144086
14486,F-15 family,144089
14487,F-15 family,144096
14488,F-15 family,144099
14489,F-15 family,144101
14490,F-15 family,144138
14491,F-15 family,144149
14492,F-15 family,144151
14493,F-15 family,144160
14494,F-15 family,144186
14495,F-15 family,144187
14496,F-15 family,144195
14497,F-15 family,144202
14498,F-15 family,144208
14499,F-15 family,144231
14500,F-15 family,144243
14501,F-15 family,144275
14502,F-15 family,144289
14503,F-15 family,144365
14504,F-15 family,144370
14505,F-15 family,144418
14506,F-15 family,144429
14507,F-15 family,144481
14508,F-15 family,144542
14509,F-15 family,144544
14510,F-15 family,144601
14511,F-15 family,144612
14512,F-15 family,144647
14513,F-15 family,144651
14514,F-15 family,144674
14515,F-15 family,144690
14516,F-15 family,144706
14517,F-15 family,144737
14518,F-15 family,144786
14519,F-15 family,144792
14520,F-15 family,144801
14521,F-15 family,144845
14522,F-15 family,144867
14523,F-15 family,144882
14524,F-15 family,144895
14525,F-15 family,144989
14526,F-15 family,144998
14527,F-15 family,145052
14528,F-15 family,145063
14529,F-15 family,145083
14530,F-15 family,145111
14531,F-15 family,145115
14532,F-15 family,145119
14533,F-15 family,145370
14534,F-15 family,145407
14535,F-15 family,145432
14536,F-15 family,145449
14537,F-15 family,145462
14538,F-15 family,145485
14539,F-15 family,145491
14540,F-15 family,145503
14541,F-15 family,145522
14542,F-15 family,145528
14543,F-15 family,145537
14544,F-15 family,145539
14545,F-15 family,145566
14546,F-15 family,145575
14547,F-15 family,145609
14548,F-15 family,145614
14549,F-15 family,145707
14550,F-15 family,145725
14551,F-15 family,145741
14552,F-15 family,145767
14553,F-15 family,145787
14554,F-15 family,145808
14555,F-15 family,145861
14556,F-15 family,145871
14557,F-15 family,145882
14558,F-15 family,145930
14559,F-15 family,145963
14560,F-15 family,146027
14561,F-15 family,146051
14562,F-15 family,146055
14563,F-15 family,146091
14564,F-15 family,146124
14565,F-15 family,146193
14566,F-15 family,146214
14567,F-15 family,146221
14568,F-15 family,146250
14569,F-15 family,146299
14570,F-15 family,146302
14571,F-15 family,146367
14572,F-15 family,146392
14573,F-15 family,146408
14574,F-15 family,146420
14575,F-15 family,146432
14576,F-15 family,146460
14577,F-15 family,146467
14578,F-15 family,146471
14579,F-15 family,146521
14580,F-15 family,146547
14581,F-15 family,146551
14582,F-15 family,146635
14583,F-15 family,146673
14584,F-15 family,146679
14585,F-15 family,146711
14586,F-15 family,146782
14587,F-15 family,146839
14588,F-15 family,146852
14589,F-15 family,146859
14590,F-15 family,146890
14591,F-15 family,146895
14592,F-15 family,146931
14593,F-15 family,146947
14594,F-15 family,146971
14595,F-15 family,146973
14596,F-15 family,147049
14597,F-15 family,147089
14598,F-15 family,147134
14599,F-15 family,147193
14600,F-15 family,147205
14601,F-15 family,147239
14602,F-15 family,147259
14603,F-15 family,147263
14604,F-15 family,147290
14605,F-15 family,147291
14606,F-15 family,147295
14607,F-15 family,147296
14608,F-15 family,147297
14609,F-15 family,147319
14610,F-15 family,147322
14611,F-15 family,147326
14612,F-15 family,147352
14613,F-15 family,147393
14614,F-15 family,147464
14615,F-15 family,147519
14616,F-15 family,147537
14617,F-15 family,147557
14618,F-15 family,147573
14619,F-15 family,147578
14620,F-15 family,147585
14621,F-15 family,147591
14622,F-15 family,147621
14623,F-15 family,147641
14624,F-15 family,147653
14625,F-15 family,147654
14626,F-15 family,147662
14627,F-15 family,147668
14628,F-15 family,147676
14629,F-15 family,147704
14630,F-15 family,147731
14631,F-15 family,147734
14632,F-15 family,147762
14633,F-15 family,147791
14634,F-15 family,147808
14635,F-15 family,147817
14636,F-15 family,147848
14637,F-15 family,147854
14638,F-15 family,147860
14639,F-15 family,147865
14640,F-15 family,147883
14641,F-15 family,147911
14642,F-15 family,147936
14643,F-15 family,148036
14644,F-15 family,148091
14645,F-15 family,148096
14646,F-15 family,148114
14647,F-15 family,148204
14648,F-15 family,148254
14649,F-15 family,148255
14650,F-15 family,148264
14651,F-15 family,148280
14652,F-15 family,148286
14653,F-15 family,148295
14654,F-15 family,148312
14655,F-15 family,148319
14656,F-15 family,148415
14657,F-15 family,148436
14658,F-15 family,148448
14659,F-15 family,148449
14660,F-15 family,148458
14661,F-15 family,148477
14662,F-15 family,148496
14663,F-15 family,148513
14664,F-15 family,148567
14665,F-15 family,148670
14666,F-15 family,148697
14667,F-15 family,148702
14668,F-15 family,148720
14669,F-15 family,148724
14670,F-15 family,148733
14671,F-15 family,148741
14672,F-15 family,148747
14673,F-15 family,148749
14674,F-15 family,148759
14675,F-15 family,148790
14676,F-15 family,148808
14677,F-15 family,148864
14678,F-15 family,148879
14679,F-15 family,148885
14680,F-15 family,148903
14681,F-15 family,148922
14682,F-15 family,148986
14683,F-15 family,149002
14684,F-15 family,149121
14685,F-15 family,149142
14686,F-15 family,149144
14687,F-15 family,149148
14688,F-15 family,149150
14689,F-15 family,149198
14690,F-15 family,149225
14691,F-15 family,149238
14692,F-15 family,149265
14693,F-15 family,149337
14694,F-15 family,149338
14695,F-15 family,149356
14696,F-15 family,149392
14697,F-15 family,149406
14698,F-15 family,149412
14699,F-15 family,149441
14700,F-15 family,149471
14701,F-15 family,149473
14702,F-15 family,149492
14703,F-15 family,149500
14704,F-15 family,149510
14705,F-15 family,149535
14706,F-15 family,149543
14707,F-15 family,149586
14708,F-15 family,149633
14709,F-15 family,149637
14710,F-15 family,149674
14711,F-15 family,149675
14712,F-15 family,149787
14713,F-15 family,149806
14714,F-15 family,149857
14715,F-15 family,149862
14716,F-15 family,149987
14717,F-15 family,150014
14718,F-15 family,150030
14719,F-15 family,150066
14720,F-15 family,150106
14721,F-15 family,150111
14722,F-15 family,150134
14723,F-15 family,150136
14724,F-15 family,150137
14725,F-15 family,150199
14726,F-15 family,150261
14727,F-15 family,150281
14728,F-15 family,150310
14729,F-15 family,150360
14730,F-15 family,150361
14731,F-15 family,150363
14732,F-15 family,150366
14733,F-15 family,150527
14734,F-15 family,150557
14735,F-15 family,150652
14736,F-15 family,150668
14737,F-15 family,150748
14738,F-15 family,150763
14739,F-15 family,150768
14740,F-15 family,150786
14741,F-15 family,150797
14742,F-15 family,150802
14743,F-15 family,150851
14744,F-15 family,150860
14745,F-15 family,150864
14746,F-15 family,150865
14747,F-15 family,150868
14748,F-15 family,150912
14749,F-15 family,150958
14750,F-15 family,151075
14751,F-15 family,151125
14752,F-15 family,151240
14753,F-15 family,151279
14754,F-15 family,151294
14755,F-15 family,151318
14756,F-15 family,151320
14757,F-15 family,151326
14758,F-15 family,151329
14759,F-15 family,151341
14760,F-15 family,151361
14761,F-15 family,151408
14762,F-15 family,151418
14763,F-15 family,151436
14764,F-15 family,151438
14765,F-15 family,151439
14766,F-15 family,151444
14767,F-15 family,151499
14768,F-15 family,151528
14769,F-15 family,151536
14770,F-15 family,151609
14771,F-15 family,151674
14772,F-15 family,151706
14773,F-15 family,151751
14774,F-15 family,151794
14775,F-15 family,151803
14776,F-15 family,151849
14777,F-15 family,151881
14778,F-15 family,151892
14779,F-15 family,151912
14780,F-15 family,152004
14781,F-15 family,152048
14782,F-15 family,152078
14783,F-15 family,152159
14784,F-15 family,152185
14785,F-15 family,152188
14786,F-15 family,152211
14787,F-15 family,152217
14788,F-15 family,152231
14789,F-15 family,152244
14790,F-15 family,152262
14791,F-15 family,152266
14792,F-15 family,152292
14793,F-15 family,152303
14794,F-15 family,152345
14795,F-15 family,152415
14796,F-15 family,152425
14797,F-15 family,152434
14798,F-15 family,152436
14799,F-15 family,152451
14800,F-15 family,152459
14801,F-15 family,152462
14802,F-15 family,152475
14803,F-15 family,152483
14804,F-15 family,152491
14805,F-15 family,152494
14806,F-15 family,152501
14807,F-15 family,152513
14808,F-15 family,152519
14809,F-15 family,152688
14810,F-15 family,152777
14811,F-15 family,152792
14812,F-15 family,152793
14813,F-15 family,152829
14814,F-15 family,152840
14815,F-15 family,152853
14816,F-15 family,152884
14817,F-15 family,152930
14818,F-15 family,152934
14819,F-15 family,152939
14820,F-15 family,152976
14821,F-15 family,152980
14822,F-15 family,153055
14823,F-15 family,153113
14824,F-15 family,153120
14825,F-15 family,153127
14826,F-15 family,153152
14827,F-15 family,153195
14828,F-15 family,153252
14829,F-15 family,153259
14830,F-15 family,153276
14831,F-15 family,153302
14832,F-15 family,153330
14833,F-15 family,153394
14834,F-15 family,153402
14835,F-15 family,153433
14836,F-15 family,153451
14837,F-15 family,153457
14838,F-15 family,153460
14839,F-15 family,153483
14840,F-15 family,153495
14841,F-15 family,153497
14842,F-15 family,153522
14843,F-15 family,153539
14844,F-15 family,153646
14845,F-15 family,153652
14846,F-15 family,153655
14847,F-15 family,153700
14848,F-15 family,153707
14849,F-15 family,153742
14850,F-15 family,153759
14851,F-15 family,153841
14852,F-15 family,153867
14853,F-15 family,153885
14854,F-15 family,153893
14855,F-15 family,153915
14856,F-15 family,153952
14857,F-15 family,154004
14858,F-15 family,154038
14859,F-15 family,154041
14860,F-15 family,154046
14861,F-15 family,154053
14862,F-15 family,154089
14863,F-15 family,154097
14864,F-15 family,154108
14865,F-15 family,154121
14866,F-15 family,154128
14867,F-15 family,154213
14868,F-15 family,154237
14869,F-15 family,154252
14870,F-15 family,154253
14871,F-15 family,154267
14872,F-15 family,154284
14873,F-15 family,154310
14874,F-15 family,154312
14875,F-15 family,154381
14876,F-15 family,154437
14877,F-15 family,154480
14878,F-15 family,154481
14879,F-15 family,154484
14880,F-15 family,154508
14881,F-15 family,154511
14882,F-15 family,154512
14883,F-15 family,154520
14884,F-15 family,154526
14885,F-15 family,154543
14886,F-15 family,154558
14887,F-15 family,154576
14888,F-15 family,154582
14889,F-15 family,154618
14890,F-15 family,154619
14891,F-15 family,154700
14892,F-15 family,154718
14893,F-15 family,154728
14894,F-15 family,154812
14895,F-15 family,154836
14896,F-15 family,154882
14897,F-15 family,154914
14898,F-15 family,154926
14899,F-15 family,154944
14900,F-15 family,154948
14901,F-15 family,154954
14902,F-15 family,154960
14903,F-15 family,154984
14904,F-15 family,155004
14905,F-15 family,155009
14906,F-15 family,155017
14907,F-15 family,155026
14908,F-15 family,155036
14909,F-15 family,155084
14910,F-15 family,155125
14911,F-15 family,155127
14912,F-15 family,155137
14913,F-15 family,155138
14914,F-15 family,155253
14915,F-15 family,155260
14916,F-15 family,155274
14917,F-15 family,155369
14918,F-15 family,155380
14919,F-15 family,155383
14920,F-15 family,155393
14921,F-15 family,155427
14922,F-15 family,155486
14923,F-15 family,155561
14924,F-15 family,155571
14925,F-15 family,155602
14926,F-15 family,155615
14927,F-15 family,155624
14928,F-15 family,155653
14929,F-15 family,155660
14930,F-15 family,155668
14931,F-15 family,155739
14932,F-15 family,155806
14933,F-15 family,155809
14934,F-15 family,155824
14935,F-15 family,155852
14936,F-15 family,155862
14937,F-15 family,155873
14938,F-15 family,155902
14939,F-15 family,155960
14940,F-15 family,156010
14941,F-15 family,156011
14942,F-15 family,156042
14943,F-15 family,156043
14944,F-15 family,156045
14945,F-15 family,156054
14946,F-15 family,156074
14947,F-15 family,156084
14948,F-15 family,156132
14949,F-15 family,156168
14950,F-15 family,156177
14951,F-15 family,156209
14952,F-15 family,156214
14953,F-15 family,156223
14954,F-15 family,156257
14955,F-15 family,156270
14956,F-15 family,156285
14957,F-15 family,156293
14958,F-15 family,156306
14959,F-15 family,156308
14960,F-15 family,156348
14961,F-15 family,156365
14962,F-15 family,156451
14963,F-15 family,156488
14964,F-15 family,156519
14965,F-15 family,156545
14966,F-15 family,156598
14967,F-15 family,156610
14968,F-15 family,156635
14969,F-15 family,156708
14970,F-15 family,156735
14971,F-15 family,156737
14972,F-15 family,156753
14973,F-15 family,156769
14974,F-15 family,156828
14975,F-15 family,156860
14976,F-15 family,156891
14977,F-15 family,156909
14978,F-15 family,156929
14979,F-15 family,156942
14980,F-15 family,157005
14981,F-15 family,157030
14982,F-15 family,157037
14983,F-15 family,157124
14984,F-15 family,157244
14985,F-15 family,157246
14986,F-15 family,157326
14987,F-15 family,157347
14988,F-15 family,157420
14989,F-15 family,157430
14990,F-15 family,157455
14991,F-15 family,157464
14992,F-15 family,157472
14993,F-15 family,157504
14994,F-15 family,157537
14995,F-15 family,157557
14996,F-15 family,157677
14997,F-15 family,157683
14998,F-15 family,157722
14999,F-15 family,157736
15000,F-15 family,157756
15001,F-15 family,157777
15002,F-15 family,157804
15003,F-15 family,157818
15004,F-15 family,157828
15005,F-15 family,157880
15006,F-15 family,157893
15007,F-15 family,157894
15008,F-15 family,157902
15009,F-15 family,157915
15010,F-15 family,157939
15011,F-15 family,157963
15012,F-15 family,157967
15013,F-15 family,157978
15014,F-15 family,157982
15015,F-15 family,157987
15016,F-15 family,157988
15017,F-15 family,158005
15018,F-15 family,158031
15019,F-15 family,158044
15020,F-15 family,158056
15021,F-15 family,158076
15022,F-15 family,158084
15023,F-15 family,158118
15024,F-15 family,158147
15025,F-15 family,158167
15026,F-15 family,158168
15027,F-15 family,158178
15028,F-15 family,158194
15029,F-15 family,158196
15030,F-15 family,158207
15031,F-15 family,158253
15032,F-15 family,158265
15033,F-15 family,158311
15034,F-15 family,158354
15035,F-15 family,158387
15036,F-15 family,158397
15037,F-15 family,158442
15038,F-15 family,158460
15039,F-15 family,158492
15040,F-15 family,158495
15041,F-15 family,158569
15042,F-15 family,158627
15043,F-15 family,158663
15044,F-15 family,158705
15045,F-15 family,158767
15046,F-15 family,158790
15047,F-15 family,158834
15048,F-15 family,158850
15049,F-15 family,158876
15050,F-15 family,158879
15051,F-15 family,158904
15052,F-15 family,158953
15053,F-15 family,158962
15054,F-15 family,158972
15055,F-15 family,158974
15056,F-15 family,159001
15057,F-15 family,159038
15058,F-15 family,159113
15059,F-15 family,159225
15060,F-15 family,159234
15061,F-15 family,159252
15062,F-15 family,159277
15063,F-15 family,159285
15064,F-15 family,159289
15065,F-15 family,159302
15066,F-15 family,159327
15067,F-15 family,159334
15068,F-15 family,159434
15069,F-15 family,159478
15070,F-15 family,159509
15071,F-15 family,159568
15072,F-15 family,159604
15073,F-15 family,159607
15074,F-15 family,159620
15075,F-15 family,159621
15076,F-15 family,159640
15077,F-15 family,159645
15078,F-15 family,159681
15079,F-15 family,159702
15080,F-15 family,159703
15081,F-15 family,159744
15082,F-15 family,159863
15083,F-15 family,159876
15084,F-15 family,159911
15085,F-15 family,159957
15086,F-15 family,160027
15087,F-15 family,160059
15088,F-15 family,160065
15089,F-15 family,160117
15090,F-15 family,160153
15091,F-15 family,160202
15092,F-15 family,160229
15093,F-15 family,160239
15094,F-15 family,160246
15095,F-15 family,160295
15096,F-15 family,160332
15097,F-15 family,160343
15098,F-15 family,160350
15099,F-15 family,160353
15100,F-15 family,160379
15101,F-15 family,160389
15102,F-15 family,160453
15103,F-15 family,160481
15104,F-15 family,160515
15105,F-15 family,160530
15106,F-15 family,160547
15107,F-15 family,160567
15108,F-15 family,160570
15109,F-15 family,160582
15110,F-15 family,160604
15111,F-15 family,160623
15112,F-15 family,160676
15113,F-15 family,160688
15114,F-15 family,160711
15115,F-15 family,160728
15116,F-15 family,160746
15117,F-15 family,160811
15118,F-15 family,160862
15119,F-15 family,160930
15120,F-15 family,160946
15121,F-15 family,160957
15122,F-15 family,160969
15123,F-15 family,160976
15124,F-15 family,161009
15125,F-15 family,161083
15126,F-15 family,161095
15127,F-15 family,161130
15128,F-15 family,161132
15129,F-15 family,161213
15130,F-15 family,161225
15131,F-15 family,161239
15132,F-15 family,161246
15133,F-15 family,161309
15134,F-15 family,161334
15135,F-15 family,161345
15136,F-15 family,161369
15137,F-15 family,161425
15138,F-15 family,161437
15139,F-15 family,161444
15140,F-15 family,161493
15141,F-15 family,161564
15142,F-15 family,161610
15143,F-15 family,161622
15144,F-15 family,161653
15145,F-15 family,161660
15146,F-15 family,161696
15147,F-15 family,161705
15148,F-15 family,161730
15149,F-15 family,161742
15150,F-15 family,161745
15151,F-15 family,161747
15152,F-15 family,161749
15153,F-15 family,161784
15154,F-15 family,161807
15155,F-15 family,161847
15156,F-15 family,161876
15157,F-15 family,161940
15158,F-15 family,161949
15159,F-15 family,161994
15160,F-15 family,162056
15161,F-15 family,162079
15162,F-15 family,162083
15163,F-15 family,162127
15164,F-15 family,162158
15165,F-15 family,162160
15166,F-15 family,162162
15167,F-15 family,162180
15168,F-15 family,162192
15169,F-15 family,162226
15170,F-15 family,162250
15171,F-15 family,162274
15172,F-15 family,162326
15173,F-15 family,162334
15174,F-15 family,162347
15175,F-15 family,162386
15176,F-15 family,162398
15177,F-15 family,162426
15178,F-15 family,162429
15179,F-15 family,162468
15180,F-15 family,162508
15181,F-15 family,162510
15182,F-15 family,162527
15183,F-15 family,162534
15184,F-15 family,162558
15185,F-15 family,162586
15186,F-15 family,162598
15187,F-15 family,162609
15188,F-15 family,162610
15189,F-15 family,162621
15190,F-15 family,162622
15191,F-15 family,162633
15192,F-15 family,162661
15193,F-15 family,162746
15194,F-15 family,162782
15195,F-15 family,162792
15196,F-15 family,162841
15197,F-15 family,162849
15198,F-15 family,162881
15199,F-15 family,162885
15200,F-15 family,163110
15201,F-15 family,163127
15202,F-15 family,163138
15203,F-15 family,163151
15204,F-15 family,163199
15205,F-15 family,163211
15206,F-15 family,163253
15207,F-15 family,163339
15208,F-15 family,163347
15209,F-15 family,163380
15210,F-15 family,163405
15211,F-15 family,163427
15212,F-15 family,163438
15213,F-15 family,163472
15214,F-15 family,163497
15215,F-15 family,163516
15216,F-15 family,163583
15217,F-15 family,163584
15218,F-15 family,163586
15219,F-15 family,163639
15220,F-15 family,163644
15221,F-15 family,163649
15222,F-15 family,163666
15223,F-15 family,163677
15224,F-15 family,163687
15225,F-15 family,163703
15226,F-15 family,163743
15227,F-15 family,163820
15228,F-15 family,163829
15229,F-15 family,163875
15230,F-15 family,163877
15231,F-15 family,163883
15232,F-15 family,163917
15233,F-15 family,163956
15234,F-15 family,163986
15235,F-15 family,163995
15236,F-15 family,164034
15237,F-15 family,164039
15238,F-15 family,164076
15239,F-15 family,164086
15240,F-15 family,164168
15241,F-15 family,164241
15242,F-15 family,164269
15243,F-15 family,164340
15244,F-15 family,164357
15245,F-15 family,164366
15246,F-15 family,164369
15247,F-15 family,164376
15248,F-15 family,164418
15249,F-15 family,164429
15250,F-15 family,164432
15251,F-15 family,164468
15252,F-15 family,164521
15253,F-15 family,164580
15254,F-15 family,164596
15255,F-15 family,164698
15256,F-15 family,164829
15257,F-15 family,164838
15258,F-15 family,164859
15259,F-15 family,164940
15260,F-15 family,164963
15261,F-15 family,165022
15262,F-15 family,165037
15263,F-15 family,165071
15264,F-15 family,165135
15265,F-15 family,165162
15266,F-15 family,165187
15267,F-15 family,165198
15268,F-15 family,165205
15269,F-15 family,165224
15270,F-15 family,165236
15271,F-15 family,165246
15272,F-15 family,165251
15273,F-15 family,165272
15274,F-15 family,165296
15275,F-15 family,165305
15276,F-15 family,165330
15277,F-15 family,165333
15278,F-15 family,165366
15279,F-15 family,165369
15280,F-15 family,165411
15281,F-15 family,165434
15282,F-15 family,165460
15283,F-15 family,165463
15284,F-15 family,165520
15285,F-15 family,165614
15286,F-15 family,165625
15287,F-15 family,165634
15288,F-15 family,165647
15289,F-15 family,165682
15290,F-15 family,165737
15291,F-15 family,165750
15292,F-15 family,165758
15293,F-15 family,165763
15294,F-15 family,165768
15295,F-15 family,165809
15296,F-15 family,165811
15297,F-15 family,165856
15298,F-15 family,165885
15299,F-15 family,165895
15300,F-15 family,165920
15301,F-15 family,165982
15302,F-15 family,166005
15303,F-15 family,166007
15304,F-15 family,166022
15305,F-15 family,166045
15306,F-15 family,166048
15307,F-15 family,166049
15308,F-15 family,166065
15309,F-15 family,166069
15310,F-15 family,166103
15311,F-15 family,166111
15312,F-15 family,166128
15313,F-15 family,166157
15314,F-15 family,166184
15315,F-15 family,166199
15316,F-15 family,166210
15317,F-15 family,166215
15318,F-15 family,166236
15319,F-15 family,166255
15320,F-15 family,166259
15321,F-15 family,166334
15322,F-15 family,166347
15323,F-15 family,166381
15324,F-15 family,166415
15325,F-15 family,166421
15326,F-15 family,166437
15327,F-15 family,166531
15328,F-15 family,166574
15329,F-15 family,166604
15330,F-15 family,166606
15331,F-15 family,166670
15332,F-15 family,166678
15333,F-15 family,166704
15334,F-15 family,166720
15335,F-15 family,166728
15336,F-15 family,166813
15337,F-15 family,166866
15338,F-15 family,166873
15339,F-15 family,166876
15340,F-15 family,166883
15341,F-15 family,166939
15342,F-15 family,166946
15343,F-15 family,166960
15344,F-15 family,166993
15345,F-15 family,167012
15346,F-15 family,167026
15347,F-15 family,167084
15348,F-15 family,167141
15349,F-15 family,167172
15350,F-15 family,167179
15351,F-15 family,167194
15352,F-15 family,167265
15353,F-15 family,167285
15354,F-15 family,167305
15355,F-15 family,167306
15356,F-15 family,167333
15357,F-15 family,167338
15358,F-15 family,167372
15359,F-15 family,167397
15360,F-15 family,167410
15361,F-15 family,167442
15362,F-15 family,167490
15363,F-15 family,167493
15364,F-15 family,167547
15365,F-15 family,167551
15366,F-15 family,167576
15367,F-15 family,167600
15368,F-15 family,167681
15369,F-15 family,167734
15370,F-15 family,167741
15371,F-15 family,167790
15372,F-15 family,167791
15373,F-15 family,167805
15374,F-15 family,167818
15375,F-15 family,167853
15376,F-15 family,167870
15377,F-15 family,167907
15378,F-15 family,167912
15379,F-15 family,167966
15380,F-15 family,167973
15381,F-15 family,167998
15382,F-15 family,168026
15383,F-15 family,168057
15384,F-15 family,168058
15385,F-15 family,168080
15386,F-15 family,168100
15387,F-15 family,168120
15388,F-15 family,168141
15389,F-15 family,168162
15390,F-15 family,168169
15391,F-15 family,168192
15392,F-15 family,168201
15393,F-15 family,168209
15394,F-15 family,168211
15395,F-15 family,168215
15396,F-15 family,168218
15397,F-15 family,168231
15398,F-15 family,168317
15399,F-15 family,168324
15400,F-15 family,168362
15401,F-15 family,168478
15402,F-15 family,168487
15403,F-15 family,168546
15404,F-15 family,168596
15405,F-15 family,168640
15406,F-15 family,168657
15407,F-15 family,168697
15408,F-15 family,168698
15409,F-15 family,168703
15410,F-15 family,168721
15411,F-15 family,168723
15412,F-15 family,168777
15413,F-15 family,168801
15414,F-15 family,168804
15415,F-15 family,168837
15416,F-15 family,168860
15417,F-15 family,168930
15418,F-15 family,168990
15419,F-15 family,168993
15420,F-15 family,169013
15421,F-15 family,169058
15422,F-15 family,169144
15423,F-15 family,169184
15424,F-15 family,169185
15425,F-15 family,169204
15426,F-15 family,169209
15427,F-15 family,169243
15428,F-15 family,169247
15429,F-15 family,169267
15430,F-15 family,169334
15431,F-15 family,169359
15432,F-15 family,169374
15433,F-15 family,169404
15434,F-15 family,169454
15435,F-15 family,169455
15436,F-15 family,169485
15437,F-15 family,169489
15438,F-15 family,169498
15439,F-15 family,169499
15440,F-15 family,169533
15441,F-15 family,169549
15442,F-15 family,169601
15443,F-15 family,169622
15444,F-15 family,169638
15445,F-15 family,169647
15446,F-15 family,169671
15447,F-15 family,169672
15448,F-15 family,169678
15449,F-15 family,169709
15450,F-15 family,169760
15451,F-15 family,169804
15452,F-15 family,169805
15453,F-15 family,169966
15454,F-15 family,169968
15455,F-15 family,169970
15456,F-15 family,169987
15457,F-15 family,170006
15458,F-15 family,170074
15459,F-15 family,170083
15460,F-15 family,170115
15461,F-15 family,170146
15462,F-15 family,170195
15463,F-15 family,170198
15464,F-15 family,170199
15465,F-15 family,170214
15466,F-15 family,170267
15467,F-15 family,170279
15468,F-15 family,170280
15469,F-15 family,170351
15470,F-15 family,170380
15471,F-15 family,170384
15472,F-15 family,170390
15473,F-15 family,170418
15474,F-15 family,170444
15475,F-15 family,170445
15476,F-15 family,170482
15477,F-15 family,170501
15478,F-15 family,170588
15479,F-15 family,170601
15480,F-15 family,170632
15481,F-15 family,170682
15482,F-15 family,170756
15483,F-15 family,170772
15484,F-15 family,170886
15485,F-15 family,170898
15486,F-15 family,170984
15487,F-15 family,170994
15488,F-15 family,171097
15489,F-15 family,171108
15490,F-15 family,171111
15491,F-15 family,171130
15492,F-15 family,171232
15493,F-15 family,171256
15494,F-15 family,171371
15495,F-15 family,171407
15496,F-15 family,171413
15497,F-15 family,171450
15498,F-15 family,171468
15499,F-15 family,171509
15500,F-15 family,171515
15501,F-15 family,171523
15502,F-15 family,171526
15503,F-15 family,171539
15504,F-15 family,171561
15505,F-15 family,171590
15506,F-15 family,171591
15507,F-15 family,171606
15508,F-15 family,171608
15509,F-15 family,171610
15510,F-15 family,171652
15511,F-15 family,171676
15512,F-15 family,171686
15513,F-15 family,171708
15514,F-15 family,171716
15515,F-15 family,171720
15516,F-15 family,171739
15517,F-15 family,171758
15518,F-15 family,171793
15519,F-15 family,171857
15520,F-15 family,171871
15521,F-15 family,171884
15522,F-15 family,171958
15523,F-15 family,171967
15524,F-15 family,171969
15525,F-15 family,172006
15526,F-15 family,172009
15527,F-15 family,172020
15528,F-15 family,172024
15529,F-15 family,172039
15530,F-15 family,172049
15531,F-15 family,172066
15532,F-15 family,172068
15533,F-15 family,172161
15534,F-15 family,172166
15535,F-15 family,172202
15536,F-15 family,172217
15537,F-15 family,172248
15538,F-15 family,172252
15539,F-15 family,172271
15540,F-15 family,172295
15541,F-15 family,172336
15542,F-15 family,172394
15543,F-15 family,172395
15544,F-15 family,172482
15545,F-15 family,172551
15546,F-15 family,172623
15547,F-15 family,172639
15548,F-15 family,172655
15549,F-15 family,172671
15550,F-15 family,172699
15551,F-15 family,172702
15552,F-15 family,172713
15553,F-15 family,172727
15554,F-15 family,172803
15555,F-15 family,172815
15556,F-15 family,172859
15557,F-15 family,172877
15558,F-15 family,172883
15559,F-15 family,172941
15560,F-15 family,172952
15561,F-15 family,172984
15562,F-15 family,172999
15563,F-15 family,173015
15564,F-15 family,173049
15565,F-15 family,173094
15566,F-15 family,173096
15567,F-15 family,173134
15568,F-15 family,173148
15569,F-15 family,173179
15570,F-15 family,173187
15571,F-15 family,173211
15572,F-15 family,173334
15573,F-15 family,173335
15574,F-15 family,173377
15575,F-15 family,173456
15576,F-15 family,173470
15577,F-15 family,173488
15578,F-15 family,173500
15579,F-15 family,173518
15580,F-15 family,173586
15581,F-15 family,173611
15582,F-15 family,173654
15583,F-15 family,173666
15584,F-15 family,173679
15585,F-15 family,173698
15586,F-15 family,173703
15587,F-15 family,173717
15588,F-15 family,173755
15589,F-15 family,173760
15590,F-15 family,173766
15591,F-15 family,173773
15592,F-15 family,173776
15593,F-15 family,173795
15594,F-15 family,173873
15595,F-15 family,173886
15596,F-15 family,173924
15597,F-15 family,173954
15598,F-15 family,174007
15599,F-15 family,174062
15600,F-15 family,174074
15601,F-15 family,174091
15602,F-15 family,174156
15603,F-15 family,174157
15604,F-15 family,174257
15605,F-15 family,174268
15606,F-15 family,174295
15607,F-15 family,174360
15608,F-15 family,174381
15609,F-15 family,174410
15610,F-15 family,174441
15611,F-15 family,174458
15612,F-15 family,174461
15613,F-15 family,174476
15614,F-15 family,174542
15615,F-15 family,174582
15616,F-15 family,174630
15617,F-15 family,174658
15618,F-15 family,174666
15619,F-15 family,174727
15620,F-15 family,174745
15621,F-15 family,174793
15622,F-15 family,174814
15623,F-15 family,174818
15624,F-15 family,174838
15625,F-15 family,175003
15626,F-15 family,175023
15627,F-15 family,175033
15628,F-15 family,175037
15629,F-15 family,175069
15630,F-15 family,175096
15631,F-15 family,175115
15632,F-15 family,175131
15633,F-15 family,175178
15634,F-15 family,175195
15635,F-15 family,175213
15636,F-15 family,175233
15637,F-15 family,175283
15638,F-15 family,175345
15639,F-15 family,175351
15640,F-15 family,175385
15641,F-15 family,175394
15642,F-15 family,175412
15643,F-15 family,175422
15644,F-15 family,175428
15645,F-15 family,175469
15646,F-15 family,175475
15647,F-15 family,175539
15648,F-15 family,175606
15649,F-15 family,175621
15650,F-15 family,175630
15651,F-15 family,175638
15652,F-15 family,175657
15653,F-15 family,175695
15654,F-15 family,175765
15655,F-15 family,175841
15656,F-15 family,175851
15657,F-15 family,175915
15658,F-15 family,175963
15659,F-15 family,176002
15660,F-15 family,176047
15661,F-15 family,176113
15662,F-15 family,176140
15663,F-15 family,176170
15664,F-15 family,176201
15665,F-15 family,176209
15666,F-15 family,176264
15667,F-15 family,176285
15668,F-15 family,176353
15669,F-15 family,176368
15670,F-15 family,176383
15671,F-15 family,176385
15672,F-15 family,176389
15673,F-15 family,176430
15674,F-15 family,176432
15675,F-15 family,176470
15676,F-15 family,176611
15677,F-15 family,176615
15678,F-15 family,176620
15679,F-15 family,176643
15680,F-15 family,176685
15681,F-15 family,176686
15682,F-15 family,176692
15683,F-15 family,176709
15684,F-15 family,176752
15685,F-15 family,176850
15686,F-15 family,176855
15687,F-15 family,176881
15688,F-15 family,176941
15689,F-15 family,176967
15690,F-15 family,177000
15691,F-15 family,177016
15692,F-15 family,177056
15693,F-15 family,177075
15694,F-15 family,177102
15695,F-15 family,177104
15696,F-15 family,177211
15697,F-15 family,177218
15698,F-15 family,177255
15699,F-15 family,177269
15700,F-15 family,177307
15701,F-15 family,177351
15702,F-15 family,177365
15703,F-15 family,177371
15704,F-15 family,177391
15705,F-15 family,177419
15706,F-15 family,177461
15707,F-15 family,177465
15708,F-15 family,177513
15709,F-15 family,177548
15710,F-15 family,177629
15711,F-15 family,177644
15712,F-15 family,177672
15713,F-15 family,177673
15714,F-15 family,177675
15715,F-15 family,177708
15716,F-15 family,177733
15717,F-15 family,177791
15718,F-15 family,177835
15719,F-15 family,177836
15720,F-15 family,177870
15721,F-15 family,177886
15722,F-15 family,177892
15723,F-15 family,177896
15724,F-15 family,177901
15725,F-15 family,177921
15726,F-15 family,177958
15727,F-15 family,177974
15728,F-15 family,178033
15729,F-15 family,178056
15730,F-15 family,178076
15731,F-15 family,178083
15732,F-15 family,178210
15733,F-15 family,178217
15734,F-15 family,178224
15735,F-15 family,178227
15736,F-15 family,178228
15737,F-15 family,178254
15738,F-15 family,178280
15739,F-15 family,178291
15740,F-15 family,178305
15741,F-15 family,178308
15742,F-15 family,178321
15743,F-15 family,178347
15744,F-15 family,178376
15745,F-15 family,178402
15746,F-15 family,178408
15747,F-15 family,178478
15748,F-15 family,178496
15749,F-15 family,178499
15750,F-15 family,178572
15751,F-15 family,178628
15752,F-15 family,178695
15753,F-15 family,178706
15754,F-15 family,178743
15755,F-15 family,178770
15756,F-15 family,178787
15757,F-15 family,178797
15758,F-15 family,178812
15759,F-15 family,178828
15760,F-15 family,178846
15761,F-15 family,178867
15762,F-15 family,178871
15763,F-15 family,178875
15764,F-15 family,178878
15765,F-15 family,178894
15766,F-15 family,178914
15767,F-15 family,178941
15768,F-15 family,178948
15769,F-15 family,179196
15770,F-15 family,179199
15771,F-15 family,179224
15772,F-15 family,179272
15773,F-15 family,179282
15774,F-15 family,179316
15775,F-15 family,179359
15776,F-15 family,179382
15777,F-15 family,179383
15778,F-15 family,179401
15779,F-15 family,179428
15780,F-15 family,179453
15781,F-15 family,179465
15782,F-15 family,179504
15783,F-15 family,179553
15784,F-15 family,179563
15785,F-15 family,179616
15786,F-15 family,179631
15787,F-15 family,179667
15788,F-15 family,179699
15789,F-15 family,179734
15790,F-15 family,179743
15791,F-15 family,179781
15792,F-15 family,179783
15793,F-15 family,179810
15794,F-15 family,179814
15795,F-15 family,179815
15796,F-15 family,179836
15797,F-15 family,179841
15798,F-15 family,179861
15799,F-15 family,179877
15800,F-15 family,179910
15801,F-15 family,179918
15802,F-15 family,179922
15803,F-15 family,179931
15804,F-15 family,179946
15805,F-15 family,179984
15806,F-15 family,179992
15807,F-15 family,180041
15808,F-15 family,180120
15809,F-15 family,180132
15810,F-15 family,180162
15811,F-15 family,180183
15812,F-15 family,180184
15813,F-15 family,180219
15814,F-15 family,180222
15815,F-15 family,180256
15816,F-15 family,180263
15817,F-15 family,180301
15818,F-15 family,180310
15819,F-15 family,180311
15820,F-15 family,180325
15821,F-15 family,180337
15822,F-15 family,180371
15823,F-15 family,180377
15824,F-15 family,180403
15825,F-15 family,180409
15826,F-15 family,180429
15827,F-15 family,180463
15828,F-15 family,180541
15829,F-15 family,180572
15830,F-15 family,180582
15831,F-15 family,180601
15832,F-15 family,180617
15833,F-15 family,180634
15834,F-15 family,180657
15835,F-15 family,180664
15836,F-15 family,180666
15837,F-15 family,180707
15838,F-15 family,180716
15839,F-15 family,180793
15840,F-15 family,180831
15841,F-15 family,180839
15842,F-15 family,180866
15843,F-15 family,180879
15844,F-15 family,180963
15845,F-15 family,181000
15846,F-15 family,181009
15847,F-15 family,181016
15848,F-15 family,181040
15849,F-15 family,181051
15850,F-15 family,181088
15851,F-15 family,181131
15852,F-15 family,181163
15853,F-15 family,181174
15854,F-15 family,181195
15855,F-15 family,181230
15856,F-15 family,181235
15857,F-15 family,181236
15858,F-15 family,181244
15859,F-15 family,181252
15860,F-15 family,181265
15861,F-15 family,181280
15862,F-15 family,181319
15863,F-15 family,181378
15864,F-15 family,181391
15865,F-15 family,181400
15866,F-15 family,181446
15867,F-15 family,181481
15868,F-15 family,181487
15869,F-15 family,181535
15870,F-15 family,181553
15871,F-15 family,181568
15872,F-15 family,181615
15873,F-15 family,181627
15874,F-15 family,181698
15875,F-15 family,181715
15876,F-15 family,181732
15877,F-15 family,181813
15878,F-15 family,181818
15879,F-15 family,181833
15880,F-15 family,181852
15881,F-15 family,181902
15882,F-15 family,181904
15883,F-15 family,181917
15884,F-15 family,181949
15885,F-15 family,181967
15886,F-15 family,182002
15887,F-15 family,182031
15888,F-15 family,182040
15889,F-15 family,182043
15890,F-15 family,182081
15891,F-15 family,182115
15892,F-15 family,182140
15893,F-15 family,182149
15894,F-15 family,182196
15895,F-15 family,182218
15896,F-15 family,182226
15897,F-15 family,182233
15898,F-15 family,182234
15899,F-15 family,182244
15900,F-15 family,182306
15901,F-15 family,182341
15902,F-15 family,182370
15903,F-15 family,182391
15904,F-15 family,182404
15905,F-15 family,182419
15906,F-15 family,182420
15907,F-15 family,182457
15908,F-15 family,182464
15909,F-15 family,182471
15910,F-15 family,182488
15911,F-15 family,182571
15912,F-15 family,182612
15913,F-15 family,182613
15914,F-15 family,182634
15915,F-15 family,182650
15916,F-15 family,182654
15917,F-15 family,182697
15918,F-15 family,182759
15919,F-15 family,182795
15920,F-15 family,182803
15921,F-15 family,182807
15922,F-15 family,182849
15923,F-15 family,182867
15924,F-15 family,182869
15925,F-15 family,182971
15926,F-15 family,182975
15927,F-15 family,183001
15928,F-15 family,183028
15929,F-15 family,183029
15930,F-15 family,183035
15931,F-15 family,183102
15932,F-15 family,183136
15933,F-15 family,183142
15934,F-15 family,183151
15935,F-15 family,183229
15936,F-15 family,183235
15937,F-15 family,183241
15938,F-15 family,183300
15939,F-15 family,183308
15940,F-15 family,183321
15941,F-15 family,183384
15942,F-15 family,183414
15943,F-15 family,183421
15944,F-15 family,183428
15945,F-15 family,183453
15946,F-15 family,183466
15947,F-15 family,183467
15948,F-15 family,183470
15949,F-15 family,183474
15950,F-15 family,183513
15951,F-15 family,183569
15952,F-15 family,183588
15953,F-15 family,183610
15954,F-15 family,183615
15955,F-15 family,183641
15956,F-15 family,183648
15957,F-15 family,183667
15958,F-15 family,183705
15959,F-15 family,183742
15960,F-15 family,183757
15961,F-15 family,183760
15962,F-15 family,183794
15963,F-15 family,183802
15964,F-15 family,183803
15965,F-15 family,183819
15966,F-15 family,183829
15967,F-15 family,183841
15968,F-15 family,183888
15969,F-15 family,183900
15970,F-15 family,183909
15971,F-15 family,183971
15972,F-15 family,183993
15973,F-15 family,184036
15974,F-15 family,184049
15975,F-15 family,184062
15976,F-15 family,184065
15977,F-15 family,184073
15978,F-15 family,184086
15979,F-15 family,184108
15980,F-15 family,184129
15981,F-15 family,184135
15982,F-15 family,184143
15983,F-15 family,184162
15984,F-15 family,184172
15985,F-15 family,184173
15986,F-15 family,184174
15987,F-15 family,184182
15988,F-15 family,184217
15989,F-15 family,184253
15990,F-15 family,184259
15991,F-15 family,184273
15992,F-15 family,184410
15993,F-15 family,184444
15994,F-15 family,184494
15995,F-15 family,184537
15996,F-15 family,184556
15997,F-15 family,184587
15998,F-15 family,184640
15999,F-15 family,184658
16000,F-7/F-9,184684
16001,F-7/F-9,184686
16002,F-7/F-9,184687
16003,F-7/F-9,184689
16004,F-7/F-9,184691
16005,F-7/F-9,184695
16006,F-7/F-9,184697
16007,F-7/F-9,184698
16008,F-7/F-9,184700
16009,F-7/F-9,184701
16010,F-7/F-9,184702
16011,F-7/F-9,184706
16012,F-7/F-9,184707
16013,F-7/F-9,184709
16014,F-7/F-9,184712
16015,F-7/F-9,184714
16016,F-7/F-9,184716
16017,F-7/F-9,184717
16018,F-7/F-9,184718
16019,F-7/F-9,184721
16020,F-7/F-9,184722
16021,F-7/F-9,184724
16022,F-7/F-9,184726
16023,F-7/F-9,184728
16024,F-7/F-9,184729
16025,F-7/F-9,184734
16026,F-7/F-9,184735
16027,F-7/F-9,184737
16028,F-7/F-9,184739
16029,F-7/F-9,184740
16030,F-7/F-9,184741
16031,F-7/F-9,184745
16032,F-7/F-9,184747
16033,F-7/F-9,184748
16034,F-7/F-9,184749
16035,F-7/F-9,184751
16036,F-7/F-9,184752
16037,F-7/F-9,184756
16038,F-7/F-9,184758
16039,F-7/F-9,184762
16040,F-7/F-9,184763
16041,F-7/F-9,184764
16042,F-7/F-9,184766
16043,F-7/F-9,184767
16044,F-7/F-9,184768
16045,F-7/F-9,184770
16046,F-7/F-9,184771
16047,F-7/F-9,184775
16048,F-7/F-9,184776
16049,F-7/F-9,184777
16050,F-7/F-9,184780
16051,F-7/F-9,184781
16052,F-7/F-9,184782
16053,F-7/F-9,184784
16054,F-7/F-9,184786
16055,F-7/F-9,184788
16056,F-7/F-9,184789
16057,F-7/F-9,184790
16058,F-7/F-9,184791
16059,F-7/F-9,184794
16060,F-7/F-9,184796
16061,F-7/F-9,184803
16062,F-7/F-9,184804
16063,F-7/F-9,184805
16064,F-7/F-9,184807
16065,F-7/F-9,184811
16066,F-7/F-9,184813
16067,F-7/F-9,184815
16068,F-7/F-9,184817
16069,F-7/F-9,184819
16070,F-7/F-9,184820
16071,F-7/F-9,184822
16072,F-7/F-9,184823
16073,F-7/F-9,184824
16074,F-7/F-9,184826
16075,F-7/F-9,184828
16076,F-7/F-9,184829
16077,F-7/F-9,184830
16078,F-7/F-9,184834
16079,F-7/F-9,184835
16080,F-7/F-9,184836
16081,F-7/F-9,184837
16082,F-7/F-9,184841
16083,F-7/F-9,184844
16084,F-7/F-9,184847
16085,F-7/F-9,184850
16086,F-7/F-9,184852
16087,F-7/F-9,184858
16088,F-7/F-9,184859
16089,F-7/F-9,184866
16090,F-7/F-9,184867
16091,F-7/F-9,184870
16092,F-7/F-9,184872
16093,F-7/F-9,184873
16094,F-7/F-9,184874
16095,F-7/F-9,184877
16096,F-7/F-9,184878
16097,F-7/F-9,184879
16098,F-7/F-9,184880
16099,F-7/F-9,184884
16100,F-7/F-9,184885
16101,F-7/F-9,184886
16102,F-7/F-9,184887
16103,F-7/F-9,184889
16104,F-7/F-9,184890
16105,F-7/F-9,184891
16106,F-7/F-9,184893
16107,F-7/F-9,184895
16108,F-7/F-9,184896
16109,F-7/F-9,184898
16110,F-7/F-9,184900
16111,F-7/F-9,184901
16112,F-7/F-9,184903
16113,F-7/F-9,184905
16114,F-7/F-9,184907
16115,F-7/F-9,184908
16116,F-7/F-9,184910
16117,F-7/F-9,184912
16118,F-7/F-9,184913
16119,F-7/F-9,184915
16120,F-7/F-9,184916
16121,F-7/F-9,184917
16122,F-7/F-9,184920
16123,F-7/F-9,184921
16124,F-7/F-9,184922
16125,F-7/F-9,184923
16126,F-7/F-9,184926
16127,F-7/F-9,184927
16128,F-7/F-9,184935
16129,F-7/F-9,184936
16130,F-7/F-9,184938
16131,F-7/F-9,184939
16132,F-7/F-9,184945
16133,F-7/F-9,184948
16134,F-7/F-9,184951
16135,F-7/F-9,184952
16136,F-7/F-9,184954
16137,F-7/F-9,184958
16138,F-7/F-9,184959
16139,F-7/F-9,184960
16140,F-7/F-9,184964
16141,F-7/F-9,184969
16142,F-7/F-9,184970
16143,F-7/F-9,184976
16144,F-7/F-9,184977
16145,F-7/F-9,184978
16146,F-7/F-9,184979
16147,F-7/F-9,184981
16148,F-7/F-9,184982
16149,F-7/F-9,184983
16150,F-7/F-9,184984
16151,F-7/F-9,184985
16152,F-7/F-9,184986
16153,F-7/F-9,184989
16154,F-7/F-9,184991
16155,F-7/F-9,184992
16156,F-7/F-9,184993
16157,F-7/F-9,184994
16158,F-7/F-9,184999
16159,F-7/F-9,185000
16160,F-7/F-9,185001
16161,F-7/F-9,185002
16162,F-7/F-9,185004
16163,F-7/F-9,185005
16164,F-7/F-9,185007
16165,F-7/F-9,185010
16166,F-7/F-9,185011
16167,F-7/F-9,185013
16168,F-7/F-9,185014
16169,F-7/F-9,185017
16170,F-7/F-9,185019
16171,F-7/F-9,185020
16172,F-7/F-9,185022
16173,F-7/F-9,185023
16174,F-7/F-9,185025
16175,F-7/F-9,185028
16176,F-7/F-9,185029
16177,F-7/F-9,185034
16178,F-7/F-9,185037
16179,F-7/F-9,185040
16180,F-7/F-9,185041
16181,F-7/F-9,185047
16182,F-7/F-9,185048
16183,F-7/F-9,185050
16184,F-7/F-9,185052
16185,F-7/F-9,185053
16186,F-7/F-9,185054
16187,F-7/F-9,185055
16188,F-7/F-9,185058
16189,F-7/F-9,185059
16190,F-7/F-9,185061
16191,F-7/F-9,185065
16192,F-7/F-9,185068
16193,F-7/F-9,185069
16194,F-7/F-9,185075
16195,F-7/F-9,185076
16196,F-7/F-9,185078
16197,F-7/F-9,185083
16198,F-7/F-9,185087
16199,F-7/F-9,185088
16200,F-7/F-9,185090
16201,F-7/F-9,185091
16202,F-7/F-9,185093
16203,F-7/F-9,185094
16204,F-7/F-9,185095
16205,F-7/F-9,185096
16206,F-7/F-9,185098
16207,F-7/F-9,185099
16208,F-7/F-9,185101
16209,F-7/F-9,185103
16210,F-7/F-9,185104
16211,F-7/F-9,185105
16212,F-7/F-9,185109
16213,F-7/F-9,185110
16214,F-7/F-9,185113
16215,F-7/F-9,185114
16216,F-7/F-9,185115
16217,F-7/F-9,185118
16218,F-7/F-9,185120
16219,F-7/F-9,185125
16220,F-7/F-9,185126
16221,F-7/F-9,185127
16222,F-7/F-9,185133
16223,F-7/F-9,185134
16224,F-7/F-9,185137
16225,F-7/F-9,185139
16226,F-7/F-9,185141
16227,F-7/F-9,185142
16228,F-7/F-9,185144
16229,F-7/F-9,185145
16230,F-7/F-9,185146
16231,F-7/F-9,185148
16232,F-7/F-9,185149
16233,F-7/F-9,185151
16234,F-7/F-9,185157
16235,F-7/F-9,185158
16236,F-7/F-9,185159
16237,F-7/F-9,185163
16238,F-7/F-9,185164
16239,F-7/F-9,185166
16240,F-7/F-9,185167
16241,F-7/F-9,185169
16242,F-7/F-9,185172
16243,F-7/F-9,185174
16244,F-7/F-9,185175
16245,F-7/F-9,185176
16246,F-7/F-9,185178
16247,F-7/F-9,185181
16248,F-7/F-9,185183
16249,F-7/F-9,185184
16250,F-7/F-9,185185
16251,F-7/F-9,185187
16252,F-7/F-9,185188
16253,F-7/F-9,185190
16254,F-7/F-9,185192
16255,F-7/F-9,185193
16256,F-7/F-9,185195
16257,F-7/F-9,185196
16258,F-7/F-9,185199
16259,F-7/F-9,185204
16260,F-7/F-9,185205
16261,F-7/F-9,185206
16262,F-7/F-9,185208
16263,F-7/F-9,185210
16264,F-7/F-9,185211
16265,F-7/F-9,185213
16266,F-7/F-9,185217
16267,F-7/F-9,185218
16268,F-7/F-9,185219
16269,F-7/F-9,185224
16270,F-7/F-9,185230
16271,F-7/F-9,185231
16272,F-7/F-9,185233
16273,F-7/F-9,185235
16274,F-7/F-9,185236
16275,F-7/F-9,185237
16276,F-7/F-9,185238
16277,F-7/F-9,185239
16278,F-7/F-9,185242
16279,F-7/F-9,185246
16280,F-7/F-9,185248
16281,F-7/F-9,185249
16282,F-7/F-9,185250
16283,F-7/F-9,185251
16284,F-7/F-9,185254
16285,F-7/F-9,185255
16286,F-7/F-9,185257
16287,F-7/F-9,185260
16288,F-7/F-9,185261
16289,F-7/F-9,185263
16290,F-7/F-9,185264
16291,F-7/F-9,185265
16292,F-7/F-9,185266
16293,F-7/F-9,185268
16294,F-7/F-9,185269
16295,F-7/F-9,185271
16296,F-7/F-9,185273
16297,F-7/F-9,185274
16298,F-7/F-9,185275
16299,F-7/F-9,185278
16300,F-7/F-9,185279
16301,F-7/F-9,185281
16302,F-7/F-9,185282
16303,F-7/F-9,185284
16304,F-7/F-9,185287
16305,F-7/F-9,185288
16306,F-7/F-9,185290
16307,F-7/F-9,185291
16308,F-7/F-9,185293
16309,F-7/F-9,185296
16310,F-7/F-9,185298
16311,F-7/F-9,185301
16312,F-7/F-9,185303
16313,F-7/F-9,185305
16314,F-7/F-9,185306
16315,F-7/F-9,185309
16316,F-7/F-9,185310
16317,F-7/F-9,185314
16318,F-7/F-9,185316
16319,F-7/F-9,185318
16320,F-7/F-9,185319
16321,F-7/F-9,185323
16322,F-7/F-9,185324
16323,F-7/F-9,185325
16324,F-7/F-9,185329
16325,F-7/F-9,185331
16326,F-7/F-9,185332
16327,F-7/F-9,185333
16328,F-7/F-9,185335
16329,F-7/F-9,185336
16330,F-7/F-9,185338
16331,F-7/F-9,185339
16332,F-7/F-9,185340
16333,F-7/F-9,185341
16334,F-7/F-9,185342
16335,F-7/F-9,185344
16336,F-7/F-9,185347
16337,F-7/F-9,185350
16338,F-7/F-9,185355
16339,F-7/F-9,185361
16340,F-7/F-9,185363
16341,F-7/F-9,185369
16342,F-7/F-9,185371
16343,F-7/F-9,185375
16344,F-7/F-9,185377
16345,F-7/F-9,185383
16346,F-7/F-9,185385
16347,F-7/F-9,185386
16348,F-7/F-9,185388
16349,F-7/F-9,185389
16350,F-7/F-9,185390
16351,F-7/F-9,185391
16352,F-7/F-9,185394
16353,F-7/F-9,185395
16354,F-7/F-9,185396
16355,F-7/F-9,185400
16356,F-7/F-9,185403
16357,F-7/F-9,185406
16358,F-7/F-9,185408
16359,F-7/F-9,185411
16360,F-7/F-9,185412
16361,F-7/F-9,185413
16362,F-7/F-9,185414
16363,F-7/F-9,185417
16364,F-7/F-9,185418
16365,F-7/F-9,185419
16366,F-7/F-9,185422
16367,F-7/F-9,185423
16368,F-7/F-9,185426
16369,F-7/F-9,185427
16370,F-7/F-9,185428
16371,F-7/F-9,185429
16372,F-7/F-9,185430
16373,F-7/F-9,185433
16374,F-7/F-9,185437
16375,F-7/F-9,185438
16376,F-7/F-9,185439
16377,F-7/F-9,185442
16378,F-7/F-9,185443
16379,F-7/F-9,185445
16380,F-7/F-9,185446
16381,F-7/F-9,185447
16382,F-7/F-9,185448
16383,F-7/F-9,185449
16384,F-7/F-9,185453
16385,F-7/F-9,185456
16386,F-7/F-9,185457
16387,F-7/F-9,185458
16388,F-7/F-9,185459
16389,F-7/F-9,185461
16390,F-7/F-9,185462
16391,F-7/F-9,185465
16392,F-7/F-9,185466
16393,F-7/F-9,185468
16394,F-7/F-9,185469
16395,F-7/F-9,185471
16396,F-7/F-9,185472
16397,F-7/F-9,185473
16398,F-7/F-9,185477
16399,F-7/F-9,185480
16400,F-7/F-9,185484
16401,F-7/F-9,185485
16402,F-7/F-9,185487
16403,F-7/F-9,185490
16404,F-7/F-9,185492
16405,F-7/F-9,185493
16406,F-7/F-9,185495
16407,F-7/F-9,185496
16408,F-7/F-9,185498
16409,F-7/F-9,185499
16410,F-7/F-9,185500
16411,F-7/F-9,185502
16412,F-7/F-9,185503
16413,F-7/F-9,185508
16414,F-7/F-9,185509
16415,F-7/F-9,185512
16416,F-7/F-9,185513
16417,F-7/F-9,185514
16418,F-7/F-9,185515
16419,F-7/F-9,185516
16420,F-7/F-9,185521
16421,F-7/F-9,185523
16422,F-7/F-9,185525
16423,F-7/F-9,185526
16424,F-7/F-9,185527
16425,F-7/F-9,185529
16426,F-7/F-9,185530
16427,F-7/F-9,185532
16428,F-7/F-9,185533
16429,F-7/F-9,185535
16430,F-7/F-9,185536
16431,F-7/F-9,185538
16432,F-7/F-9,185540
16433,F-7/F-9,185542
16434,F-7/F-9,185543
16435,F-7/F-9,185544
16436,F-7/F-9,185545
16437,F-7/F-9,185546
16438,F-7/F-9,185551
16439,F-7/F-9,185552
16440,F-7/F-9,185554
16441,F-7/F-9,185557
16442,F-7/F-9,185565
16443,F-7/F-9,185566
16444,F-7/F-9,185568
16445,F-7/F-9,185569
16446,F-7/F-9,185571
16447,F-7/F-9,185573
16448,F-7/F-9,185574
16449,F-7/F-9,185576
16450,F-7/F-9,185579
16451,F-7/F-9,185582
16452,F-7/F-9,185583
16453,F-7/F-9,185584
16454,F-7/F-9,185585
16455,F-7/F-9,185586
16456,F-7/F-9,185587
16457,F-7/F-9,185589
16458,F-7/F-9,185592
16459,F-7/F-9,185593
16460,F-7/F-9,185595
16461,F-7/F-9,185596
16462,F-7/F-9,185597
16463,F-7/F-9,185598
16464,F-7/F-9,185599
16465,F-7/F-9,185600
16466,F-7/F-9,185601
16467,F-7/F-9,185602
16468,F-7/F-9,185607
16469,F-7/F-9,185610
16470,F-7/F-9,185611
16471,F-7/F-9,185617
16472,F-7/F-9,185618
16473,F-7/F-9,185619
16474,F-7/F-9,185623
16475,F-7/F-9,185624
16476,F-7/F-9,185626
16477,F-7/F-9,185627
16478,F-7/F-9,185631
16479,F-7/F-9,185634
16480,F-7/F-9,185638
16481,F-7/F-9,185642
16482,F-7/F-9,185644
16483,F-7/F-9,185645
16484,F-7/F-9,185646
16485,F-7/F-9,185648
16486,F-7/F-9,185652
16487,F-7/F-9,185653
16488,F-7/F-9,185659
16489,F-7/F-9,185660
16490,F-7/F-9,185661
16491,F-7/F-9,185662
16492,F-7/F-9,185663
16493,F-7/F-9,185664
16494,F-7/F-9,185667
16495,F-7/F-9,185668
16496,F-7/F-9,185669
16497,F-7/F-9,185672
16498,F-7/F-9,185673
16499,F-7/F-9,185676
16500,F-7/F-9,185677
16501,F-7/F-9,185678
16502,F-7/F-9,185680
16503,F-7/F-9,185685
16504,F-7/F-9,185687
16505,F-7/F-9,185690
16506,F-7/F-9,185692
16507,F-7/F-9,185697
16508,F-7/F-9,185698
16509,F-7/F-9,185699
16510,F-7/F-9,185700
16511,F-7/F-9,185701
16512,F-7/F-9,185702
16513,F-7/F-9,185705
16514,F-7/F-9,185707
16515,F-7/F-9,185709
16516,F-7/F-9,185710
16517,F-7/F-9,185711
16518,F-7/F-9,185712
16519,F-7/F-9,185713
16520,F-7/F-9,185714
16521,F-7/F-9,185715
16522,F-7/F-9,185716
16523,F-7/F-9,185717
16524,F-7/F-9,185718
16525,F-7/F-9,185719
16526,F-7/F-9,185724
16527,F-7/F-9,185725
16528,F-7/F-9,185731
16529,F-7/F-9,185733
16530,F-7/F-9,185734
16531,F-7/F-9,185735
16532,F-7/F-9,185737
16533,F-7/F-9,185738
16534,F-7/F-9,185742
16535,F-7/F-9,185744
16536,F-7/F-9,185745
16537,F-7/F-9,185746
16538,F-7/F-9,185750
16539,F-7/F-9,185757
16540,F-7/F-9,185759
16541,F-7/F-9,185764
16542,F-7/F-9,185768
16543,F-7/F-9,185769
16544,F-7/F-9,185770
16545,F-7/F-9,185772
16546,F-7/F-9,185773
16547,F-7/F-9,185775
16548,F-7/F-9,185778
16549,F-7/F-9,185779
16550,F-7/F-9,185781
16551,F-7/F-9,185782
16552,F-7/F-9,185788
16553,F-7/F-9,185789
16554,F-7/F-9,185794
16555,F-7/F-9,185795
16556,F-7/F-9,185796
16557,F-7/F-9,185799
16558,F-7/F-9,185800
16559,F-7/F-9,185804
16560,F-7/F-9,185805
16561,F-7/F-9,185809
16562,F-7/F-9,185810
16563,F-7/F-9,185815
16564,F-7/F-9,185817
16565,F-7/F-9,185820
16566,F-7/F-9,185821
16567,F-7/F-9,185822
16568,F-7/F-9,185823
16569,F-7/F-9,185825
16570,F-7/F-9,185829
16571,F-7/F-9,185830
16572,F-7/F-9,185836
16573,F-7/F-9,185837
16574,F-7/F-9,185839
16575,F-7/F-9,185847
16576,F-7/F-9,185851
16577,F-7/F-9,185854
16578,F-7/F-9,185855
16579,F-7/F-9,185858
16580,F-7/F-9,185859
16581,F-7/F-9,185861
16582,F-7/F-9,185862
16583,F-7/F-9,185863
16584,F-7/F-9,185864
16585,F-7/F-9,185867
16586,F-7/F-9,185868
16587,F-7/F-9,185872
16588,F-7/F-9,185875
16589,F-7/F-9,185876
16590,F-7/F-9,185877
16591,F-7/F-9,185878
16592,F-7/F-9,185879
16593,F-7/F-9,185880
16594,F-7/F-9,185882
16595,F-7/F-9,185884
16596,F-7/F-9,185886
16597,F-7/F-9,185891
16598,F-7/F-9,185896
16599,F-7/F-9,185899
16600,F-7/F-9,185901
16601,F-7/F-9,185903
16602,F-7/F-9,185906
16603,F-7/F-9,185907
16604,F-7/F-9,185908
16605,F-7/F-9,185910
16606,F-7/F-9,185911
16607,F-7/F-9,185912
16608,F-7/F-9,185914
16609,F-7/F-9,185918
16610,F-7/F-9,185920
16611,F-7/F-9,185921
16612,F-7/F-9,185924
16613,F-7/F-9,185926
16614,F-7/F-9,185929
16615,F-7/F-9,185931
16616,F-7/F-9,185932
16617,F-7/F-9,185933
16618,F-7/F-9,185934
16619,F-7/F-9,185935
16620,F-7/F-9,185936
16621,F-7/F-9,185938
16622,F-7/F-9,185939
16623,F-7/F-9,185944
16624,F-7/F-9,185945
16625,F-7/F-9,185946
16626,F-7/F-9,185949
16627,F-7/F-9,185953
16628,F-7/F-9,185955
16629,F-7/F-9,185957
16630,F-7/F-9,185958
16631,F-7/F-9,185961
16632,F-7/F-9,185962
16633,F-7/F-9,185965
16634,F-7/F-9,185966
16635,F-7/F-9,185970
16636,F-7/F-9,185973
16637,F-7/F-9,185974
16638,F-7/F-9,185975
16639,F-7/F-9,185977
16640,F-7/F-9,185978
16641,F-7/F-9,185980
16642,F-7/F-9,185981
16643,F-7/F-9,185982
16644,F-7/F-9,185986
16645,F-7/F-9,185988
16646,F-7/F-9,185992
16647,F-7/F-9,185995
16648,F-7/F-9,185996
16649,F-7/F-9,185997
16650,F-7/F-9,186002
16651,F-7/F-9,186003
16652,F-7/F-9,186004
16653,F-7/F-9,186006
16654,F-7/F-9,186008
16655,F-7/F-9,186010
16656,F-7/F-9,186011
16657,F-7/F-9,186014
16658,F-7/F-9,186016
16659,F-7/F-9,186019
16660,F-7/F-9,186021
16661,F-7/F-9,186022
16662,F-7/F-9,186023
16663,F-7/F-9,186024
16664,F-7/F-9,186026
16665,F-7/F-9,186028
16666,F-7/F-9,186030
16667,F-7/F-9,186033
16668,F-7/F-9,186036
16669,F-7/F-9,186041
16670,F-7/F-9,186042
16671,F-7/F-9,186044
16672,F-7/F-9,186049
16673,F-7/F-9,186052
16674,F-7/F-9,186053
16675,F-7/F-9,186057
16676,F-7/F-9,186060
16677,F-7/F-9,186061
16678,F-7/F-9,186064
16679,F-7/F-9,186065
16680,F-7/F-9,186071
16681,F-7/F-9,186073
16682,F-7/F-9,186075
16683,F-7/F-9,186078
16684,F-7/F-9,186080
16685,F-7/F-9,186081
16686,F-7/F-9,186084
16687,F-7/F-9,186087
16688,F-7/F-9,186090
16689,F-7/F-9,186096
16690,F-7/F-9,186099
16691,F-7/F-9,186100
16692,F-7/F-9,186104
16693,F-7/F-9,186105
16694,F-7/F-9,186106
16695,F-7/F-9,186108
16696,F-7/F-9,186109
16697,F-7/F-9,186110
16698,F-7/F-9,186111
16699,F-7/F-9,186122
16700,F-7/F-9,186127
16701,F-7/F-9,186128
16702,F-7/F-9,186131
16703,F-7/F-9,186133
16704,F-7/F-9,186134
16705,F-7/F-9,186135
16706,F-7/F-9,186137
16707,F-7/F-9,186138
16708,F-7/F-9,186139
16709,F-7/F-9,186140
16710,F-7/F-9,186142
16711,F-7/F-9,186145
16712,F-7/F-9,186146
16713,F-7/F-9,186147
16714,F-7/F-9,186151
16715,F-7/F-9,186154
16716,F-7/F-9,186157
16717,F-7/F-9,186158
16718,F-7/F-9,186162
16719,F-7/F-9,186167
16720,F-7/F-9,186169
16721,F-7/F-9,186170
16722,F-7/F-9,186176
16723,F-7/F-9,186181
16724,F-7/F-9,186184
16725,F-7/F-9,186185
16726,F-7/F-9,186187
16727,F-7/F-9,186188
16728,F-7/F-9,186189
16729,F-7/F-9,186190
16730,F-7/F-9,186191
16731,F-7/F-9,186194
16732,F-7/F-9,186195
16733,F-7/F-9,186196
16734,F-7/F-9,186198
16735,F-7/F-9,186201
16736,F-7/F-9,186202
16737,F-7/F-9,186206
16738,F-7/F-9,186207
16739,F-7/F-9,186213
16740,F-7/F-9,186216
16741,F-7/F-9,186218
16742,F-7/F-9,186221
16743,F-7/F-9,186227
16744,F-7/F-9,186229
16745,F-7/F-9,186230
16746,F-7/F-9,186231
16747,F-7/F-9,186232
16748,F-7/F-9,186233
16749,F-7/F-9,186234
16750,F-7/F-9,186235
16751,F-7/F-9,186237
16752,F-7/F-9,186239
16753,F-7/F-9,186241
16754,F-7/F-9,186245
16755,F-7/F-9,186247
16756,F-7/F-9,186248
16757,F-7/F-9,186251
16758,F-7/F-9,186252
16759,F-7/F-9,186253
16760,F-7/F-9,186254
16761,F-7/F-9,186259
16762,F-7/F-9,186261
16763,F-7/F-9,186266
16764,F-7/F-9,186267
16765,F-7/F-9,186268
16766,F-7/F-9,186269
16767,F-7/F-9,186270
16768,F-7/F-9,186271
16769,F-7/F-9,186273
16770,F-7/F-9,186277
16771,F-7/F-9,186279
16772,F-7/F-9,186283
16773,F-7/F-9,186286
16774,F-7/F-9,186287
16775,F-7/F-9,186289
16776,F-7/F-9,186291
16777,F-7/F-9,186295
16778,F-7/F-9,186296
16779,F-7/F-9,186300
16780,F-7/F-9,186305
16781,F-7/F-9,186308
16782,F-7/F-9,186309
16783,F-7/F-9,186310
16784,F-7/F-9,186313
16785,F-7/F-9,186319
16786,F-7/F-9,186320
16787,F-7/F-9,186321
16788,F-7/F-9,186322
16789,F-7/F-9,186323
16790,F-7/F-9,186324
16791,F-7/F-9,186326
16792,F-7/F-9,186327
16793,F-7/F-9,186329
16794,F-7/F-9,186333
16795,F-7/F-9,186342
16796,F-7/F-9,186343
16797,F-7/F-9,186344
16798,F-7/F-9,186345
16799,F-7/F-9,186346
16800,F-7/F-9,186347
16801,F-7/F-9,186351
16802,F-7/F-9,186352
16803,F-7/F-9,186353
16804,F-7/F-9,186354
16805,F-7/F-9,186355
16806,F-7/F-9,186357
16807,F-7/F-9,186359
16808,F-7/F-9,186360
16809,F-7/F-9,186361
16810,F-7/F-9,186362
16811,F-7/F-9,186363
16812,F-7/F-9,186364
16813,F-7/F-9,186365
16814,F-7/F-9,186367
16815,F-7/F-9,186375
16816,F-7/F-9,186380
16817,F-7/F-9,186381
16818,F-7/F-9,186382
16819,F-7/F-9,186384
16820,F-7/F-9,186385
16821,F-7/F-9,186388
16822,F-7/F-9,186391
16823,F-7/F-9,186395
16824,F-7/F-9,186396
16825,F-7/F-9,186398
16826,F-7/F-9,186399
16827,F-7/F-9,186401
16828,F-7/F-9,186407
16829,F-7/F-9,186411
16830,F-7/F-9,186412
16831,F-7/F-9,186413
16832,F-7/F-9,186416
16833,F-7/F-9,186417
16834,F-7/F-9,186419
16835,F-7/F-9,186420
16836,F-7/F-9,186421
16837,F-7/F-9,186425
16838,F-7/F-9,186429
16839,F-7/F-9,186430
16840,F-7/F-9,186432
16841,F-7/F-9,186436
16842,F-7/F-9,186438
16843,F-7/F-9,186439
16844,F-7/F-9,186440
16845,F-7/F-9,186441
16846,F-7/F-9,186444
16847,F-7/F-9,186445
16848,F-7/F-9,186448
16849,F-7/F-9,186449
16850,F-7/F-9,186452
16851,F-7/F-9,186454
16852,F-7/F-9,186457
16853,F-7/F-9,186460
16854,F-7/F-9,186461
16855,F-7/F-9,186462
16856,F-7/F-9,186464
16857,F-7/F-9,186469
16858,F-7/F-9,186470
16859,F-7/F-9,186473
16860,F-7/F-9,186475
16861,F-7/F-9,186477
16862,F-7/F-9,186478
16863,F-7/F-9,186479
16864,F-7/F-9,186480
16865,F-7/F-9,186481
16866,F-7/F-9,186484
16867,F-7/F-9,186485
16868,F-7/F-9,186490
16869,F-7/F-9,186491
16870,F-7/F-9,186494
16871,F-7/F-9,186497
16872,F-7/F-9,186498
16873,F-7/F-9,186502
16874,F-7/F-9,186504
16875,F-7/F-9,186505
16876,F-7/F-9,186508
16877,F-7/F-9,186511
16878,F-7/F-9,186515
16879,F-7/F-9,186517
16880,F-7/F-9,186520
16881,F-7/F-9,186522
16882,F-7/F-9,186523
16883,F-7/F-9,186524
16884,F-7/F-9,186525
16885,F-7/F-9,186526
16886,F-7/F-9,186527
16887,F-7/F-9,186528
16888,F-7/F-9,186529
16889,F-7/F-9,186535
16890,F-7/F-9,186536
16891,F-7/F-9,186539
16892,F-7/F-9,186540
16893,F-7/F-9,186543
16894,F-7/F-9,186548
16895,F-7/F-9,186549
16896,F-7/F-9,186551
16897,F-7/F-9,186556
16898,F-7/F-9,186558
16899,F-7/F-9,186559
16900,F-7/F-9,186560
16901,F-7/F-9,186562
16902,F-7/F-9,186573
16903,F-7/F-9,186574
16904,F-7/F-9,186575
16905,F-7/F-9,186576
16906,F-7/F-9,186578
16907,F-7/F-9,186579
16908,F-7/F-9,186580
16909,F-7/F-9,186582
16910,F-7/F-9,186585
16911,F-7/F-9,186589
16912,F-7/F-9,186592
16913,F-7/F-9,186593
16914,F-7/F-9,186594
16915,F-7/F-9,186595
16916,F-7/F-9,186596
16917,F-7/F-9,186598
16918,F-7/F-9,186599
16919,F-7/F-9,186600
16920,F-7/F-9,186601
16921,F-7/F-9,186609
16922,F-7/F-9,186612
16923,F-7/F-9,186613
16924,F-7/F-9,186616
16925,F-7/F-9,186617
16926,F-7/F-9,186619
16927,F-7/F-9,186620
16928,F-7/F-9,186622
16929,F-7/F-9,186623
16930,F-7/F-9,186624
16931,F-7/F-9,186628
16932,F-7/F-9,186629
16933,F-7/F-9,186632
16934,F-7/F-9,186634
16935,F-7/F-9,186635
16936,F-7/F-9,186636
16937,F-7/F-9,186643
16938,F-7/F-9,186644
16939,F-7/F-9,186647
16940,F-7/F-9,186648
16941,F-7/F-9,186649
16942,F-7/F-9,186652
16943,F-7/F-9,186653
16944,F-7/F-9,186655
16945,F-7/F-9,186656
16946,F-7/F-9,186658
16947,F-7/F-9,186660
16948,F-7/F-9,186661
16949,F-7/F-9,186662
16950,F-7/F-9,186663
16951,F-7/F-9,186669
16952,F-7/F-9,186670
16953,F-7/F-9,186671
16954,F-7/F-9,186678
16955,F-7/F-9,186679
16956,F-7/F-9,186681
16957,F-7/F-9,186689
16958,F-7/F-9,186690
16959,F-7/F-9,186694
16960,F-7/F-9,186696
16961,F-7/F-9,186697
16962,F-7/F-9,186698
16963,F-7/F-9,186700
16964,F-7/F-9,186701
16965,F-7/F-9,186703
16966,F-7/F-9,186706
16967,F-7/F-9,186707
16968,F-7/F-9,186711
16969,F-7/F-9,186713
16970,F-7/F-9,186715
16971,F-7/F-9,186716
16972,F-7/F-9,186717
16973,F-7/F-9,186718
16974,F-7/F-9,186721
16975,F-7/F-9,186722
16976,F-7/F-9,186723
16977,F-7/F-9,186724
16978,F-7/F-9,186725
16979,F-7/F-9,186727
16980,F-7/F-9,186730
16981,F-7/F-9,186735
16982,F-7/F-9,186736
16983,F-7/F-9,186741
16984,F-7/F-9,186744
16985,F-7/F-9,186746
16986,F-7/F-9,186747
16987,F-7/F-9,186753
16988,F-7/F-9,186754
16989,F-7/F-9,186758
16990,F-7/F-9,186762
16991,F-7/F-9,186763
16992,F-7/F-9,186765
16993,F-7/F-9,186766
16994,F-7/F-9,186767
16995,F-7/F-9,186768
16996,F-7/F-9,186770
16997,F-7/F-9,186771
16998,F-7/F-9,186772
16999,F-7/F-9,186775
17000,F-7/F-9,186777
17001,F-7/F-9,186779
17002,F-7/F-9,186780
17003,F-7/F-9,186781
17004,F-7/F-9,186784
17005,F-7/F-9,186786
17006,F-7/F-9,186787
17007,F-7/F-9,186788
17008,F-7/F-9,186793
17009,F-7/F-9,186796
17010,F-7/F-9,186797
17011,F-7/F-9,186800
17012,F-7/F-9,186801
17013,F-7/F-9,186807
17014,F-7/F-9,186808
17015,F-7/F-9,186809
17016,F-7/F-9,186810
17017,F-7/F-9,186811
17018,F-7/F-9,186812
17019,F-7/F-9,186813
17020,F-7/F-9,186814
17021,F-7/F-9,186817
17022,F-7/F-9,186818
17023,F-7/F-9,186819
17024,F-7/F-9,186820
17025,F-7/F-9,186821
17026,F-7/F-9,186823
17027,F-7/F-9,186825
17028,F-7/F-9,186831
17029,F-7/F-9,186835
17030,F-7/F-9,186836
17031,F-7/F-9,186837
17032,F-7/F-9,186838
17033,F-7/F-9,186839
17034,F-7/F-9,186840
17035,F-7/F-9,186843
17036,F-7/F-9,186844
17037,F-7/F-9,186846
17038,F-7/F-9,186855
17039,F-7/F-9,186856
17040,F-7/F-9,186858
17041,F-7/F-9,186860
17042,F-7/F-9,186862
17043,F-7/F-9,186863
17044,F-7/F-9,186866
17045,F-7/F-9,186867
17046,F-7/F-9,186868
17047,F-7/F-9,186870
17048,F-7/F-9,186872
17049,F-7/F-9,186876
17050,F-7/F-9,186877
17051,F-7/F-9,186879
17052,F-7/F-9,186883
17053,F-7/F-9,186884
17054,F-7/F-9,186889
17055,F-7/F-9,186893
17056,F-7/F-9,186895
17057,F-7/F-9,186897
17058,F-7/F-9,186904
17059,F-7/F-9,186911
17060,F-7/F-9,186912
17061,F-7/F-9,186914
17062,F-7/F-9,186919
17063,F-7/F-9,186920
17064,F-7/F-9,186922
17065,F-7/F-9,186923
17066,F-7/F-9,186924
17067,F-7/F-9,186929
17068,F-7/F-9,186930
17069,F-7/F-9,186931
17070,F-7/F-9,186933
17071,F-7/F-9,186936
17072,F-7/F-9,186938
17073,F-7/F-9,186939
17074,F-7/F-9,186942
17075,F-7/F-9,186943
17076,F-7/F-9,186944
17077,F-7/F-9,186946
17078,F-7/F-9,186951
17079,F-7/F-9,186952
17080,F-7/F-9,186956
17081,F-7/F-9,186960
17082,F-7/F-9,186962
17083,F-7/F-9,186963
17084,F-7/F-9,186972
17085,F-7/F-9,186974
17086,F-7/F-9,186977
17087,F-7/F-9,186978
17088,F-7/F-9,186980
17089,F-7/F-9,186982
17090,F-7/F-9,186983
17091,F-7/F-9,186984
17092,F-7/F-9,186986
17093,F-7/F-9,186989
17094,F-7/F-9,186995
17095,F-7/F-9,186996
17096,F-7/F-9,186998
17097,F-7/F-9,187008
17098,F-7/F-9,187009
17099,F-7/F-9,187012
17100,F-7/F-9,187018
17101,F-7/F-9,187020
17102,F-7/F-9,187021
17103,F-7/F-9,187024
17104,F-7/F-9,187026
17105,F-7/F-9,187028
17106,F-7/F-9,187031
17107,F-7/F-9,187032
17108,F-7/F-9,187036
17109,F-7/F-9,187040
17110,F-7/F-9,187041
17111,F-7/F-9,187042
17112,F-7/F-9,187043
17113,F-7/F-9,187048
17114,F-7/F-9,187050
17115,F-7/F-9,187052
17116,F-7/F-9,187054
17117,F-7/F-9,187055
17118,F-7/F-9,187057
17119,F-7/F-9,187058
17120,F-7/F-9,187059
17121,F-7/F-9,187060
17122,F-7/F-9,187066
17123,F-7/F-9,187069
17124,F-7/F-9,187070
17125,F-7/F-9,187073
17126,F-7/F-9,187075
17127,F-7/F-9,187076
17128,F-7/F-9,187079
17129,F-7/F-9,187080
17130,F-7/F-9,187081
17131,F-7/F-9,187085
17132,F-7/F-9,187086
17133,F-7/F-9,187087
17134,F-7/F-9,187088
17135,F-7/F-9,187092
17136,F-7/F-9,187093
17137,F-7/F-9,187094
17138,F-7/F-9,187095
17139,F-7/F-9,187096
17140,F-7/F-9,187099
17141,F-7/F-9,187101
17142,F-7/F-9,187102
17143,F-7/F-9,187105
17144,F-7/F-9,187107
17145,F-7/F-9,187108
17146,F-7/F-9,187110
17147,F-7/F-9,187112
17148,F-7/F-9,187113
17149,F-7/F-9,187116
17150,F-7/F-9,187117
17151,F-7/F-9,187120
17152,F-7/F-9,187121
17153,F-7/F-9,187123
17154,F-7/F-9,187124
17155,F-7/F-9,187125
17156,F-7/F-9,187126
17157,F-7/F-9,187128
17158,F-7/F-9,187129
17159,F-7/F-9,187130
17160,F-7/F-9,187131
17161,F-7/F-9,187132
17162,F-7/F-9,187133
17163,F-7/F-9,187134
17164,F-7/F-9,187137
17165,F-7/F-9,187140
17166,F-7/F-9,187141
17167,F-7/F-9,187142
17168,F-7/F-9,187143
17169,F-7/F-9,187146
17170,F-7/F-9,187147
17171,F-7/F-9,187149
17172,F-7/F-9,187150
17173,F-7/F-9,187151
17174,F-7/F-9,187156
17175,F-7/F-9,187158
17176,F-7/F-9,187159
17177,F-7/F-9,187162
17178,F-7/F-9,187164
17179,F-7/F-9,187167
17180,F-7/F-9,187175
17181,F-7/F-9,187180
17182,F-7/F-9,187181
17183,F-7/F-9,187183
17184,F-7/F-9,187186
17185,F-7/F-9,187187
17186,F-7/F-9,187189
17187,F-7/F-9,187191
17188,F-7/F-9,187193
17189,F-7/F-9,187194
17190,F-7/F-9,187196
17191,F-7/F-9,187202
17192,F-7/F-9,187204
17193,F-7/F-9,187208
17194,F-7/F-9,187212
17195,F-7/F-9,187213
17196,F-7/F-9,187214
17197,F-7/F-9,187217
17198,F-7/F-9,187219
17199,F-7/F-9,187221
17200,F-7/F-9,187222
17201,F-7/F-9,187224
17202,F-7/F-9,187226
17203,F-7/F-9,187228
17204,F-7/F-9,187232
17205,F-7/F-9,187233
17206,F-7/F-9,187234
17207,F-7/F-9,187237
17208,F-7/F-9,187239
17209,F-7/F-9,187240
17210,F-7/F-9,187241
17211,F-7/F-9,187242
17212,F-7/F-9,187245
17213,F-7/F-9,187247
17214,F-7/F-9,187248
17215,F-7/F-9,187249
17216,F-7/F-9,187250
17217,F-7/F-9,187252
17218,F-7/F-9,187254
17219,F-7/F-9,187256
17220,F-7/F-9,187258
17221,F-7/F-9,187260
17222,F-7/F-9,187261
17223,F-7/F-9,187265
17224,F-7/F-9,187266
17225,F-7/F-9,187268
17226,F-7/F-9,187269
17227,F-7/F-9,187272
17228,F-7/F-9,187273
17229,F-7/F-9,187274
17230,F-7/F-9,187277
17231,F-7/F-9,187279
17232,F-7/F-9,187281
17233,F-7/F-9,187282
17234,F-7/F-9,187283
17235,F-7/F-9,187285
17236,F-7/F-9,187286
17237,F-7/F-9,187287
17238,F-7/F-9,187288
17239,F-7/F-9,187289
17240,F-7/F-9,187290
17241,F-7/F-9,187291
17242,F-7/F-9,187294
17243,F-7/F-9,187298
17244,F-7/F-9,187299
17245,F-7/F-9,187300
17246,F-7/F-9,187301
17247,F-7/F-9,187303
17248,F-7/F-9,187304
17249,F-7/F-9,187305
17250,F-7/F-9,187309
17251,F-7/F-9,187311
17252,F-7/F-9,187312
17253,F-7/F-9,187314
17254,F-7/F-9,187316
17255,F-7/F-9,187317
17256,F-7/F-9,187318
17257,F-7/F-9,187319
17258,F-7/F-9,187321
17259,F-7/F-9,187322
17260,F-7/F-9,187324
17261,F-7/F-9,187326
17262,F-7/F-9,187327
17263,F-7/F-9,187331
17264,F-7/F-9,187332
17265,F-7/F-9,187333
17266,F-7/F-9,187334
17267,F-7/F-9,187335
17268,F-7/F-9,187336
17269,F-7/F-9,187337
17270,F-7/F-9,187338
17271,F-7/F-9,187339
17272,F-7/F-9,187340
17273,F-7/F-9,187341
17274,F-7/F-9,187343
17275,F-7/F-9,187348
17276,F-7/F-9,187351
17277,F-7/F-9,187353
17278,F-7/F-9,187354
17279,F-7/F-9,187355
17280,F-7/F-9,187360
17281,F-7/F-9,187361
17282,F-7/F-9,187363
17283,F-7/F-9,187364
17284,F-7/F-9,187365
17285,F-7/F-9,187366
17286,F-7/F-9,187367
17287,F-7/F-9,187369
17288,F-7/F-9,187370
17289,F-7/F-9,187372
17290,F-7/F-9,187375
17291,F-7/F-9,187376
17292,F-7/F-9,187378
17293,F-7/F-9,187381
17294,F-7/F-9,187382
17295,F-7/F-9,187384
17296,F-7/F-9,187387
17297,F-7/F-9,187390
17298,F-7/F-9,187391
17299,F-7/F-9,187392
17300,F-7/F-9,187393
17301,F-7/F-9,187395
17302,F-7/F-9,187396
17303,F-7/F-9,187399
17304,F-7/F-9,187401
17305,F-7/F-9,187402
17306,F-7/F-9,187403
17307,F-7/F-9,187404
17308,F-7/F-9,187406
17309,F-7/F-9,187407
17310,F-7/F-9,187410
17311,F-7/F-9,187413
17312,F-7/F-9,187414
17313,F-7/F-9,187415
17314,F-7/F-9,187416
17315,F-7/F-9,187418
17316,F-7/F-9,187420
17317,F-7/F-9,187421
17318,F-7/F-9,187424
17319,F-7/F-9,187425
17320,F-7/F-9,187426
17321,F-7/F-9,187429
17322,F-7/F-9,187431
17323,F-7/F-9,187435
17324,F-7/F-9,187436
17325,F-7/F-9,187437
17326,F-7/F-9,187440
17327,F-7/F-9,187442
17328,F-7/F-9,187445
17329,F-7/F-9,187447
17330,F-7/F-9,187450
17331,F-7/F-9,187452
17332,F-7/F-9,187454
17333,F-7/F-9,187458
17334,F-7/F-9,187460
17335,F-7/F-9,187462
17336,F-7/F-9,187465
17337,F-7/F-9,187467
17338,F-7/F-9,187468
17339,F-7/F-9,187469
17340,F-7/F-9,187470
17341,F-7/F-9,187475
17342,F-7/F-9,187476
17343,F-7/F-9,187485
17344,F-7/F-9,187487
17345,F-7/F-9,187493
17346,F-7/F-9,187496
17347,F-7/F-9,187497
17348,F-7/F-9,187500
17349,F-7/F-9,187501
17350,F-7/F-9,187503
17351,F-7/F-9,187505
17352,F-7/F-9,187507
17353,F-7/F-9,187508
17354,F-7/F-9,187510
17355,F-7/F-9,187511
17356,F-7/F-9,187515
17357,F-7/F-9,187517
17358,F-7/F-9,187518
17359,F-7/F-9,187519
17360,F-7/F-9,187521
17361,F-7/F-9,187524
17362,F-7/F-9,187525
17363,F-7/F-9,187527
17364,F-7/F-9,187531
17365,F-7/F-9,187539
17366,F-7/F-9,187540
17367,F-7/F-9,187542
17368,F-7/F-9,187543
17369,F-7/F-9,187547
17370,F-7/F-9,187549
17371,F-7/F-9,187550
17372,F-7/F-9,187551
17373,F-7/F-9,187555
17374,F-7/F-9,187557
17375,F-7/F-9,187558
17376,F-7/F-9,187560
17377,F-7/F-9,187561
17378,F-7/F-9,187563
17379,F-7/F-9,187566
17380,F-7/F-9,187567
17381,F-7/F-9,187568
17382,F-7/F-9,187570
17383,F-7/F-9,187572
17384,F-7/F-9,187576
17385,F-7/F-9,187577
17386,F-7/F-9,187578
17387,F-7/F-9,187580
17388,F-7/F-9,187585
17389,F-7/F-9,187586
17390,F-7/F-9,187589
17391,F-7/F-9,187591
17392,F-7/F-9,187594
17393,F-7/F-9,187597
17394,F-7/F-9,187599
17395,F-7/F-9,187602
17396,F-7/F-9,187605
17397,F-7/F-9,187606
17398,F-7/F-9,187608
17399,F-7/F-9,187610
17400,F-7/F-9,187611
17401,F-7/F-9,187612
17402,F-7/F-9,187614
17403,F-7/F-9,187617
17404,F-7/F-9,187619
17405,F-7/F-9,187620
17406,F-7/F-9,187622
17407,F-7/F-9,187623
17408,F-7/F-9,187624
17409,F-7/F-9,187625
17410,F-7/F-9,187626
17411,F-7/F-9,187627
17412,F-7/F-9,187629
17413,F-7/F-9,187630
17414,F-7/F-9,187633
17415,F-7/F-9,187635
17416,F-7/F-9,187636
17417,F-7/F-9,187637
17418,F-7/F-9,187638
17419,F-7/F-9,187640
17420,F-7/F-9,187643
17421,F-7/F-9,187644
17422,F-7/F-9,187648
17423,F-7/F-9,187649
17424,F-7/F-9,187657
17425,F-7/F-9,187659
17426,F-7/F-9,187660
17427,F-7/F-9,187661
17428,F-7/F-9,187665
17429,F-7/F-9,187666
17430,F-7/F-9,187668
17431,F-7/F-9,187669
17432,F-7/F-9,187670
17433,F-7/F-9,187673
17434,F-7/F-9,187678
17435,F-7/F-9,187682
17436,F-7/F-9,187686
17437,F-7/F-9,187689
17438,F-7/F-9,187691
17439,F-7/F-9,187692
17440,F-7/F-9,187694
17441,F-7/F-9,187696
17442,F-7/F-9,187701
17443,F-7/F-9,187702
17444,F-7/F-9,187704
17445,F-7/F-9,187708
17446,F-7/F-9,187710
17447,F-7/F-9,187712
17448,F-7/F-9,187713
17449,F-7/F-9,187714
17450,F-7/F-9,187715
17451,F-7/F-9,187718
17452,F-7/F-9,187719
17453,F-7/F-9,187720
17454,F-7/F-9,187721
17455,F-7/F-9,187723
17456,F-7/F-9,187725
17457,F-7/F-9,187726
17458,F-7/F-9,187728
17459,F-7/F-9,187730
17460,F-7/F-9,187733
17461,F-7/F-9,187735
17462,F-7/F-9,187737
17463,F-7/F-9,187738
17464,F-7/F-9,187741
17465,F-7/F-9,187743
17466,F-7/F-9,187745
17467,F-7/F-9,187747
17468,F-7/F-9,187748
17469,F-7/F-9,187749
17470,F-7/F-9,187750
17471,F-7/F-9,187751
17472,F-7/F-9,187752
17473,F-7/F-9,187755
17474,F-7/F-9,187762
17475,F-7/F-9,187763
17476,F-7/F-9,187766
17477,F-7/F-9,187768
17478,F-7/F-9,187769
17479,F-7/F-9,187772
17480,F-7/F-9,187776
17481,F-7/F-9,187777
17482,F-7/F-9,187785
17483,F-7/F-9,187787
17484,F-7/F-9,187789
17485,F-7/F-9,187791
17486,F-7/F-9,187792
17487,F-7/F-9,187796
17488,F-7/F-9,187797
17489,F-7/F-9,187799
17490,F-7/F-9,187801
17491,F-7/F-9,187802
17492,F-7/F-9,187804
17493,F-7/F-9,187807
17494,F-7/F-9,187809
17495,F-7/F-9,187810
17496,F-7/F-9,187814
17497,F-7/F-9,187816
17498,F-7/F-9,187818
17499,F-7/F-9,187819
17500,F-7/F-9,187823
17501,F-7/F-9,187824
17502,F-7/F-9,187825
17503,F-7/F-9,187828
17504,F-7/F-9,187829
17505,F-7/F-9,187830
17506,F-7/F-9,187832
17507,F-7/F-9,187833
17508,F-7/F-9,187836
17509,F-7/F-9,187837
17510,F-7/F-9,187838
17511,F-7/F-9,187840
17512,F-7/F-9,187842
17513,F-7/F-9,187843
17514,F-7/F-9,187848
17515,F-7/F-9,187851
17516,F-7/F-9,187853
17517,F-7/F-9,187854
17518,F-7/F-9,187859
17519,F-7/F-9,187861
17520,F-7/F-9,187863
17521,F-7/F-9,187867
17522,F-7/F-9,187874
17523,F-7/F-9,187878
17524,F-7/F-9,187879
17525,F-7/F-9,187883
17526,F-7/F-9,187884
17527,F-7/F-9,187885
17528,F-7/F-9,187888
17529,F-7/F-9,187891
17530,F-7/F-9,187892
17531,F-7/F-9,187893
17532,F-7/F-9,187895
17533,F-7/F-9,187896
17534,F-7/F-9,187900
17535,F-7/F-9,187901
17536,F-7/F-9,187905
17537,F-7/F-9,187907
17538,F-7/F-9,187908
17539,F-7/F-9,187910
17540,F-7/F-9,187912
17541,F-7/F-9,187913
17542,F-7/F-9,187916
17543,F-7/F-9,187918
17544,F-7/F-9,187922
17545,F-7/F-9,187923
17546,F-7/F-9,187928
17547,F-7/F-9,187930
17548,F-7/F-9,187933
17549,F-7/F-9,187937
17550,F-7/F-9,187938
17551,F-7/F-9,187942
17552,F-7/F-9,187944
17553,F-7/F-9,187945
17554,F-7/F-9,187946
17555,F-7/F-9,187949
17556,F-7/F-9,187950
17557,F-7/F-9,187951
17558,F-7/F-9,187953
17559,F-7/F-9,187955
17560,F-7/F-9,187961
17561,F-7/F-9,187965
17562,F-7/F-9,187969
17563,F-7/F-9,187970
17564,F-7/F-9,187972
17565,F-7/F-9,187973
17566,F-7/F-9,187978
17567,F-7/F-9,187983
17568,F-7/F-9,187985
17569,F-7/F-9,187986
17570,F-7/F-9,187989
17571,F-7/F-9,187990
17572,F-7/F-9,187992
17573,F-7/F-9,187994
17574,F-7/F-9,187995
17575,F-7/F-9,187996
17576,F-7/F-9,188000
17577,F-7/F-9,188003
17578,F-7/F-9,188007
17579,F-7/F-9,188008
17580,F-7/F-9,188009
17581,F-7/F-9,188011
17582,F-7/F-9,188014
17583,F-7/F-9,188015
17584,F-7/F-9,188016
17585,F-7/F-9,188017
17586,F-7/F-9,188018
17587,F-7/F-9,188022
17588,F-7/F-9,188023
17589,F-7/F-9,188024
17590,F-7/F-9,188027
17591,F-7/F-9,188031
17592,F-7/F-9,188034
17593,F-7/F-9,188035
17594,F-7/F-9,188036
17595,F-7/F-9,188041
17596,F-7/F-9,188042
17597,F-7/F-9,188043
17598,F-7/F-9,188045
17599,F-7/F-9,188048
17600,F-7/F-9,188049
17601,F-7/F-9,188051
17602,F-7/F-9,188052
17603,F-7/F-9,188056
17604,F-7/F-9,188063
17605,F-7/F-9,188066
17606,F-7/F-9,188067
17607,F-7/F-9,188068
17608,F-7/F-9,188069
17609,F-7/F-9,188072
17610,F-7/F-9,188075
17611,F-7/F-9,188076
17612,F-7/F-9,188077
17613,F-7/F-9,188079
17614,F-7/F-9,188080
17615,F-7/F-9,188084
17616,F-7/F-9,188087
17617,F-7/F-9,188091
17618,F-7/F-9,188095
17619,F-7/F-9,188096
17620,F-7/F-9,188097
17621,F-7/F-9,188098
17622,F-7/F-9,188107
17623,F-7/F-9,188109
17624,F-7/F-9,188110
17625,F-7/F-9,188111
17626,F-7/F-9,188113
17627,F-7/F-9,188116
17628,F-7/F-9,188117
17629,F-7/F-9,188121
17630,F-7/F-9,188124
17631,F-7/F-9,188125
17632,F-7/F-9,188126
17633,F-7/F-9,188127
17634,F-7/F-9,188128
17635,F-7/F-9,188131
17636,F-7/F-9,188132
17637,F-7/F-9,188134
17638,F-7/F-9,188136
17639,F-7/F-9,188138
17640,F-7/F-9,188139
17641,F-7/F-9,188144
17642,F-7/F-9,188145
17643,F-7/F-9,188146
17644,F-7/F-9,188147
17645,F-7/F-9,188152
17646,F-7/F-9,188156
17647,F-7/F-9,188158
17648,F-7/F-9,188162
17649,F-7/F-9,188163
17650,F-7/F-9,188165
17651,F-7/F-9,188168
17652,F-7/F-9,188177
17653,F-7/F-9,188178
17654,F-7/F-9,188180
17655,F-7/F-9,188188
17656,F-7/F-9,188189
17657,F-7/F-9,188192
17658,F-7/F-9,188193
17659,F-7/F-9,188194
17660,F-7/F-9,188195
17661,F-7/F-9,188197
17662,F-7/F-9,188198
17663,F-7/F-9,188199
17664,F-7/F-9,188201
17665,F-7/F-9,188203
17666,F-7/F-9,188205
17667,F-7/F-9,188206
17668,F-7/F-9,188207
17669,F-7/F-9,188209
17670,F-7/F-9,188213
17671,F-7/F-9,188217
17672,F-7/F-9,188219
17673,F-7/F-9,188220
17674,F-7/F-9,188221
17675,F-7/F-9,188226
17676,F-7/F-9,188227
17677,F-7/F-9,188228
17678,F-7/F-9,188229
17679,F-7/F-9,188230
17680,F-7/F-9,188231
17681,F-7/F-9,188234
17682,F-7/F-9,188237
17683,F-7/F-9,188238
17684,F-7/F-9,188245
17685,F-7/F-9,188248
17686,F-7/F-9,188249
17687,F-7/F-9,188250
17688,F-7/F-9,188251
17689,F-7/F-9,188255
17690,F-7/F-9,188256
17691,F-7/F-9,188257
17692,F-7/F-9,188258
17693,F-7/F-9,188263
17694,F-7/F-9,188265
17695,F-7/F-9,188269
17696,F-7/F-9,188270
17697,F-7/F-9,188273
17698,F-7/F-9,188274
17699,F-7/F-9,188275
17700,F-7/F-9,188276
17701,F-7/F-9,188283
17702,F-7/F-9,188287
17703,F-7/F-9,188291
17704,F-7/F-9,188293
17705,F-7/F-9,188295
17706,F-7/F-9,188296
17707,F-7/F-9,188297
17708,F-7/F-9,188299
17709,F-7/F-9,188300
17710,F-7/F-9,188306
17711,F-7/F-9,188310
17712,F-7/F-9,188313
17713,F-7/F-9,188316
17714,F-7/F-9,188318
17715,F-7/F-9,188319
17716,F-7/F-9,188321
17717,F-7/F-9,188325
17718,F-7/F-9,188326
17719,F-7/F-9,188327
17720,F-7/F-9,188330
17721,F-7/F-9,188331
17722,F-7/F-9,188333
17723,F-7/F-9,188334
17724,F-7/F-9,188336
17725,F-7/F-9,188338
17726,F-7/F-9,188339
17727,F-7/F-9,188343
17728,F-7/F-9,188345
17729,F-7/F-9,188346
17730,F-7/F-9,188347
17731,F-7/F-9,188349
17732,F-7/F-9,188352
17733,F-7/F-9,188353
17734,F-7/F-9,188354
17735,F-7/F-9,188355
17736,F-7/F-9,188356
17737,F-7/F-9,188357
17738,F-7/F-9,188360
17739,F-7/F-9,188361
17740,F-7/F-9,188364
17741,F-7/F-9,188365
17742,F-7/F-9,188366
17743,F-7/F-9,188367
17744,F-7/F-9,188368
17745,F-7/F-9,188370
17746,F-7/F-9,188373
17747,F-7/F-9,188374
17748,F-7/F-9,188375
17749,F-7/F-9,188377
17750,F-7/F-9,188378
17751,F-7/F-9,188380
17752,F-7/F-9,188381
17753,F-7/F-9,188382
17754,F-7/F-9,188384
17755,F-7/F-9,188386
17756,F-7/F-9,188388
17757,F-7/F-9,188390
17758,F-7/F-9,188396
17759,F-7/F-9,188397
17760,F-7/F-9,188399
17761,F-7/F-9,188400
17762,F-7/F-9,188402
17763,F-7/F-9,188403
17764,F-7/F-9,188404
17765,F-7/F-9,188408
17766,F-7/F-9,188409
17767,F-7/F-9,188410
17768,F-7/F-9,188413
17769,F-7/F-9,188414
17770,F-7/F-9,188417
17771,F-7/F-9,188419
17772,F-7/F-9,188421
17773,F-7/F-9,188423
17774,F-7/F-9,188424
17775,F-7/F-9,188427
17776,F-7/F-9,188431
17777,F-7/F-9,188432
17778,F-7/F-9,188433
17779,F-7/F-9,188434
17780,F-7/F-9,188436
17781,F-7/F-9,188438
17782,F-7/F-9,188439
17783,F-7/F-9,188440
17784,F-7/F-9,188443
17785,F-7/F-9,188444
17786,F-7/F-9,188446
17787,F-7/F-9,188447
17788,F-7/F-9,188448
17789,F-7/F-9,188451
17790,F-7/F-9,188453
17791,F-7/F-9,188455
17792,F-7/F-9,188456
17793,F-7/F-9,188460
17794,F-7/F-9,188463
17795,F-7/F-9,188464
17796,F-7/F-9,188465
17797,F-7/F-9,188468
17798,F-7/F-9,188469
17799,F-7/F-9,188470
17800,F-7/F-9,188474
17801,F-7/F-9,188482
17802,F-7/F-9,188483
17803,F-7/F-9,188484
17804,F-7/F-9,188491
17805,F-7/F-9,188492
17806,F-7/F-9,188495
17807,F-7/F-9,188496
17808,F-7/F-9,188498
17809,F-7/F-9,188500
17810,F-7/F-9,188501
17811,F-7/F-9,188503
17812,F-7/F-9,188515
17813,F-7/F-9,188518
17814,F-7/F-9,188519
17815,F-7/F-9,188522
17816,F-7/F-9,188528
17817,F-7/F-9,188529
17818,F-7/F-9,188530
17819,F-7/F-9,188531
17820,F-7/F-9,188534
17821,F-7/F-9,188535
17822,F-7/F-9,188536
17823,F-7/F-9,188538
17824,F-7/F-9,188539
17825,F-7/F-9,188541
17826,F-7/F-9,188542
17827,F-7/F-9,188543
17828,F-7/F-9,188544
17829,F-7/F-9,188548
17830,F-7/F-9,188551
17831,F-7/F-9,188552
17832,F-7/F-9,188554
17833,F-7/F-9,188557
17834,F-7/F-9,188558
17835,F-7/F-9,188559
17836,F-7/F-9,188561
17837,F-7/F-9,188562
17838,F-7/F-9,188563
17839,F-7/F-9,188567
17840,F-7/F-9,188568
17841,F-7/F-9,188569
17842,F-7/F-9,188573
17843,F-7/F-9,188575
17844,F-7/F-9,188577
17845,F-7/F-9,188578
17846,F-7/F-9,188579
17847,F-7/F-9,188581
17848,F-7/F-9,188584
17849,F-7/F-9,188586
17850,F-7/F-9,188594
17851,F-7/F-9,188595
17852,F-7/F-9,188597
17853,F-7/F-9,188599
17854,F-7/F-9,188603
17855,F-7/F-9,188604
17856,F-7/F-9,188605
17857,F-7/F-9,188608
17858,F-7/F-9,188609
17859,F-7/F-9,188613
17860,F-7/F-9,188614
17861,F-7/F-9,188617
17862,F-7/F-9,188620
17863,F-7/F-9,188621
17864,F-7/F-9,188623
17865,F-7/F-9,188624
17866,F-7/F-9,188626
17867,F-7/F-9,188627
17868,F-7/F-9,188630
17869,F-7/F-9,188631
17870,F-7/F-9,188634
17871,F-7/F-9,188636
17872,F-7/F-9,188637
17873,F-7/F-9,188639
17874,F-7/F-9,188641
17875,F-7/F-9,188642
17876,F-7/F-9,188644
17877,F-7/F-9,188645
17878,F-7/F-9,188646
17879,F-7/F-9,188647
17880,F-7/F-9,188648
17881,F-7/F-9,188649
17882,F-7/F-9,188650
17883,F-7/F-9,188651
17884,F-7/F-9,188652
17885,F-7/F-9,188655
17886,F-7/F-9,188656
17887,F-7/F-9,188660
17888,F-7/F-9,188661
17889,F-7/F-9,188662
17890,F-7/F-9,188668
17891,F-7/F-9,188669
17892,F-7/F-9,188670
17893,F-7/F-9,188672
17894,F-7/F-9,188674
17895,F-7/F-9,188675
17896,F-7/F-9,188682
17897,F-7/F-9,188683
17898,F-7/F-9,188686
17899,F-7/F-9,188695
17900,F-7/F-9,188697
17901,F-7/F-9,188700
17902,F-7/F-9,188703
17903,F-7/F-9,188704
17904,F-7/F-9,188706
17905,F-7/F-9,188708
17906,F-7/F-9,188712
17907,F-7/F-9,188713
17908,F-7/F-9,188717
17909,F-7/F-9,188720
17910,F-7/F-9,188721
17911,F-7/F-9,188724
17912,F-7/F-9,188725
17913,F-7/F-9,188726
17914,F-7/F-9,188727
17915,F-7/F-9,188731
17916,F-7/F-9,188732
17917,F-7/F-9,188735
17918,F-7/F-9,188737
17919,F-7/F-9,188738
17920,F-7/F-9,188739
17921,F-7/F-9,188740
17922,F-7/F-9,188742
17923,F-7/F-9,188746
17924,F-7/F-9,188747
17925,F-7/F-9,188748
17926,F-7/F-9,188750
17927,F-7/F-9,188752
17928,F-7/F-9,188755
17929,F-7/F-9,188766
17930,F-7/F-9,188769
17931,F-7/F-9,188772
17932,F-7/F-9,188774
17933,F-7/F-9,188775
17934,F-7/F-9,188776
17935,F-7/F-9,188779
17936,F-7/F-9,188780
17937,F-7/F-9,188782
17938,F-7/F-9,188786
17939,F-7/F-9,188787
17940,F-7/F-9,188788
17941,F-7/F-9,188790
17942,F-7/F-9,188795
17943,F-7/F-9,188796
17944,F-7/F-9,188797
17945,F-7/F-9,188798
17946,F-7/F-9,188799
17947,F-7/F-9,188800
17948,F-7/F-9,188803
17949,F-7/F-9,188808
17950,F-7/F-9,188809
17951,F-7/F-9,188810
17952,F-7/F-9,188811
17953,F-7/F-9,188812
17954,F-7/F-9,188813
17955,F-7/F-9,188814
17956,F-7/F-9,188815
17957,F-7/F-9,188817
17958,F-7/F-9,188819
17959,F-7/F-9,188821
17960,F-7/F-9,188824
17961,F-7/F-9,188828
17962,F-7/F-9,188829
17963,F-7/F-9,188831
17964,F-7/F-9,188833
17965,F-7/F-9,188834
17966,F-7/F-9,188835
17967,F-7/F-9,188837
17968,F-7/F-9,188841
17969,F-7/F-9,188842
17970,F-7/F-9,188843
17971,F-7/F-9,188850
17972,F-7/F-9,188851
17973,F-7/F-9,188856
17974,F-7/F-9,188857
17975,F-7/F-9,188861
17976,F-7/F-9,188863
17977,F-7/F-9,188864
17978,F-7/F-9,188865
17979,F-7/F-9,188870
17980,F-7/F-9,188872
17981,F-7/F-9,188873
17982,F-7/F-9,188874
17983,F-7/F-9,188879
17984,F-7/F-9,188880
17985,F-7/F-9,188882
17986,F-7/F-9,188888
17987,F-7/F-9,188889
17988,F-7/F-9,188892
17989,F-7/F-9,188897
17990,F-7/F-9,188898
17991,F-7/F-9,188899
17992,F-7/F-9,188901
17993,F-7/F-9,188903
17994,F-7/F-9,188904
17995,F-7/F-9,188905
17996,F-7/F-9,188906
17997,F-7/F-9,188907
17998,F-7/F-9,188909
17999,F-7/F-9,188914
18000,F-7/F-9,188915
18001,F-7/F-9,188916
18002,F-7/F-9,188918
18003,F-7/F-9,188921
18004,F-7/F-9,188924
18005,F-7/F-9,188925
18006,F-7/F-9,188926
18007,F-7/F-9,188927
18008,F-7/F-9,188929
18009,F-7/F-9,188930
18010,F-7/F-9,188933
18011,F-7/F-9,188935
18012,F-7/F-9,188936
18013,F-7/F-9,188939
18014,F-7/F-9,188941
18015,F-7/F-9,188942
18016,F-7/F-9,188944
18017,F-7/F-9,188945
18018,F-7/F-9,188946
18019,F-7/F-9,188947
18020,F-7/F-9,188950
18021,F-7/F-9,188953
18022,F-7/F-9,188954
18023,F-7/F-9,188962
18024,F-7/F-9,188975
18025,F-7/F-9,188979
18026,F-7/F-9,188980
18027,F-7/F-9,188982
18028,F-7/F-9,188983
18029,F-7/F-9,188985
18030,F-7/F-9,188989
18031,F-7/F-9,188990
18032,F-7/F-9,188992
18033,F-7/F-9,188993
18034,F-7/F-9,188996
18035,F-7/F-9,188997
18036,F-7/F-9,189001
18037,F-7/F-9,189015
18038,F-7/F-9,189017
18039,F-7/F-9,189018
18040,F-7/F-9,189019
18041,F-7/F-9,189020
18042,F-7/F-9,189026
18043,F-7/F-9,189034
18044,F-7/F-9,189037
18045,F-7/F-9,189038
18046,F-7/F-9,189040
18047,F-7/F-9,189041
18048,F-7/F-9,189042
18049,F-7/F-9,189043
18050,F-7/F-9,189044
18051,F-7/F-9,189049
18052,F-7/F-9,189053
18053,F-7/F-9,189055
18054,F-7/F-9,189056
18055,F-7/F-9,189062
18056,F-7/F-9,189064
18057,F-7/F-9,189065
18058,F-7/F-9,189067
18059,F-7/F-9,189068
18060,F-7/F-9,189069
18061,F-7/F-9,189070
18062,F-7/F-9,189071
18063,F-7/F-9,189072
18064,F-7/F-9,189075
18065,F-7/F-9,189079
18066,F-7/F-9,189081
18067,F-7/F-9,189090
18068,F-7/F-9,189094
18069,F-7/F-9,189096
18070,F-7/F-9,189097
18071,F-7/F-9,189098
18072,F-7/F-9,189099
18073,F-7/F-9,189101
18074,F-7/F-9,189103
18075,F-7/F-9,189108
18076,F-7/F-9,189109
18077,F-7/F-9,189110
18078,F-7/F-9,189111
18079,F-7/F-9,189112
18080,F-7/F-9,189114
18081,F-7/F-9,189115
18082,F-7/F-9,189118
18083,F-7/F-9,189119
18084,F-7/F-9,189120
18085,F-7/F-9,189123
18086,F-7/F-9,189125
18087,F-7/F-9,189126
18088,F-7/F-9,189132
18089,F-7/F-9,189133
18090,F-7/F-9,189136
18091,F-7/F-9,189137
18092,F-7/F-9,189138
18093,F-7/F-9,189140
18094,F-7/F-9,189142
18095,F-7/F-9,189143
18096,F-7/F-9,189150
18097,F-7/F-9,189152
18098,F-7/F-9,189153
18099,F-7/F-9,189154
18100,F-7/F-9,189157
18101,F-7/F-9,189158
18102,F-7/F-9,189159
18103,F-7/F-9,189162
18104,F-7/F-9,189163
18105,F-7/F-9,189166
18106,F-7/F-9,189168
18107,F-7/F-9,189169
18108,F-7/F-9,189174
18109,F-7/F-9,189175
18110,F-7/F-9,189176
18111,F-7/F-9,189179
18112,F-7/F-9,189183
18113,F-7/F-9,189185
18114,F-7/F-9,189186
18115,F-7/F-9,189187
18116,F-7/F-9,189188
18117,F-7/F-9,189189
18118,F-7/F-9,189190
18119,F-7/F-9,189194
18120,F-7/F-9,189196
18121,F-7/F-9,189198
18122,F-7/F-9,189200
18123,F-7/F-9,189205
18124,F-7/F-9,189206
18125,F-7/F-9,189207
18126,F-7/F-9,189208
18127,F-7/F-9,189210
18128,F-7/F-9,189212
18129,F-7/F-9,189213
18130,F-7/F-9,189218
18131,F-7/F-9,189219
18132,F-7/F-9,189221
18133,F-7/F-9,189226
18134,F-7/F-9,189227
18135,F-7/F-9,189228
18136,F-7/F-9,189229
18137,F-7/F-9,189232
18138,F-7/F-9,189236
18139,F-7/F-9,189239
18140,F-7/F-9,189240
18141,F-7/F-9,189241
18142,F-7/F-9,189243
18143,F-7/F-9,189244
18144,F-7/F-9,189248
18145,F-7/F-9,189249
18146,F-7/F-9,189252
18147,F-7/F-9,189253
18148,F-7/F-9,189255
18149,F-7/F-9,189257
18150,F-7/F-9,189258
18151,F-7/F-9,189260
18152,F-7/F-9,189262
18153,F-7/F-9,189263
18154,F-7/F-9,189265
18155,F-7/F-9,189266
18156,F-7/F-9,189267
18157,F-7/F-9,189269
18158,F-7/F-9,189270
18159,F-7/F-9,189272
18160,F-7/F-9,189275
18161,F-7/F-9,189276
18162,F-7/F-9,189277
18163,F-7/F-9,189278
18164,F-7/F-9,189279
18165,F-7/F-9,189280
18166,F-7/F-9,189282
18167,F-7/F-9,189287
18168,F-7/F-9,189289
18169,F-7/F-9,189291
18170,F-7/F-9,189292
18171,F-7/F-9,189293
18172,F-7/F-9,189295
18173,F-7/F-9,189300
18174,F-7/F-9,189303
18175,F-7/F-9,189305
18176,F-7/F-9,189306
18177,F-7/F-9,189307
18178,F-7/F-9,189310
18179,F-7/F-9,189311
18180,F-7/F-9,189313
18181,F-7/F-9,189314
18182,F-7/F-9,189315
18183,F-7/F-9,189316
18184,F-7/F-9,189317
18185,F-7/F-9,189319
18186,F-7/F-9,189321
18187,F-7/F-9,189326
18188,F-7/F-9,189327
18189,F-7/F-9,189331
18190,F-7/F-9,189333
18191,F-7/F-9,189334
18192,F-7/F-9,189335
18193,F-7/F-9,189337
18194,F-7/F-9,189339
18195,F-7/F-9,189340
18196,F-7/F-9,189341
18197,F-7/F-9,189343
18198,F-7/F-9,189344
18199,F-7/F-9,189346
18200,F-7/F-9,189357
18201,F-7/F-9,189361
18202,F-7/F-9,189363
18203,F-7/F-9,189364
18204,F-7/F-9,189366
18205,F-7/F-9,189367
18206,F-7/F-9,189368
18207,F-7/F-9,189371
18208,F-7/F-9,189376
18209,F-7/F-9,189377
18210,F-7/F-9,189378
18211,F-7/F-9,189379
18212,F-7/F-9,189381
18213,F-7/F-9,189383
18214,F-7/F-9,189386
18215,F-7/F-9,189388
18216,F-7/F-9,189389
18217,F-7/F-9,189391
18218,F-7/F-9,189392
18219,F-7/F-9,189395
18220,F-7/F-9,189406
18221,F-7/F-9,189410
18222,F-7/F-9,189411
18223,F-7/F-9,189415
18224,F-7/F-9,189416
18225,F-7/F-9,189419
18226,F-7/F-9,189422
18227,F-7/F-9,189424
18228,F-7/F-9,189428
18229,F-7/F-9,189430
18230,F-7/F-9,189431
18231,F-7/F-9,189433
18232,F-7/F-9,189435
18233,F-7/F-9,189436
18234,F-7/F-9,189439
18235,F-7/F-9,189442
18236,F-7/F-9,189447
18237,F-7/F-9,189451
18238,F-7/F-9,189452
18239,F-7/F-9,189453
18240,F-7/F-9,189454
18241,F-7/F-9,189457
18242,F-7/F-9,189459
18243,F-7/F-9,189461
18244,F-7/F-9,189462
18245,F-7/F-9,189463
18246,F-7/F-9,189465
18247,F-7/F-9,189466
18248,F-7/F-9,189467
18249,F-7/F-9,189468
18250,F-7/F-9,189470
18251,F-7/F-9,189472
18252,F-7/F-9,189476
18253,F-7/F-9,189484
18254,F-7/F-9,189486
18255,F-7/F-9,189488
18256,F-7/F-9,189490
18257,F-7/F-9,189492
18258,F-7/F-9,189493
18259,F-7/F-9,189495
18260,F-7/F-9,189498
18261,F-7/F-9,189501
18262,F-7/F-9,189502
18263,F-7/F-9,189507
18264,F-7/F-9,189508
18265,F-7/F-9,189511
18266,F-7/F-9,189512
18267,F-7/F-9,189513
18268,F-7/F-9,189514
18269,F-7/F-9,189517
18270,F-7/F-9,189519
18271,F-7/F-9,189523
18272,F-7/F-9,189525
18273,F-7/F-9,189528
18274,F-7/F-9,189531
18275,F-7/F-9,189532
18276,F-7/F-9,189533
18277,F-7/F-9,189534
18278,F-7/F-9,189536
18279,F-7/F-9,189539
18280,F-7/F-9,189540
18281,F-7/F-9,189542
18282,F-7/F-9,189546
18283,F-7/F-9,189547
18284,F-7/F-9,189549
18285,F-7/F-9,189553
18286,F-7/F-9,189561
18287,F-7/F-9,189563
18288,F-7/F-9,189564
18289,F-7/F-9,189567
18290,F-7/F-9,189569
18291,F-7/F-9,189570
18292,F-7/F-9,189571
18293,F-7/F-9,189575
18294,F-7/F-9,189582
18295,F-7/F-9,189583
18296,F-7/F-9,189586
18297,F-7/F-9,189587
18298,F-7/F-9,189589
18299,F-7/F-9,189590
18300,F-7/F-9,189591
18301,F-7/F-9,189593
18302,F-7/F-9,189595
18303,F-7/F-9,189597
18304,F-7/F-9,189599
18305,F-7/F-9,189605
18306,F-7/F-9,189606
18307,F-7/F-9,189607
18308,F-7/F-9,189608
18309,F-7/F-9,189613
18310,F-7/F-9,189615
18311,F-7/F-9,189617
18312,F-7/F-9,189618
18313,F-7/F-9,189620
18314,F-7/F-9,189622
18315,F-7/F-9,189626
18316,F-7/F-9,189627
18317,F-7/F-9,189630
18318,F-7/F-9,189632
18319,F-7/F-9,189634
18320,F-7/F-9,189637
18321,F-7/F-9,189639
18322,F-7/F-9,189642
18323,F-7/F-9,189643
18324,F-7/F-9,189644
18325,F-7/F-9,189645
18326,F-7/F-9,189649
18327,F-7/F-9,189651
18328,F-7/F-9,189653
18329,F-7/F-9,189654
18330,F-7/F-9,189656
18331,F-7/F-9,189660
18332,F-7/F-9,189661
18333,F-7/F-9,189666
18334,F-7/F-9,189667
18335,F-7/F-9,189668
18336,F-7/F-9,189669
18337,F-7/F-9,189676
18338,F-7/F-9,189681
18339,F-7/F-9,189685
18340,F-7/F-9,189687
18341,F-7/F-9,189689
18342,F-7/F-9,189690
18343,F-7/F-9,189693
18344,F-7/F-9,189695
18345,F-7/F-9,189696
18346,F-7/F-9,189698
18347,F-7/F-9,189699
18348,F-7/F-9,189701
18349,F-7/F-9,189704
18350,F-7/F-9,189705
18351,F-7/F-9,189706
18352,F-7/F-9,189707
18353,F-7/F-9,189709
18354,F-7/F-9,189711
18355,F-7/F-9,189714
18356,F-7/F-9,189717
18357,F-7/F-9,189719
18358,F-7/F-9,189720
18359,F-7/F-9,189721
18360,F-7/F-9,189722
18361,F-7/F-9,189723
18362,F-7/F-9,189725
18363,F-7/F-9,189726
18364,F-7/F-9,189727
18365,F-7/F-9,189728
18366,F-7/F-9,189729
18367,F-7/F-9,189731
18368,F-7/F-9,189734
18369,F-7/F-9,189736
18370,F-7/F-9,189739
18371,F-7/F-9,189740
18372,F-7/F-9,189742
18373,F-7/F-9,189745
18374,F-7/F-9,189746
18375,F-7/F-9,189749
18376,F-7/F-9,189750
18377,F-7/F-9,189751
18378,F-7/F-9,189753
18379,F-7/F-9,189756
18380,F-7/F-9,189757
18381,F-7/F-9,189758
18382,F-7/F-9,189760
18383,F-7/F-9,189761
18384,F-7/F-9,189763
18385,F-7/F-9,189764
18386,F-7/F-9,189765
18387,F-7/F-9,189767
18388,F-7/F-9,189770
18389,F-7/F-9,189773
18390,F-7/F-9,189774
18391,F-7/F-9,189775
18392,F-7/F-9,189776
18393,F-7/F-9,189779
18394,F-7/F-9,189781
18395,F-7/F-9,189782
18396,F-7/F-9,189783
18397,F-7/F-9,189786
18398,F-7/F-9,189791
18399,F-7/F-9,189792
18400,F-7/F-9,189793
18401,F-7/F-9,189794
18402,F-7/F-9,189795
18403,F-7/F-9,189797
18404,F-7/F-9,189802
18405,F-7/F-9,189803
18406,F-7/F-9,189804
18407,F-7/F-9,189805
18408,F-7/F-9,189807
18409,F-7/F-9,189810
18410,F-7/F-9,189811
18411,F-7/F-9,189813
18412,F-7/F-9,189816
18413,F-7/F-9,189818
18414,F-7/F-9,189820
18415,F-7/F-9,189821
18416,F-7/F-9,189822
18417,F-7/F-9,189823
18418,F-7/F-9,189827
18419,F-7/F-9,189828
18420,F-7/F-9,189831
18421,F-7/F-9,189832
18422,F-7/F-9,189833
18423,F-7/F-9,189834
18424,F-7/F-9,189835
18425,F-7/F-9,189836
18426,F-7/F-9,189842
18427,F-7/F-9,189844
18428,F-7/F-9,189846
18429,F-7/F-9,189847
18430,F-7/F-9,189849
18431,F-7/F-9,189850
18432,F-7/F-9,189851
18433,F-7/F-9,189858
18434,F-7/F-9,189861
18435,F-7/F-9,189862
18436,F-7/F-9,189866
18437,F-7/F-9,189867
18438,F-7/F-9,189873
18439,F-7/F-9,189875
18440,F-7/F-9,189876
18441,F-7/F-9,189879
18442,F-7/F-9,189885
18443,F-7/F-9,189888
18444,F-7/F-9,189889
18445,F-7/F-9,189891
18446,F-7/F-9,189892
18447,F-7/F-9,189895
18448,F-7/F-9,189899
18449,F-7/F-9,189900
18450,F-7/F-9,189901
18451,F-7/F-9,189902
18452,F-7/F-9,189903
18453,F-7/F-9,189906
18454,F-7/F-9,189907
18455,F-7/F-9,189911
18456,F-7/F-9,189913
18457,F-7/F-9,189914
18458,F-7/F-9,189916
18459,F-7/F-9,189920
18460,F-7/F-9,189921
18461,F-7/F-9,189923
18462,F-7/F-9,189924
18463,F-7/F-9,189926
18464,F-7/F-9,189927
18465,F-7/F-9,189928
18466,F-7/F-9,189930
18467,F-7/F-9,189931
18468,F-7/F-9,189934
18469,F-7/F-9,189937
18470,F-7/F-9,189939
18471,F-7/F-9,189940
18472,F-7/F-9,189942
18473,F-7/F-9,189944
18474,F-7/F-9,189948
18475,F-7/F-9,189949
18476,F-7/F-9,189951
18477,F-7/F-9,189953
18478,F-7/F-9,189954
18479,F-7/F-9,189956
18480,F-7/F-9,189958
18481,F-7/F-9,189959
18482,F-7/F-9,189961
18483,F-7/F-9,189965
18484,F-7/F-9,189966
18485,F-7/F-9,189967
18486,F-7/F-9,189968
18487,F-7/F-9,189969
18488,F-7/F-9,189971
18489,F-7/F-9,189972
18490,F-7/F-9,189974
18491,F-7/F-9,189975
18492,F-7/F-9,189976
18493,F-7/F-9,189980
18494,F-7/F-9,189987
18495,F-7/F-9,189989
18496,F-7/F-9,189991
18497,F-7/F-9,189992
18498,F-7/F-9,189993
18499,F-7/F-9,189996
18500,F-7/F-9,189998
18501,F-7/F-9,189999
18502,F-7/F-9,190000
18503,F-7/F-9,190003
18504,F-7/F-9,190007
18505,F-7/F-9,190008
18506,F-7/F-9,190010
18507,F-7/F-9,190012
18508,F-7/F-9,190015
18509,F-7/F-9,190017
18510,F-7/F-9,190018
18511,F-7/F-9,190030
18512,F-7/F-9,190031
18513,F-7/F-9,190036
18514,F-7/F-9,190037
18515,F-7/F-9,190038
18516,F-7/F-9,190040
18517,F-7/F-9,190041
18518,F-7/F-9,190042
18519,F-7/F-9,190044
18520,F-7/F-9,190045
18521,F-7/F-9,190046
18522,F-7/F-9,190047
18523,F-7/F-9,190054
18524,F-7/F-9,190056
18525,F-7/F-9,190059
18526,F-7/F-9,190062
18527,F-7/F-9,190063
18528,F-7/F-9,190064
18529,F-7/F-9,190065
18530,F-7/F-9,190067
18531,F-7/F-9,190069
18532,F-7/F-9,190070
18533,F-7/F-9,190071
18534,F-7/F-9,190073
18535,F-7/F-9,190074
18536,F-7/F-9,190075
18537,F-7/F-9,190076
18538,F-7/F-9,190077
18539,F-7/F-9,190079
18540,F-7/F-9,190085
18541,F-7/F-9,190087
18542,F-7/F-9,190089
18543,F-7/F-9,190091
18544,F-7/F-9,190092
18545,F-7/F-9,190094
18546,F-7/F-9,190098
18547,F-7/F-9,190100
18548,F-7/F-9,190101
18549,F-7/F-9,190103
18550,F-7/F-9,190106
18551,F-7/F-9,190108
18552,F-7/F-9,190109
18553,F-7/F-9,190114
18554,F-7/F-9,190115
18555,F-7/F-9,190116
18556,F-7/F-9,190118
18557,F-7/F-9,190121
18558,F-7/F-9,190122
18559,F-7/F-9,190123
18560,F-7/F-9,190128
18561,F-7/F-9,190131
18562,F-7/F-9,190132
18563,F-7/F-9,190134
18564,F-7/F-9,190136
18565,F-7/F-9,190140
18566,F-7/F-9,190142
18567,F-7/F-9,190143
18568,F-7/F-9,190146
18569,F-7/F-9,190147
18570,F-7/F-9,190148
18571,F-7/F-9,190149
18572,F-7/F-9,190150
18573,F-7/F-9,190151
18574,F-7/F-9,190152
18575,F-7/F-9,190155
18576,F-7/F-9,190156
18577,F-7/F-9,190161
18578,F-7/F-9,190163
18579,F-7/F-9,190164
18580,F-7/F-9,190165
18581,F-7/F-9,190167
18582,F-7/F-9,190170
18583,F-7/F-9,190171
18584,F-7/F-9,190172
18585,F-7/F-9,190174
18586,F-7/F-9,190175
18587,F-7/F-9,190176
18588,F-7/F-9,190177
18589,F-7/F-9,190182
18590,F-7/F-9,190183
18591,F-7/F-9,190185
18592,F-7/F-9,190186
18593,F-7/F-9,190188
18594,F-7/F-9,190191
18595,F-7/F-9,190193
18596,F-7/F-9,190196
18597,F-7/F-9,190198
18598,F-7/F-9,190200
18599,F-7/F-9,190201
18600,F-7/F-9,190202
18601,F-7/F-9,190203
18602,F-7/F-9,190205
18603,F-7/F-9,190206
18604,F-7/F-9,190208
18605,F-7/F-9,190211
18606,F-7/F-9,190212
18607,F-7/F-9,190215
18608,F-7/F-9,190216
18609,F-7/F-9,190217
18610,F-7/F-9,190218
18611,F-7/F-9,190221
18612,F-7/F-9,190232
18613,F-7/F-9,190233
18614,F-7/F-9,190234
18615,F-7/F-9,190236
18616,F-7/F-9,190237
18617,F-7/F-9,190239
18618,F-7/F-9,190240
18619,F-7/F-9,190241
18620,F-7/F-9,190243
18621,F-7/F-9,190249
18622,F-7/F-9,190251
18623,F-7/F-9,190253
18624,F-7/F-9,190254
18625,F-7/F-9,190256
18626,F-7/F-9,190257
18627,F-7/F-9,190259
18628,F-7/F-9,190260
18629,F-7/F-9,190261
18630,F-7/F-9,190263
18631,F-7/F-9,190265
18632,F-7/F-9,190269
18633,F-7/F-9,190270
18634,F-7/F-9,190273
18635,F-7/F-9,190277
18636,F-7/F-9,190278
18637,F-7/F-9,190282
18638,F-7/F-9,190283
18639,F-7/F-9,190285
18640,F-7/F-9,190286
18641,F-7/F-9,190289
18642,F-7/F-9,190290
18643,F-7/F-9,190294
18644,F-7/F-9,190296
18645,F-7/F-9,190297
18646,F-7/F-9,190300
18647,F-7/F-9,190304
18648,F-7/F-9,190305
18649,F-7/F-9,190307
18650,F-7/F-9,190308
18651,F-7/F-9,190309
18652,F-7/F-9,190310
18653,F-7/F-9,190311
18654,F-7/F-9,190315
18655,F-7/F-9,190317
18656,F-7/F-9,190320
18657,F-7/F-9,190321
18658,F-7/F-9,190323
18659,F-7/F-9,190325
18660,F-7/F-9,190327
18661,F-7/F-9,190328
18662,F-7/F-9,190333
18663,F-7/F-9,190334
18664,F-7/F-9,190335
18665,F-7/F-9,190336
18666,F-7/F-9,190339
18667,F-7/F-9,190340
18668,F-7/F-9,190342
18669,F-7/F-9,190346
18670,F-7/F-9,190347
18671,F-7/F-9,190351
18672,F-7/F-9,190352
18673,F-7/F-9,190353
18674,F-7/F-9,190355
18675,F-7/F-9,190357
18676,F-7/F-9,190358
18677,F-7/F-9,190361
18678,F-7/F-9,190367
18679,F-7/F-9,190370
18680,F-7/F-9,190371
18681,F-7/F-9,190373
18682,F-7/F-9,190375
18683,F-7/F-9,190376
18684,F-7/F-9,190377
18685,F-7/F-9,190379
18686,F-7/F-9,190380
18687,F-7/F-9,190382
18688,F-7/F-9,190384
18689,F-7/F-9,190385
18690,F-7/F-9,190386
18691,F-7/F-9,190387
18692,F-7/F-9,190388
18693,F-7/F-9,190389
18694,F-7/F-9,190390
18695,F-7/F-9,190392
18696,F-7/F-9,190393
18697,F-7/F-9,190396
18698,F-7/F-9,190397
18699,F-7/F-9,190398
18700,F-7/F-9,190401
18701,F-7/F-9,190403
18702,F-7/F-9,190406
18703,F-7/F-9,190409
18704,F-7/F-9,190411
18705,F-7/F-9,190413
18706,F-7/F-9,190418
18707,F-7/F-9,190419
18708,F-7/F-9,190420
18709,F-7/F-9,190424
18710,F-7/F-9,190428
18711,F-7/F-9,190431
18712,F-7/F-9,190434
18713,F-7/F-9,190435
18714,F-7/F-9,190437
18715,F-7/F-9,190438
18716,F-7/F-9,190442
18717,F-7/F-9,190443
18718,F-7/F-9,190444
18719,F-7/F-9,190448
18720,F-7/F-9,190449
18721,F-7/F-9,190450
18722,F-7/F-9,190451
18723,F-7/F-9,190452
18724,F-7/F-9,190455
18725,F-7/F-9,190460
18726,F-7/F-9,190463
18727,F-7/F-9,190471
18728,F-7/F-9,190473
18729,F-7/F-9,190474
18730,F-7/F-9,190476
18731,F-7/F-9,190477
18732,F-7/F-9,190478
18733,F-7/F-9,190479
18734,F-7/F-9,190481
18735,F-7/F-9,190483
18736,F-7/F-9,190484
18737,F-7/F-9,190488
18738,F-7/F-9,190489
18739,F-7/F-9,190503
18740,F-7/F-9,190507
18741,F-7/F-9,190508
18742,F-7/F-9,190509
18743,F-7/F-9,190512
18744,F-7/F-9,190514
18745,F-7/F-9,190516
18746,F-7/F-9,190520
18747,F-7/F-9,190522
18748,F-7/F-9,190523
18749,F-7/F-9,190529
18750,F-7/F-9,190530
18751,F-7/F-9,190531
18752,F-7/F-9,190532
18753,F-7/F-9,190533
18754,F-7/F-9,190534
18755,F-7/F-9,190539
18756,F-7/F-9,190541
18757,F-7/F-9,190542
18758,F-7/F-9,190543
18759,F-7/F-9,190545
18760,F-7/F-9,190546
18761,F-7/F-9,190548
18762,F-7/F-9,190549
18763,F-7/F-9,190551
18764,F-7/F-9,190553
18765,F-7/F-9,190558
18766,F-7/F-9,190559
18767,F-7/F-9,190560
18768,F-7/F-9,190561
18769,F-7/F-9,190562
18770,F-7/F-9,190563
18771,F-7/F-9,190564
18772,F-7/F-9,190565
18773,F-7/F-9,190567
18774,F-7/F-9,190570
18775,F-7/F-9,190571
18776,F-7/F-9,190572
18777,F-7/F-9,190573
18778,F-7/F-9,190576
18779,F-7/F-9,190577
18780,F-7/F-9,190578
18781,F-7/F-9,190579
18782,F-7/F-9,190580
18783,F-7/F-9,190581
18784,F-7/F-9,190583
18785,F-7/F-9,190584
18786,F-7/F-9,190586
18787,F-7/F-9,190587
18788,F-7/F-9,190588
18789,F-7/F-9,190589
18790,F-7/F-9,190594
18791,F-7/F-9,190595
18792,F-7/F-9,190597
18793,F-7/F-9,190598
18794,F-7/F-9,190599
18795,F-7/F-9,190601
18796,F-7/F-9,190602
18797,F-7/F-9,190606
18798,F-7/F-9,190607
18799,F-7/F-9,190608
18800,F-7/F-9,190609
18801,F-7/F-9,190610
18802,F-7/F-9,190615
18803,F-7/F-9,190617
18804,F-7/F-9,190619
18805,F-7/F-9,190621
18806,F-7/F-9,190624
18807,F-7/F-9,190627
18808,F-7/F-9,190628
18809,F-7/F-9,190632
18810,F-7/F-9,190634
18811,F-7/F-9,190635
18812,F-7/F-9,190636
18813,F-7/F-9,190637
18814,F-7/F-9,190638
18815,F-7/F-9,190639
18816,F-7/F-9,190641
18817,F-7/F-9,190643
18818,F-7/F-9,190645
18819,F-7/F-9,190647
18820,F-7/F-9,190648
18821,F-7/F-9,190655
18822,F-7/F-9,190658
18823,F-7/F-9,190659
18824,F-7/F-9,190660
18825,F-7/F-9,190661
18826,F-7/F-9,190662
18827,F-7/F-9,190665
18828,F-7/F-9,190666
18829,F-7/F-9,190671
18830,F-7/F-9,190676
18831,F-7/F-9,190677
18832,F-7/F-9,190678
18833,F-7/F-9,190680
18834,F-7/F-9,190681
18835,F-7/F-9,190685
18836,F-7/F-9,190686
18837,F-7/F-9,190691
18838,F-7/F-9,190692
18839,F-7/F-9,190694
18840,F-7/F-9,190695
18841,F-7/F-9,190696
18842,F-7/F-9,190697
18843,F-7/F-9,190698
18844,F-7/F-9,190700
18845,F-7/F-9,190705
18846,F-7/F-9,190707
18847,F-7/F-9,190709
18848,F-7/F-9,190713
18849,F-7/F-9,190715
18850,F-7/F-9,190716
18851,F-7/F-9,190717
18852,F-7/F-9,190718
18853,F-7/F-9,190722
18854,F-7/F-9,190724
18855,F-7/F-9,190727
18856,F-7/F-9,190733
18857,F-7/F-9,190736
18858,F-7/F-9,190742
18859,F-7/F-9,190743
18860,F-7/F-9,190747
18861,F-7/F-9,190748
18862,F-7/F-9,190750
18863,F-7/F-9,190751
18864,F-7/F-9,190765
18865,F-7/F-9,190767
18866,F-7/F-9,190768
18867,F-7/F-9,190771
18868,F-7/F-9,190774
18869,F-7/F-9,190775
18870,F-7/F-9,190776
18871,F-7/F-9,190777
18872,F-7/F-9,190779
18873,F-7/F-9,190781
18874,F-7/F-9,190782
18875,F-7/F-9,190785
18876,F-7/F-9,190787
18877,F-7/F-9,190789
18878,F-7/F-9,190791
18879,F-7/F-9,190794
18880,F-7/F-9,190795
18881,F-7/F-9,190796
18882,F-7/F-9,190798
18883,F-7/F-9,190799
18884,F-7/F-9,190800
18885,F-7/F-9,190803
18886,F-7/F-9,190804
18887,F-7/F-9,190807
18888,F-7/F-9,190812
18889,F-7/F-9,190816
18890,F-7/F-9,190818
18891,F-7/F-9,190820
18892,F-7/F-9,190821
18893,F-7/F-9,190822
18894,F-7/F-9,190823
18895,F-7/F-9,190825
18896,F-7/F-9,190828
18897,F-7/F-9,190832
18898,F-7/F-9,190834
18899,F-7/F-9,190835
18900,F-7/F-9,190840
18901,F-7/F-9,190842
18902,F-7/F-9,190843
18903,F-7/F-9,190844
18904,F-7/F-9,190845
18905,F-7/F-9,190846
18906,F-7/F-9,190848
18907,F-7/F-9,190849
18908,F-7/F-9,190852
18909,F-7/F-9,190854
18910,F-7/F-9,190856
18911,F-7/F-9,190859
18912,F-7/F-9,190861
18913,F-7/F-9,190864
18914,F-7/F-9,190869
18915,F-7/F-9,190871
18916,F-7/F-9,190872
18917,F-7/F-9,190873
18918,F-7/F-9,190876
18919,F-7/F-9,190877
18920,F-7/F-9,190881
18921,F-7/F-9,190882
18922,F-7/F-9,190886
18923,F-7/F-9,190888
18924,F-7/F-9,190891
18925,F-7/F-9,190893
18926,F-7/F-9,190896
18927,F-7/F-9,190897
18928,F-7/F-9,190898
18929,F-7/F-9,190900
18930,F-7/F-9,190901
18931,F-7/F-9,190902
18932,F-7/F-9,190903
18933,F-7/F-9,190904
18934,F-7/F-9,190908
18935,F-7/F-9,190910
18936,F-7/F-9,190912
18937,F-7/F-9,190916
18938,F-7/F-9,190918
18939,F-7/F-9,190922
18940,F-7/F-9,190924
18941,F-7/F-9,190927
18942,F-7/F-9,190932
18943,F-7/F-9,190933
18944,F-7/F-9,190935
18945,F-7/F-9,190937
18946,F-7/F-9,190938
18947,F-7/F-9,190939
18948,F-7/F-9,190940
18949,F-7/F-9,190941
18950,F-7/F-9,190946
18951,F-7/F-9,190952
18952,F-7/F-9,190954
18953,F-7/F-9,190955
18954,F-7/F-9,190957
18955,F-7/F-9,190958
18956,F-7/F-9,190959
18957,F-7/F-9,190961
18958,F-7/F-9,190965
18959,F-7/F-9,190966
18960,F-7/F-9,190969
18961,F-7/F-9,190970
18962,F-7/F-9,190972
18963,F-7/F-9,190973
18964,F-7/F-9,190977
18965,F-7/F-9,190981
18966,F-7/F-9,190982
18967,F-7/F-9,190984
18968,F-7/F-9,190986
18969,F-7/F-9,190993
18970,F-7/F-9,190994
18971,F-7/F-9,190995
18972,F-7/F-9,191000
18973,F-7/F-9,191001
18974,F-7/F-9,191002
18975,F-7/F-9,191003
18976,F-7/F-9,191005
18977,F-7/F-9,191007
18978,F-7/F-9,191010
18979,F-7/F-9,191011
18980,F-7/F-9,191012
18981,F-7/F-9,191013
18982,F-7/F-9,191015
18983,F-7/F-9,191016
18984,F-7/F-9,191017
18985,F-7/F-9,191020
18986,F-7/F-9,191022
18987,F-7/F-9,191025
18988,F-7/F-9,191027
18989,F-7/F-9,191033
18990,F-7/F-9,191036
18991,F-7/F-9,191037
18992,F-7/F-9,191038
18993,F-7/F-9,191041
18994,F-7/F-9,191043
18995,F-7/F-9,191044
18996,F-7/F-9,191047
18997,F-7/F-9,191048
18998,F-7/F-9,191049
18999,F-7/F-9,191051
19000,F-7/F-9,191052
19001,F-7/F-9,191054
19002,F-7/F-9,191055
19003,F-7/F-9,191060
19004,F-7/F-9,191062
19005,F-7/F-9,191064
19006,F-7/F-9,191065
19007,F-7/F-9,191067
19008,F-7/F-9,191068
19009,F-7/F-9,191070
19010,F-7/F-9,191071
19011,F-7/F-9,191073
19012,F-7/F-9,191074
19013,F-7/F-9,191075
19014,F-7/F-9,191077
19015,F-7/F-9,191083
19016,F-7/F-9,191084
19017,F-7/F-9,191093
19018,F-7/F-9,191096
19019,F-7/F-9,191097
19020,F-7/F-9,191099
19021,F-7/F-9,191100
19022,F-7/F-9,191101
19023,F-7/F-9,191103
19024,F-7/F-9,191104
19025,F-7/F-9,191109
19026,F-7/F-9,191111
19027,F-7/F-9,191112
19028,F-7/F-9,191113
19029,F-7/F-9,191114
19030,F-7/F-9,191115
19031,F-7/F-9,191117
19032,F-7/F-9,191118
19033,F-7/F-9,191120
19034,F-7/F-9,191121
19035,F-7/F-9,191122
19036,F-7/F-9,191127
19037,F-7/F-9,191134
19038,F-7/F-9,191135
19039,F-7/F-9,191137
19040,F-7/F-9,191140
19041,F-7/F-9,191141
19042,F-7/F-9,191143
19043,F-7/F-9,191145
19044,F-7/F-9,191146
19045,F-7/F-9,191149
19046,F-7/F-9,191151
19047,F-7/F-9,191153
19048,F-7/F-9,191154
19049,F-7/F-9,191157
19050,F-7/F-9,191158
19051,F-7/F-9,191161
19052,F-7/F-9,191162
19053,F-7/F-9,191163
19054,F-7/F-9,191164
19055,F-7/F-9,191165
19056,F-7/F-9,191170
19057,F-7/F-9,191171
19058,F-7/F-9,191173
19059,F-7/F-9,191174
19060,F-7/F-9,191180
19061,F-7/F-9,191183
19062,F-7/F-9,191184
19063,F-7/F-9,191191
19064,F-7/F-9,191192
19065,F-7/F-9,191193
19066,F-7/F-9,191195
19067,F-7/F-9,191196
19068,F-7/F-9,191197
19069,F-7/F-9,191200
19070,F-7/F-9,191201
19071,F-7/F-9,191204
19072,F-7/F-9,191206
19073,F-7/F-9,191208
19074,F-7/F-9,191210
19075,F-7/F-9,191213
19076,F-7/F-9,191214
19077,F-7/F-9,191217
19078,F-7/F-9,191218
19079,F-7/F-9,191221
19080,F-7/F-9,191223
19081,F-7/F-9,191226
19082,F-7/F-9,191227
19083,F-7/F-9,191236
19084,F-7/F-9,191239
19085,F-7/F-9,191240
19086,F-7/F-9,191242
19087,F-7/F-9,191243
19088,F-7/F-9,191244
19089,F-7/F-9,191246
19090,F-7/F-9,191250
19091,F-7/F-9,191251
19092,F-7/F-9,191253
19093,F-7/F-9,191257
19094,F-7/F-9,191259
19095,F-7/F-9,191261
19096,F-7/F-9,191265
19097,F-7/F-9,191269
19098,F-7/F-9,191274
19099,F-7/F-9,191275
19100,F-7/F-9,191277
19101,F-7/F-9,191278
19102,F-7/F-9,191280
19103,F-7/F-9,191281
19104,F-7/F-9,191282
19105,F-7/F-9,191283
19106,F-7/F-9,191285
19107,F-7/F-9,191288
19108,F-7/F-9,191290
19109,F-7/F-9,191291
19110,F-7/F-9,191292
19111,F-7/F-9,191294
19112,F-7/F-9,191297
19113,F-7/F-9,191302
19114,F-7/F-9,191303
19115,F-7/F-9,191304
19116,F-7/F-9,191305
19117,F-7/F-9,191306
19118,F-7/F-9,191307
19119,F-7/F-9,191308
19120,F-7/F-9,191309
19121,F-7/F-9,191310
19122,F-7/F-9,191311
19123,F-7/F-9,191313
19124,F-7/F-9,191320
19125,F-7/F-9,191322
19126,F-7/F-9,191325
19127,F-7/F-9,191326
19128,F-7/F-9,191328
19129,F-7/F-9,191331
19130,F-7/F-9,191332
19131,F-7/F-9,191333
19132,F-7/F-9,191335
19133,F-7/F-9,191336
19134,F-7/F-9,191338
19135,F-7/F-9,191342
19136,F-7/F-9,191344
19137,F-7/F-9,191346
19138,F-7/F-9,191348
19139,F-7/F-9,191349
19140,F-7/F-9,191352
19141,F-7/F-9,191353
19142,F-7/F-9,191355
19143,F-7/F-9,191359
19144,F-7/F-9,191361
19145,F-7/F-9,191367
19146,F-7/F-9,191370
19147,F-7/F-9,191371
19148,F-7/F-9,191372
19149,F-7/F-9,191376
19150,F-7/F-9,191377
19151,F-7/F-9,191379
19152,F-7/F-9,191380
19153,F-7/F-9,191381
19154,F-7/F-9,191382
19155,F-7/F-9,191384
19156,F-7/F-9,191386
19157,F-7/F-9,191390
19158,F-7/F-9,191392
19159,F-7/F-9,191393
19160,F-7/F-9,191394
19161,F-7/F-9,191395
19162,F-7/F-9,191397
19163,F-7/F-9,191398
19164,F-7/F-9,191403
19165,F-7/F-9,191404
19166,F-7/F-9,191405
19167,F-7/F-9,191409
19168,F-7/F-9,191410
19169,F-7/F-9,191411
19170,F-7/F-9,191416
19171,F-7/F-9,191417
19172,F-7/F-9,191419
19173,F-7/F-9,191420
19174,F-7/F-9,191422
19175,F-7/F-9,191426
19176,F-7/F-9,191427
19177,F-7/F-9,191428
19178,F-7/F-9,191431
19179,F-7/F-9,191435
19180,F-7/F-9,191439
19181,F-7/F-9,191441
19182,F-7/F-9,191442
19183,F-7/F-9,191443
19184,F-7/F-9,191444
19185,F-7/F-9,191445
19186,F-7/F-9,191450
19187,F-7/F-9,191451
19188,F-7/F-9,191456
19189,F-7/F-9,191457
19190,F-7/F-9,191459
19191,F-7/F-9,191461
19192,F-7/F-9,191464
19193,F-7/F-9,191465
19194,F-7/F-9,191466
19195,F-7/F-9,191467
19196,F-7/F-9,191468
19197,F-7/F-9,191470
19198,F-7/F-9,191473
19199,F-7/F-9,191474
19200,F-7/F-9,191475
19201,F-7/F-9,191476
19202,F-7/F-9,191478
19203,F-7/F-9,191483
19204,F-7/F-9,191486
19205,F-7/F-9,191488
19206,F-7/F-9,191489
19207,F-7/F-9,191493
19208,F-7/F-9,191495
19209,F-7/F-9,191496
19210,F-7/F-9,191501
19211,F-7/F-9,191504
19212,F-7/F-9,191505
19213,F-7/F-9,191506
19214,F-7/F-9,191508
19215,F-7/F-9,191509
19216,F-7/F-9,191513
19217,F-7/F-9,191516
19218,F-7/F-9,191517
19219,F-7/F-9,191519
19220,F-7/F-9,191520
19221,F-7/F-9,191521
19222,F-7/F-9,191522
19223,F-7/F-9,191523
19224,F-7/F-9,191525
19225,F-7/F-9,191533
19226,F-7/F-9,191536
19227,F-7/F-9,191538
19228,F-7/F-9,191539
19229,F-7/F-9,191540
19230,F-7/F-9,191542
19231,F-7/F-9,191543
19232,F-7/F-9,191545
19233,F-7/F-9,191546
19234,F-7/F-9,191552
19235,F-7/F-9,191553
19236,F-7/F-9,191554
19237,F-7/F-9,191556
19238,F-7/F-9,191557
19239,F-7/F-9,191558
19240,F-7/F-9,191560
19241,F-7/F-9,191567
19242,F-7/F-9,191573
19243,F-7/F-9,191574
19244,F-7/F-9,191576
19245,F-7/F-9,191578
19246,F-7/F-9,191579
19247,F-7/F-9,191580
19248,F-7/F-9,191586
19249,F-7/F-9,191589
19250,F-7/F-9,191592
19251,F-7/F-9,191595
19252,F-7/F-9,191596
19253,F-7/F-9,191600
19254,F-7/F-9,191607
19255,F-7/F-9,191612
19256,F-7/F-9,191613
19257,F-7/F-9,191615
19258,F-7/F-9,191616
19259,F-7/F-9,191617
19260,F-7/F-9,191619
19261,F-7/F-9,191621
19262,F-7/F-9,191622
19263,F-7/F-9,191623
19264,F-7/F-9,191624
19265,F-7/F-9,191625
19266,F-7/F-9,191627
19267,F-7/F-9,191628
19268,F-7/F-9,191632
19269,F-7/F-9,191633
19270,F-7/F-9,191634
19271,F-7/F-9,191636
19272,F-7/F-9,191637
19273,F-7/F-9,191638
19274,F-7/F-9,191640
19275,F-7/F-9,191642
19276,F-7/F-9,191644
19277,F-7/F-9,191646
19278,F-7/F-9,191652
19279,F-7/F-9,191654
19280,F-7/F-9,191655
19281,F-7/F-9,191657
19282,F-7/F-9,191658
19283,F-7/F-9,191660
19284,F-7/F-9,191661
19285,F-7/F-9,191667
19286,F-7/F-9,191668
19287,F-7/F-9,191672
19288,F-7/F-9,191674
19289,F-7/F-9,191675
19290,F-7/F-9,191676
19291,F-7/F-9,191678
19292,F-7/F-9,191679
19293,F-7/F-9,191680
19294,F-7/F-9,191682
19295,F-7/F-9,191683
19296,F-7/F-9,191684
19297,F-7/F-9,191685
19298,F-7/F-9,191686
19299,F-7/F-9,191688
19300,F-7/F-9,191697
19301,F-7/F-9,191700
19302,F-7/F-9,191703
19303,F-7/F-9,191704
19304,F-7/F-9,191706
19305,F-7/F-9,191714
19306,F-7/F-9,191721
19307,F-7/F-9,191723
19308,F-7/F-9,191726
19309,F-7/F-9,191728
19310,F-7/F-9,191730
19311,F-7/F-9,191731
19312,F-7/F-9,191735
19313,F-7/F-9,191737
19314,F-7/F-9,191739
19315,F-7/F-9,191741
19316,F-7/F-9,191746
19317,F-7/F-9,191747
19318,F-7/F-9,191748
19319,F-7/F-9,191749
19320,F-7/F-9,191753
19321,F-7/F-9,191760
19322,F-7/F-9,191762
19323,F-7/F-9,191764
19324,F-7/F-9,191767
19325,F-7/F-9,191769
19326,F-7/F-9,191770
19327,F-7/F-9,191771
19328,F-7/F-9,191773
19329,F-7/F-9,191774
19330,F-7/F-9,191777
19331,F-7/F-9,191779
19332,F-7/F-9,191782
19333,F-7/F-9,191786
19334,F-7/F-9,191787
19335,F-7/F-9,191790
19336,F-7/F-9,191792
19337,F-7/F-9,191793
19338,F-7/F-9,191794
19339,F-7/F-9,191796
19340,F-7/F-9,191799
19341,F-7/F-9,191800
19342,F-7/F-9,191801
19343,F-7/F-9,191802
19344,F-7/F-9,191805
19345,F-7/F-9,191809
19346,F-7/F-9,191810
19347,F-7/F-9,191813
19348,F-7/F-9,191816
19349,F-7/F-9,191818
19350,F-7/F-9,191820
19351,F-7/F-9,191821
19352,F-7/F-9,191823
19353,F-7/F-9,191825
19354,F-7/F-9,191826
19355,F-7/F-9,191829
19356,F-7/F-9,191830
19357,F-7/F-9,191833
19358,F-7/F-9,191835
19359,F-7/F-9,191836
19360,F-7/F-9,191838
19361,F-7/F-9,191839
19362,F-7/F-9,191844
19363,F-7/F-9,191851
19364,F-7/F-9,191852
19365,F-7/F-9,191853
19366,F-7/F-9,191854
19367,F-7/F-9,191855
19368,F-7/F-9,191856
19369,F-7/F-9,191857
19370,F-7/F-9,191863
19371,F-7/F-9,191864
19372,F-7/F-9,191869
19373,F-7/F-9,191870
19374,F-7/F-9,191878
19375,F-7/F-9,191881
19376,F-7/F-9,191888
19377,F-7/F-9,191889
19378,F-7/F-9,191890
19379,F-7/F-9,191891
19380,F-7/F-9,191893
19381,F-7/F-9,191896
19382,F-7/F-9,191899
19383,F-7/F-9,191900
19384,F-7/F-9,191902
19385,F-7/F-9,191903
19386,F-7/F-9,191904
19387,F-7/F-9,191905
19388,F-7/F-9,191906
19389,F-7/F-9,191907
19390,F-7/F-9,191909
19391,F-7/F-9,191910
19392,F-7/F-9,191911
19393,F-7/F-9,191912
19394,F-7/F-9,191913
19395,F-7/F-9,191914
19396,F-7/F-9,191916
19397,F-7/F-9,191920
19398,F-7/F-9,191921
19399,F-7/F-9,191923
19400,F-7/F-9,191925
19401,F-7/F-9,191927
19402,F-7/F-9,191930
19403,F-7/F-9,191932
19404,F-7/F-9,191933
19405,F-7/F-9,191940
19406,F-7/F-9,191941
19407,F-7/F-9,191943
19408,F-7/F-9,191944
19409,F-7/F-9,191945
19410,F-7/F-9,191946
19411,F-7/F-9,191949
19412,F-7/F-9,191950
19413,F-7/F-9,191953
19414,F-7/F-9,191957
19415,F-7/F-9,191958
19416,F-7/F-9,191959
19417,F-7/F-9,191960
19418,F-7/F-9,191963
19419,F-7/F-9,191964
19420,F-7/F-9,191966
19421,F-7/F-9,191967
19422,F-7/F-9,191969
19423,F-7/F-9,191971
19424,F-7/F-9,191973
19425,F-7/F-9,191976
19426,F-7/F-9,191978
19427,F-7/F-9,191980
19428,F-7/F-9,191981
19429,F-7/F-9,191985
19430,F-7/F-9,191986
19431,F-7/F-9,191989
19432,F-7/F-9,191990
19433,F-7/F-9,191996
19434,F-7/F-9,191998
19435,F-7/F-9,192002
19436,F-7/F-9,192005
19437,F-7/F-9,192006
19438,F-7/F-9,192007
19439,F-7/F-9,192010
19440,F-7/F-9,192015
19441,F-7/F-9,192017
19442,F-7/F-9,192018
19443,F-7/F-9,192019
19444,F-7/F-9,192020
19445,F-7/F-9,192021
19446,F-7/F-9,192022
19447,F-7/F-9,192023
19448,F-7/F-9,192025
19449,F-7/F-9,192026
19450,F-7/F-9,192029
19451,F-7/F-9,192032
19452,F-7/F-9,192034
19453,F-7/F-9,192039
19454,F-7/F-9,192041
19455,F-7/F-9,192042
19456,F-7/F-9,192049
19457,F-7/F-9,192052
19458,F-7/F-9,192053
19459,F-7/F-9,192059
19460,F-7/F-9,192060
19461,F-7/F-9,192065
19462,F-7/F-9,192066
19463,F-7/F-9,192074
19464,F-7/F-9,192079
19465,F-7/F-9,192081
19466,F-7/F-9,192082
19467,F-7/F-9,192086
19468,F-7/F-9,192088
19469,F-7/F-9,192090
19470,F-7/F-9,192092
19471,F-7/F-9,192093
19472,F-7/F-9,192098
19473,F-7/F-9,192100
19474,F-7/F-9,192102
19475,F-7/F-9,192104
19476,F-7/F-9,192106
19477,F-7/F-9,192107
19478,F-7/F-9,192111
19479,F-7/F-9,192112
19480,F-7/F-9,192113
19481,F-7/F-9,192114
19482,F-7/F-9,192115
19483,F-7/F-9,192116
19484,F-7/F-9,192120
19485,F-7/F-9,192121
19486,F-7/F-9,192124
19487,F-7/F-9,192126
19488,F-7/F-9,192128
19489,F-7/F-9,192134
19490,F-7/F-9,192135
19491,F-7/F-9,192137
19492,F-7/F-9,192138
19493,F-7/F-9,192140
19494,F-7/F-9,192141
19495,F-7/F-9,192144
19496,F-7/F-9,192145
19497,F-7/F-9,192146
19498,F-7/F-9,192150
19499,F-7/F-9,192158
19500,F-7/F-9,192159
19501,F-7/F-9,192160
19502,F-7/F-9,192163
19503,F-7/F-9,192169
19504,F-7/F-9,192170
19505,F-7/F-9,192174
19506,F-7/F-9,192181
19507,F-7/F-9,192183
19508,F-7/F-9,192194
19509,F-7/F-9,192195
19510,F-7/F-9,192196
19511,F-7/F-9,192199
19512,F-7/F-9,192200
19513,F-7/F-9,192201
19514,F-7/F-9,192206
19515,F-7/F-9,192207
19516,F-7/F-9,192209
19517,F-7/F-9,192210
19518,F-7/F-9,192211
19519,F-7/F-9,192212
19520,F-7/F-9,192213
19521,F-7/F-9,192214
19522,F-7/F-9,192215
19523,F-7/F-9,192217
19524,F-7/F-9,192218
19525,F-7/F-9,192219
19526,F-7/F-9,192226
19527,F-7/F-9,192229
19528,F-7/F-9,192231
19529,F-7/F-9,192232
19530,F-7/F-9,192234
19531,F-7/F-9,192237
19532,F-7/F-9,192238
19533,F-7/F-9,192239
19534,F-7/F-9,192241
19535,F-7/F-9,192245
19536,F-7/F-9,192246
19537,F-7/F-9,192247
19538,F-7/F-9,192248
19539,F-7/F-9,192249
19540,F-7/F-9,192250
19541,F-7/F-9,192253
19542,F-7/F-9,192255
19543,F-7/F-9,192259
19544,F-7/F-9,192264
19545,F-7/F-9,192267
19546,F-7/F-9,192268
19547,F-7/F-9,192271
19548,F-7/F-9,192274
19549,F-7/F-9,192277
19550,F-7/F-9,192282
19551,F-7/F-9,192283
19552,F-7/F-9,192286
19553,F-7/F-9,192287
19554,F-7/F-9,192288
19555,F-7/F-9,192293
19556,F-7/F-9,192295
19557,F-7/F-9,192296
19558,F-7/F-9,192297
19559,F-7/F-9,192298
19560,F-7/F-9,192299
19561,F-7/F-9,192300
19562,F-7/F-9,192304
19563,F-7/F-9,192306
19564,F-7/F-9,192308
19565,F-7/F-9,192310
19566,F-7/F-9,192317
19567,F-7/F-9,192320
19568,F-7/F-9,192322
19569,F-7/F-9,192326
19570,F-7/F-9,192327
19571,F-7/F-9,192329
19572,F-7/F-9,192333
19573,F-7/F-9,192337
19574,F-7/F-9,192342
19575,F-7/F-9,192344
19576,F-7/F-9,192345
19577,F-7/F-9,192348
19578,F-7/F-9,192349
19579,F-7/F-9,192351
19580,F-7/F-9,192352
19581,F-7/F-9,192354
19582,F-7/F-9,192359
19583,F-7/F-9,192360
19584,F-7/F-9,192362
19585,F-7/F-9,192363
19586,F-7/F-9,192364
19587,F-7/F-9,192365
19588,F-7/F-9,192366
19589,F-7/F-9,192370
19590,F-7/F-9,192375
19591,F-7/F-9,192376
19592,F-7/F-9,192383
19593,F-7/F-9,192385
19594,F-7/F-9,192387
19595,F-7/F-9,192390
19596,F-7/F-9,192391
19597,F-7/F-9,192392
19598,F-7/F-9,192396
19599,F-7/F-9,192397
19600,F-7/F-9,192399
19601,F-7/F-9,192400
19602,F-7/F-9,192404
19603,F-7/F-9,192405
19604,F-7/F-9,192406
19605,F-7/F-9,192409
19606,F-7/F-9,192410
19607,F-7/F-9,192411
19608,F-7/F-9,192413
19609,F-7/F-9,192414
19610,F-7/F-9,192416
19611,F-7/F-9,192418
19612,F-7/F-9,192419
19613,F-7/F-9,192423
19614,F-7/F-9,192425
19615,F-7/F-9,192430
19616,F-7/F-9,192433
19617,F-7/F-9,192434
19618,F-7/F-9,192435
19619,F-7/F-9,192437
19620,F-7/F-9,192438
19621,F-7/F-9,192439
19622,F-7/F-9,192444
19623,F-7/F-9,192445
19624,F-7/F-9,192446
19625,F-7/F-9,192447
19626,F-7/F-9,192448
19627,F-7/F-9,192450
19628,F-7/F-9,192451
19629,F-7/F-9,192452
19630,F-7/F-9,192457
19631,F-7/F-9,192458
19632,F-7/F-9,192459
19633,F-7/F-9,192462
19634,F-7/F-9,192464
19635,F-7/F-9,192465
19636,F-7/F-9,192466
19637,F-7/F-9,192467
19638,F-7/F-9,192469
19639,F-7/F-9,192473
19640,F-7/F-9,192474
19641,F-7/F-9,192476
19642,F-7/F-9,192477
19643,F-7/F-9,192478
19644,F-7/F-9,192479
19645,F-7/F-9,192480
19646,F-7/F-9,192481
19647,F-7/F-9,192483
19648,F-7/F-9,192484
19649,F-7/F-9,192485
19650,F-7/F-9,192486
19651,F-7/F-9,192487
19652,F-7/F-9,192488
19653,F-7/F-9,192491
19654,F-7/F-9,192497
19655,F-7/F-9,192498
19656,F-7/F-9,192499
19657,F-7/F-9,192501
19658,F-7/F-9,192503
19659,F-7/F-9,192504
19660,F-7/F-9,192505
19661,F-7/F-9,192506
19662,F-7/F-9,192508
19663,F-7/F-9,192511
19664,F-7/F-9,192514
19665,F-7/F-9,192517
19666,F-7/F-9,192521
19667,F-7/F-9,192522
19668,F-7/F-9,192532
19669,F-7/F-9,192534
19670,F-7/F-9,192535
19671,F-7/F-9,192537
19672,F-7/F-9,192538
19673,F-7/F-9,192542
19674,F-7/F-9,192544
19675,F-7/F-9,192546
19676,F-7/F-9,192547
19677,F-7/F-9,192548
19678,F-7/F-9,192549
19679,F-7/F-9,192553
19680,F-7/F-9,192556
19681,F-7/F-9,192558
19682,F-7/F-9,192560
19683,F-7/F-9,192562
19684,F-7/F-9,192565
19685,F-7/F-9,192568
19686,F-7/F-9,192569
19687,F-7/F-9,192572
19688,F-7/F-9,192577
19689,F-7/F-9,192578
19690,F-7/F-9,192580
19691,F-7/F-9,192583
19692,F-7/F-9,192586
19693,F-7/F-9,192587
19694,F-7/F-9,192594
19695,F-7/F-9,192595
19696,F-7/F-9,192596
19697,F-7/F-9,192599
19698,F-7/F-9,192602
19699,F-7/F-9,192603
19700,F-7/F-9,192604
19701,F-7/F-9,192606
19702,F-7/F-9,192607
19703,F-7/F-9,192608
19704,F-7/F-9,192609
19705,F-7/F-9,192611
19706,F-7/F-9,192612
19707,F-7/F-9,192619
19708,F-7/F-9,192621
19709,F-7/F-9,192622
19710,F-7/F-9,192625
19711,F-7/F-9,192626
19712,F-7/F-9,192627
19713,F-7/F-9,192629
19714,F-7/F-9,192630
19715,F-7/F-9,192631
19716,F-7/F-9,192633
19717,F-7/F-9,192634
19718,F-7/F-9,192637
19719,F-7/F-9,192639
19720,F-7/F-9,192643
19721,F-7/F-9,192644
19722,F-7/F-9,192646
19723,F-7/F-9,192654
19724,F-7/F-9,192655
19725,F-7/F-9,192656
19726,F-7/F-9,192657
19727,F-7/F-9,192659
19728,F-7/F-9,192660
19729,F-7/F-9,192661
19730,F-7/F-9,192665
19731,F-7/F-9,192666
19732,F-7/F-9,192667
19733,F-7/F-9,192669
19734,F-7/F-9,192671
19735,F-7/F-9,192674
19736,F-7/F-9,192676
19737,F-7/F-9,192677
19738,F-7/F-9,192678
19739,F-7/F-9,192680
19740,F-7/F-9,192681
19741,F-7/F-9,192682
19742,F-7/F-9,192687
19743,F-7/F-9,192689
19744,F-7/F-9,192690
19745,F-7/F-9,192694
19746,F-7/F-9,192696
19747,F-7/F-9,192699
19748,F-7/F-9,192705
19749,F-7/F-9,192706
19750,F-7/F-9,192707
19751,F-7/F-9,192710
19752,F-7/F-9,192713
19753,F-7/F-9,192716
19754,F-7/F-9,192718
19755,F-7/F-9,192723
19756,F-7/F-9,192727
19757,F-7/F-9,192728
19758,F-7/F-9,192732
19759,F-7/F-9,192734
19760,F-7/F-9,192735
19761,F-7/F-9,192737
19762,F-7/F-9,192739
19763,F-7/F-9,192740
19764,F-7/F-9,192741
19765,F-7/F-9,192742
19766,F-7/F-9,192743
19767,F-7/F-9,192744
19768,F-7/F-9,192745
19769,F-7/F-9,192753
19770,F-7/F-9,192754
19771,F-7/F-9,192756
19772,F-7/F-9,192758
19773,F-7/F-9,192759
19774,F-7/F-9,192760
19775,F-7/F-9,192767
19776,F-7/F-9,192771
19777,F-7/F-9,192774
19778,F-7/F-9,192776
19779,F-7/F-9,192777
19780,F-7/F-9,192778
19781,F-7/F-9,192780
19782,F-7/F-9,192781
19783,F-7/F-9,192782
19784,F-7/F-9,192785
19785,F-7/F-9,192786
19786,F-7/F-9,192787
19787,F-7/F-9,192788
19788,F-7/F-9,192789
19789,F-7/F-9,192790
19790,F-7/F-9,192793
19791,F-7/F-9,192794
19792,F-7/F-9,192796
19793,F-7/F-9,192798
19794,F-7/F-9,192800
19795,F-7/F-9,192802
19796,F-7/F-9,192806
19797,F-7/F-9,192809
19798,F-7/F-9,192811
19799,F-7/F-9,192812
19800,F-7/F-9,192813
19801,F-7/F-9,192814
19802,F-7/F-9,192815
19803,F-7/F-9,192819
19804,F-7/F-9,192823
19805,F-7/F-9,192827
19806,F-7/F-9,192830
19807,F-7/F-9,192831
19808,F-7/F-9,192833
19809,F-7/F-9,192834
19810,F-7/F-9,192837
19811,F-7/F-9,192838
19812,F-7/F-9,192839
19813,F-7/F-9,192841
19814,F-7/F-9,192845
19815,F-7/F-9,192846
19816,F-7/F-9,192847
19817,F-7/F-9,192848
19818,F-7/F-9,192849
19819,F-7/F-9,192851
19820,F-7/F-9,192852
19821,F-7/F-9,192853
19822,F-7/F-9,192855
19823,F-7/F-9,192856
19824,F-7/F-9,192857
19825,F-7/F-9,192858
19826,F-7/F-9,192859
19827,F-7/F-9,192860
19828,F-7/F-9,192861
19829,F-7/F-9,192862
19830,F-7/F-9,192870
19831,F-7/F-9,192872
19832,F-7/F-9,192873
19833,F-7/F-9,192874
19834,F-7/F-9,192875
19835,F-7/F-9,192876
19836,F-7/F-9,192881
19837,F-7/F-9,192883
19838,F-7/F-9,192886
19839,F-7/F-9,192890
19840,F-7/F-9,192891
19841,F-7/F-9,192892
19842,F-7/F-9,192894
19843,F-7/F-9,192895
19844,F-7/F-9,192896
19845,F-7/F-9,192898
19846,F-7/F-9,192901
19847,F-7/F-9,192905
19848,F-7/F-9,192906
19849,F-7/F-9,192911
19850,F-7/F-9,192912
19851,F-7/F-9,192918
19852,F-7/F-9,192920
19853,F-7/F-9,192922
19854,F-7/F-9,192925
19855,F-7/F-9,192926
19856,F-7/F-9,192927
19857,F-7/F-9,192932
19858,F-7/F-9,192934
19859,F-7/F-9,192935
19860,F-7/F-9,192937
19861,F-7/F-9,192940
19862,F-7/F-9,192942
19863,F-7/F-9,192947
19864,F-7/F-9,192948
19865,F-7/F-9,192949
19866,F-7/F-9,192950
19867,F-7/F-9,192952
19868,F-7/F-9,192953
19869,F-7/F-9,192954
19870,F-7/F-9,192956
19871,F-7/F-9,192957
19872,F-7/F-9,192958
19873,F-7/F-9,192959
19874,F-7/F-9,192962
19875,F-7/F-9,192967
19876,F-7/F-9,192969
19877,F-7/F-9,192972
19878,F-7/F-9,192973
19879,F-7/F-9,192976
19880,F-7/F-9,192977
19881,F-7/F-9,192980
19882,F-7/F-9,192982
19883,F-7/F-9,192984
19884,F-7/F-9,192986
19885,F-7/F-9,192988
19886,F-7/F-9,192990
19887,F-7/F-9,192991
19888,F-7/F-9,192992
19889,F-7/F-9,192997
19890,F-7/F-9,192998
19891,F-7/F-9,193001
19892,F-7/F-9,193002
19893,F-7/F-9,193004
19894,F-7/F-9,193008
19895,F-7/F-9,193011
19896,F-7/F-9,193012
19897,F-7/F-9,193014
19898,F-7/F-9,193017
19899,F-7/F-9,193019
19900,F-7/F-9,193021
19901,F-7/F-9,193022
19902,F-7/F-9,193023
19903,F-7/F-9,193026
19904,F-7/F-9,193028
19905,F-7/F-9,193029
19906,F-7/F-9,193032
19907,F-7/F-9,193034
19908,F-7/F-9,193035
19909,F-7/F-9,193038
19910,F-7/F-9,193040
19911,F-7/F-9,193043
19912,F-7/F-9,193045
19913,F-7/F-9,193047
19914,F-7/F-9,193051
19915,F-7/F-9,193052
19916,F-7/F-9,193061
19917,F-7/F-9,193063
19918,F-7/F-9,193064
19919,F-7/F-9,193065
19920,F-7/F-9,193066
19921,F-7/F-9,193068
19922,F-7/F-9,193069
19923,F-7/F-9,193070
19924,F-7/F-9,193071
19925,F-7/F-9,193072
19926,F-7/F-9,193073
19927,F-7/F-9,193076
19928,F-7/F-9,193077
19929,F-7/F-9,193078
19930,F-7/F-9,193079
19931,F-7/F-9,193080
19932,F-7/F-9,193083
19933,F-7/F-9,193084
19934,F-7/F-9,193085
19935,F-7/F-9,193086
19936,F-7/F-9,193087
19937,F-7/F-9,193091
19938,F-7/F-9,193092
19939,F-7/F-9,193094
19940,F-7/F-9,193096
19941,F-7/F-9,193097
19942,F-7/F-9,193101
19943,F-7/F-9,193106
19944,F-7/F-9,193107
19945,F-7/F-9,193112
19946,F-7/F-9,193115
19947,F-7/F-9,193116
19948,F-7/F-9,193118
19949,F-7/F-9,193119
19950,F-7/F-9,193121
19951,F-7/F-9,193122
19952,F-7/F-9,193123
19953,F-7/F-9,193125
19954,F-7/F-9,193128
19955,F-7/F-9,193129
19956,F-7/F-9,193131
19957,F-7/F-9,193132
19958,F-7/F-9,193135
19959,F-7/F-9,193136
19960,F-7/F-9,193137
19961,F-7/F-9,193140
19962,F-7/F-9,193142
19963,F-7/F-9,193144
19964,F-7/F-9,193146
19965,F-7/F-9,193149
19966,F-7/F-9,193150
19967,F-7/F-9,193152
19968,F-7/F-9,193153
19969,F-7/F-9,193156
19970,F-7/F-9,193160
19971,F-7/F-9,193164
19972,F-7/F-9,193168
19973,F-7/F-9,193171
19974,F-7/F-9,193172
19975,F-7/F-9,193173
19976,F-7/F-9,193175
19977,F-7/F-9,193177
19978,F-7/F-9,193179
19979,F-7/F-9,193185
19980,F-7/F-9,193186
19981,F-7/F-9,193187
19982,F-7/F-9,193188
19983,F-7/F-9,193189
19984,F-7/F-9,193191
19985,F-7/F-9,193192
19986,F-7/F-9,193193
19987,F-7/F-9,193194
19988,F-7/F-9,193196
19989,F-7/F-9,193199
19990,F-7/F-9,193200
19991,F-7/F-9,193201
19992,F-7/F-9,193204
19993,F-7/F-9,193209
19994,F-7/F-9,193210
19995,F-7/F-9,193211
19996,F-7/F-9,193213
19997,F-7/F-9,193214
19998,F-7/F-9,193216
19999,F-7/F-9,193218
20000,F-1,193228
20001,F-1,193230
20002,F-1,193234
20003,F-1,193235
20004,F-1,193249
20005,F-1,193250
20006,F-1,193253
20007,F-1,193258
20008,F-1,193262
20009,F-1,193263
20010,F-1,193267
20011,F-1,193270
20012,F-1,193271
20013,F-1,193272
20014,F-1,193274
20015,F-1,193285
20016,F-1,193298
20017,F-1,193306
20018,F-1,193307
20019,F-1,193309
20020,F-1,193316
20021,F-1,193331
20022,F-1,193338
20023,F-1,193346
20024,F-1,193351
20025,F-1,193352
20026,F-1,193357
20027,F-1,193359
20028,F-1,193365
20029,F-1,193379
20030,F-1,193384
20031,F-1,193387
20032,F-1,193389
20033,F-1,193396
20034,F-1,193405
20035,F-1,193415
20036,F-1,193417
20037,F-1,193419
20038,F-1,193420
20039,F-1,193427
20040,F-1,193435
20041,F-1,193438
20042,F-1,193441
20043,F-1,193444
20044,F-1,193445
20045,F-1,193453
20046,F-1,193455
20047,F-1,193464
20048,F-1,193467
20049,F-1,193471
20050,F-1,193479
20051,F-1,193481
20052,F-1,193482
20053,F-1,193484
20054,F-1,193486
20055,F-1,193488
20056,F-1,193495
20057,F-1,193497
20058,F-1,193499
20059,F-1,193503
20060,F-1,193508
20061,F-1,193509
20062,F-1,193517
20063,F-1,193520
20064,F-1,193526
20065,F-1,193528
20066,F-1,193531
20067,F-1,193536
20068,F-1,193537
20069,F-1,193539
20070,F-1,193541
20071,F-1,193542
20072,F-1,193543
20073,F-1,193546
20074,F-1,193549
20075,F-1,193552
20076,F-1,193557
20077,F-1,193564
20078,F-1,193565
20079,F-1,193575
20080,F-1,193578
20081,F-1,193579
20082,F-1,193582
20083,F-1,193585
20084,F-1,193589
20085,F-1,193590
20086,F-1,193591
20087,F-1,193609
20088,F-1,193615
20089,F-1,193616
20090,F-1,193621
20091,F-1,193622
20092,F-1,193625
20093,F-1,193628
20094,F-1,193629
20095,F-1,193631
20096,F-1,193635
20097,F-1,193645
20098,F-1,193653
20099,F-1,193655
20100,F-1,193656
20101,F-1,193658
20102,F-1,193677
20103,F-1,193681
20104,F-1,193683
20105,F-1,193686
20106,F-1,193687
20107,F-1,193691
20108,F-1,193693
20109,F-1,193698
20110,F-1,193699
20111,F-1,193701
20112,F-1,193708
20113,F-1,193710
20114,F-1,193713
20115,F-1,193714
20116,F-1,193720
20117,F-1,193725
20118,F-1,193727
20119,F-1,193728
20120,F-1,193731
20121,F-1,193732
20122,F-1,193741
20123,F-1,193764
20124,F-1,193776
20125,F-1,193779
20126,F-1,193784
20127,F-1,193787
20128,F-1,193801
20129,F-1,193803
20130,F-1,193805
20131,F-1,193806
20132,F-1,193807
20133,F-1,193827
20134,F-1,193829
20135,F-1,193830
20136,F-1,193831
20137,F-1,193832
20138,F-1,193849
20139,F-1,193850
20140,F-1,193862
20141,F-1,193885
20142,F-1,193889
20143,F-1,193892
20144,F-1,193899
20145,F-1,193900
20146,F-1,193904
20147,F-1,193910
20148,F-1,193911
20149,F-1,193913
20150,F-1,193914
20151,F-1,193918
20152,F-1,193922
20153,F-1,193929
20154,F-1,193937
20155,F-1,193945
20156,F-1,193947
20157,F-1,193948
20158,F-1,193950
20159,F-1,193956
20160,F-1,193958
20161,F-1,193965
20162,F-1,193966
20163,F-1,193967
20164,F-1,193969
20165,F-1,193970
20166,F-1,193975
20167,F-1,193983
20168,F-1,193988
20169,F-1,193990
20170,F-1,193994
20171,F-1,193995
20172,F-1,194014
20173,F-1,194021
20174,F-1,194024
20175,F-1,194033
20176,F-1,194040
20177,F-1,194043
20178,F-1,194044
20179,F-1,194049
20180,F-1,194053
20181,F-1,194056
20182,F-1,194057
20183,F-1,194068
20184,F-1,194082
20185,F-1,194085
20186,F-1,194086
20187,F-1,194093
20188,F-1,194098
20189,F-1,194103
20190,F-1,194104
20191,F-1,194105
20192,F-1,194109
20193,F-1,194111
20194,F-1,194114
20195,F-1,194117
20196,F-1,194127
20197,F-1,194133
20198,F-1,194136
20199,F-1,194137
20200,F-1,194147
20201,F-1,194149
20202,F-1,194156
20203,F-1,194160
20204,F-1,194162
20205,F-1,194166
20206,F-1,194169
20207,F-1,194181
20208,F-1,194183
20209,F-1,194186
20210,F-1,194188
20211,F-1,194191
20212,F-1,194193
20213,F-1,194201
20214,F-1,194202
20215,F-1,194204
20216,F-1,194209
20217,F-1,194214
20218,F-1,194215
20219,F-1,194216
20220,F-1,194223
20221,F-1,194229
20222,F-1,194233
20223,F-1,194251
20224,F-1,194267
20225,F-1,194269
20226,F-1,194271
20227,F-1,194284
20228,F-1,194292
20229,F-1,194294
20230,F-1,194297
20231,F-1,194317
20232,F-1,194319
20233,F-1,194321
20234,F-1,194327
20235,F-1,194328
20236,F-1,194332
20237,F-1,194339
20238,F-1,194340
20239,F-1,194351
20240,F-1,194354
20241,F-1,194358
20242,F-1,194374
20243,F-1,194380
20244,F-1,194381
20245,F-1,194385
20246,F-1,194386
20247,F-1,194390
20248,F-1,194391
20249,F-1,194395
20250,F-1,194399
20251,F-1,194401
20252,F-1,194405
20253,F-1,194407
20254,F-1,194409
20255,F-1,194412
20256,F-1,194415
20257,F-1,194419
20258,F-1,194423
20259,F-1,194429
20260,F-1,194438
20261,F-1,194441
20262,F-1,194448
20263,F-1,194452
20264,F-1,194454
20265,F-1,194455
20266,F-1,194473
20267,F-1,194479
20268,F-1,194486
20269,F-1,194492
20270,F-1,194513
20271,F-1,194514
20272,F-1,194520
20273,F-1,194532
20274,F-1,194534
20275,F-1,194535
20276,F-1,194544
20277,F-1,194548
20278,F-1,194554
20279,F-1,194557
20280,F-1,194559
20281,F-1,194560
20282,F-1,194565
20283,F-1,194567
20284,F-1,194573
20285,F-1,194575
20286,F-1,194578
20287,F-1,194582
20288,F-1,194587
20289,F-1,194588
20290,F-1,194598
20291,F-1,194609
20292,F-1,194614
20293,F-1,194617
20294,F-1,194625
20295,F-1,194631
20296,F-1,194635
20297,F-1,194642
20298,F-1,194648
20299,F-1,194650
20300,F-1,194659
20301,F-1,194661
20302,F-1,194664
20303,F-1,194668
20304,F-1,194670
20305,F-1,194675
20306,F-1,194677
20307,F-1,194679
20308,F-1,194682
20309,F-1,194691
20310,F-1,194696
20311,F-1,194702
20312,F-1,194705
20313,F-1,194706
20314,F-1,194708
20315,F-1,194726
20316,F-1,194728
20317,F-1,194736
20318,F-1,194739
20319,F-1,194747
20320,F-1,194749
20321,F-1,194757
20322,F-1,194767
20323,F-1,194768
20324,F-1,194772
20325,F-1,194778
20326,F-1,194785
20327,F-1,194804
20328,F-1,194807
20329,F-1,194819
20330,F-1,194820
20331,F-1,194824
20332,F-1,194825
20333,F-1,194836
20334,F-1,194838
20335,F-1,194839
20336,F-1,194843
20337,F-1,194845
20338,F-1,194846
20339,F-1,194847
20340,F-1,194853
20341,F-1,194854
20342,F-1,194872
20343,F-1,194878
20344,F-1,194884
20345,F-1,194889
20346,F-1,194893
20347,F-1,194907
20348,F-1,194910
20349,F-1,194918
20350,F-1,194926
20351,F-1,194930
20352,F-1,194932
20353,F-1,194936
20354,F-1,194941
20355,F-1,194954
20356,F-1,194958
20357,F-1,194963
20358,F-1,194966
20359,F-1,194976
20360,F-1,194978
20361,F-1,194979
20362,F-1,194984
20363,F-1,194989
20364,F-1,194990
20365,F-1,195014
20366,F-1,195015
20367,F-1,195018
20368,F-1,195020
20369,F-1,195023
20370,F-1,195024
20371,F-1,195032
20372,F-1,195036
20373,F-1,195045
20374,F-1,195050
20375,F-1,195053
20376,F-1,195067
20377,F-1,195071
20378,F-1,195084
20379,F-1,195102
20380,F-1,195104
20381,F-1,195111
20382,F-1,195112
20383,F-1,195119
20384,F-1,195121
20385,F-1,195129
20386,F-1,195132
20387,F-1,195141
20388,F-1,195143
20389,F-1,195146
20390,F-1,195151
20391,F-1,195153
20392,F-1,195154
20393,F-1,195155
20394,F-1,195157
20395,F-1,195165
20396,F-1,195169
20397,F-1,195170
20398,F-1,195178
20399,F-1,195179
20400,F-1,195180
20401,F-1,195183
20402,F-1,195189
20403,F-1,195190
20404,F-1,195191
20405,F-1,195192
20406,F-1,195204
20407,F-1,195205
20408,F-1,195216
20409,F-1,195223
20410,F-1,195226
20411,F-1,195231
20412,F-1,195232
20413,F-1,195235
20414,F-1,195239
20415,F-1,195241
20416,F-1,195258
20417,F-1,195262
20418,F-1,195263
20419,F-1,195265
20420,F-1,195267
20421,F-1,195276
20422,F-1,195281
20423,F-1,195283
20424,F-1,195286
20425,F-1,195291
20426,F-1,195293
20427,F-1,195296
20428,F-1,195305
20429,F-1,195306
20430,F-1,195313
20431,F-1,195314
20432,F-1,195315
20433,F-1,195325
20434,F-1,195327
20435,F-1,195338
20436,F-1,195339
20437,F-1,195346
20438,F-1,195350
20439,F-1,195353
20440,F-1,195371
20441,F-1,195372
20442,F-1,195373
20443,F-1,195378
20444,F-1,195380
20445,F-1,195383
20446,F-1,195391
20447,F-1,195397
20448,F-1,195413
20449,F-1,195420
20450,F-1,195425
20451,F-1,195433
20452,F-1,195447
20453,F-1,195448
20454,F-1,195449
20455,F-1,195450
20456,F-1,195451
20457,F-1,195459
20458,F-1,195468
20459,F-1,195471
20460,F-1,195472
20461,F-1,195488
20462,F-1,195492
20463,F-1,195494
20464,F-1,195497
20465,F-1,195500
20466,F-1,195501
20467,F-1,195510
20468,F-1,195512
20469,F-1,195513
20470,F-1,195520
20471,F-1,195525
20472,F-1,195529
20473,F-1,195530
20474,F-1,195536
20475,F-1,195543
20476,F-1,195551
20477,F-1,195555
20478,F-1,195556
20479,F-1,195557
20480,F-1,195562
20481,F-1,195564
20482,F-1,195570
20483,F-1,195573
20484,F-1,195577
20485,F-1,195578
20486,F-1,195579
20487,F-1,195583
20488,F-1,195585
20489,F-1,195588
20490,F-1,195589
20491,F-1,195594
20492,F-1,195599
20493,F-1,195600
20494,F-1,195611
20495,F-1,195617
20496,F-1,195627
20497,F-1,195629
20498,F-1,195638
20499,F-1,195640
20500,F-1,195641
20501,F-1,195642
20502,F-1,195643
20503,F-1,195647
20504,F-1,195656
20505,F-1,195659
20506,F-1,195663
20507,F-1,195679
20508,F-1,195680
20509,F-1,195681
20510,F-1,195684
20511,F-1,195685
20512,F-1,195687
20513,F-1,195698
20514,F-1,195701
20515,F-1,195714
20516,F-1,195715
20517,F-1,195731
20518,F-1,195742
20519,F-1,195746
20520,F-1,195747
20521,F-1,195748
20522,F-1,195750
20523,F-1,195751
20524,F-1,195755
20525,F-1,195758
20526,F-1,195764
20527,F-1,195767
20528,F-1,195772
20529,F-1,195775
20530,F-1,195799
20531,F-1,195800
20532,F-1,195804
20533,F-1,195807
20534,F-1,195818
20535,F-1,195825
20536,F-1,195833
20537,F-1,195838
20538,F-1,195857
20539,F-1,195859
20540,F-1,195870
20541,F-1,195872
20542,F-1,195874
20543,F-1,195878
20544,F-1,195885
20545,F-1,195891
20546,F-1,195893
20547,F-1,195896
20548,F-1,195897
20549,F-1,195909
20550,F-1,195913
20551,F-1,195915
20552,F-1,195916
20553,F-1,195919
20554,F-1,195921
20555,F-1,195927
20556,F-1,195946
20557,F-1,195949
20558,F-1,195965
20559,F-1,195968
20560,F-1,195984
20561,F-1,195989
20562,F-1,196014
20563,F-1,196016
20564,F-1,196025
20565,F-1,196026
20566,F-1,196028
20567,F-1,196037
20568,F-1,196040
20569,F-1,196043
20570,F-1,196047
20571,F-1,196054
20572,F-1,196055
20573,F-1,196056
20574,F-1,196058
20575,F-1,196061
20576,F-1,196092
20577,F-1,196094
20578,F-1,196113
20579,F-1,196114
20580,F-1,196116
20581,F-1,196117
20582,F-1,196126
20583,F-1,196133
20584,F-1,196135
20585,F-1,196139
20586,F-1,196145
20587,F-1,196147
20588,F-1,196148
20589,F-1,196153
20590,F-1,196155
20591,F-1,196156
20592,F-1,196160
20593,F-1,196166
20594,F-1,196167
20595,F-1,196173
20596,F-1,196180
20597,F-1,196196
20598,F-1,196208
20599,F-1,196210
20600,F-1,196211
20601,F-1,196212
20602,F-1,196223
20603,F-1,196224
20604,F-1,196225
20605,F-1,196229
20606,F-1,196243
20607,F-1,196249
20608,F-1,196250
20609,F-1,196253
20610,F-1,196267
20611,F-1,196269
20612,F-1,196271
20613,F-1,196279
20614,F-1,196285
20615,F-1,196295
20616,F-1,196296
20617,F-1,196298
20618,F-1,196303
20619,F-1,196309
20620,F-1,196311
20621,F-1,196316
20622,F-1,196320
20623,F-1,196324
20624,F-1,196327
20625,F-1,196328
20626,F-1,196329
20627,F-1,196334
20628,F-1,196336
20629,F-1,196342
20630,F-1,196358
20631,F-1,196359
20632,F-1,196360
20633,F-1,196362
20634,F-1,196363
20635,F-1,196364
20636,F-1,196365
20637,F-1,196369
20638,F-1,196370
20639,F-1,196376
20640,F-1,196387
20641,F-1,196402
20642,F-1,196409
20643,F-1,196415
20644,F-1,196416
20645,F-1,196430
20646,F-1,196431
20647,F-1,196437
20648,F-1,196439
20649,F-1,196440
20650,F-1,196448
20651,F-1,196461
20652,F-1,196466
20653,F-1,196469
20654,F-1,196476
20655,F-1,196479
20656,F-1,196480
20657,F-1,196482
20658,F-1,196485
20659,F-1,196495
20660,F-1,196498
20661,F-1,196503
20662,F-1,196505
20663,F-1,196506
20664,F-1,196513
20665,F-1,196529
20666,F-1,196530
20667,F-1,196531
20668,F-1,196536
20669,F-1,196549
20670,F-1,196554
20671,F-1,196559
20672,F-1,196561
20673,F-1,196566
20674,F-1,196567
20675,F-1,196568
20676,F-1,196577
20677,F-1,196583
20678,F-1,196591
20679,F-1,196592
20680,F-1,196599
20681,F-1,196602
20682,F-1,196606
20683,F-1,196616
20684,F-1,196619
20685,F-1,196626
20686,F-1,196630
20687,F-1,196632
20688,F-1,196634
20689,F-1,196642
20690,F-1,196643
20691,F-1,196644
20692,F-1,196648
20693,F-1,196651
20694,F-1,196654
20695,F-1,196656
20696,F-1,196668
20697,F-1,196669
20698,F-1,196697
20699,F-1,196698
20700,F-1,196715
20701,F-1,196722
20702,F-1,196725
20703,F-1,196728
20704,F-1,196732
20705,F-1,196738
20706,F-1,196745
20707,F-1,196749
20708,F-1,196750
20709,F-1,196753
20710,F-1,196755
20711,F-1,196770
20712,F-1,196773
20713,F-1,196785
20714,F-1,196786
20715,F-1,196791
20716,F-1,196796
20717,F-1,196801
20718,F-1,196809
20719,F-1,196813
20720,F-1,196817
20721,F-1,196822
20722,F-1,196824
20723,F-1,196826
20724,F-1,196833
20725,F-1,196834
20726,F-1,196838
20727,F-1,196842
20728,F-1,196845
20729,F-1,196858
20730,F-1,196864
20731,F-1,196878
20732,F-1,196884
20733,F-1,196891
20734,F-1,196892
20735,F-1,196893
20736,F-1,196894
20737,F-1,196895
20738,F-1,196896
20739,F-1,196900
20740,F-1,196902
20741,F-1,196907
20742,F-1,196908
20743,F-1,196910
20744,F-1,196914
20745,F-1,196916
20746,F-1,196917
20747,F-1,196925
20748,F-1,196926
20749,F-1,196929
20750,F-1,196933
20751,F-1,196947
20752,F-1,196950
20753,F-1,196953
20754,F-1,196962
20755,F-1,196965
20756,F-1,196971
20757,F-1,196974
20758,F-1,196985
20759,F-1,196990
20760,F-1,196997
20761,F-1,196998
20762,F-1,197000
20763,F-1,197009
20764,F-1,197012
20765,F-1,197013
20766,F-1,197019
20767,F-1,197031
20768,F-1,197032
20769,F-1,197033
20770,F-1,197047
20771,F-1,197052
20772,F-1,197053
20773,F-1,197059
20774,F-1,197064
20775,F-1,197070
20776,F-1,197072
20777,F-1,197074
20778,F-1,197078
20779,F-1,197084
20780,F-1,197088
20781,F-1,197091
20782,F-1,197092
20783,F-1,197094
20784,F-1,197098
20785,F-1,197099
20786,F-1,197102
20787,F-1,197104
20788,F-1,197110
20789,F-1,197112
20790,F-1,197123
20791,F-1,197126
20792,F-1,197128
20793,F-1,197129
20794,F-1,197134
20795,F-1,197137
20796,F-1,197143
20797,F-1,197144
20798,F-1,197148
20799,F-1,197151
20800,F-1,197158
20801,F-1,197170
20802,F-1,197174
20803,F-1,197177
20804,F-1,197179
20805,F-1,197180
20806,F-1,197184
20807,F-1,197187
20808,F-1,197191
20809,F-1,197196
20810,F-1,197199
20811,F-1,197201
20812,F-1,197219
20813,F-1,197225
20814,F-1,197226
20815,F-1,197227
20816,F-1,197237
20817,F-1,197242
20818,F-1,197246
20819,F-1,197253
20820,F-1,197260
20821,F-1,197267
20822,F-1,197276
20823,F-1,197277
20824,F-1,197282
20825,F-1,197283
20826,F-1,197287
20827,F-1,197291
20828,F-1,197299
20829,F-1,197301
20830,F-1,197305
20831,F-1,197306
20832,F-1,197313
20833,F-1,197322
20834,F-1,197327
20835,F-1,197328
20836,F-1,197333
20837,F-1,197335
20838,F-1,197342
20839,F-1,197349
20840,F-1,197351
20841,F-1,197355
20842,F-1,197368
20843,F-1,197380
20844,F-1,197385
20845,F-1,197389
20846,F-1,197391
20847,F-1,197392
20848,F-1,197395
20849,F-1,197407
20850,F-1,197418
20851,F-1,197421
20852,F-1,197427
20853,F-1,197441
20854,F-1,197442
20855,F-1,197456
20856,F-1,197461
20857,F-1,197463
20858,F-1,197474
20859,F-1,197478
20860,F-1,197479
20861,F-1,197487
20862,F-1,197493
20863,F-1,197494
20864,F-1,197497
20865,F-1,197515
20866,F-1,197517
20867,F-1,197519
20868,F-1,197522
20869,F-1,197530
20870,F-1,197536
20871,F-1,197538
20872,F-1,197540
20873,F-1,197542
20874,F-1,197548
20875,F-1,197549
20876,F-1,197554
20877,F-1,197571
20878,F-1,197578
20879,F-1,197579
20880,F-1,197600
20881,F-1,197601
20882,F-1,197604
20883,F-1,197605
20884,F-1,197611
20885,F-1,197613
20886,F-1,197624
20887,F-1,197637
20888,F-1,197647
20889,F-1,197650
20890,F-1,197656
20891,F-1,197659
20892,F-1,197678
20893,F-1,197679
20894,F-1,197681
20895,F-1,197685
20896,F-1,197696
20897,F-1,197697
20898,F-1,197698
20899,F-1,197699
20900,F-1,197703
20901,F-1,197712
20902,F-1,197729
20903,F-1,197733
20904,F-1,197743
20905,F-1,197744
20906,F-1,197751
20907,F-1,197756
20908,F-1,197757
20909,F-1,197758
20910,F-1,197759
20911,F-1,197781
20912,F-1,197800
20913,F-1,197804
20914,F-1,197806
20915,F-1,197808
20916,F-1,197811
20917,F-1,197819
20918,F-1,197820
20919,F-1,197825
20920,F-1,197827
20921,F-1,197829
20922,F-1,197835
20923,F-1,197839
20924,F-1,197845
20925,F-1,197848
20926,F-1,197849
20927,F-1,197854
20928,F-1,197865
20929,F-1,197867
20930,F-1,197870
20931,F-1,197871
20932,F-1,197875
20933,F-1,197876
20934,F-1,197878
20935,F-1,197888
20936,F-1,197891
20937,F-1,197892
20938,F-1,197893
20939,F-1,197898
20940,F-1,197900
20941,F-1,197913
20942,F-1,197916
20943,F-1,197922
20944,F-1,197925
20945,F-1,197927
20946,F-1,197935
20947,F-1,197936
20948,F-1,197942
20949,F-1,197948
20950,F-1,197959
20951,F-1,197962
20952,F-1,197964
20953,F-1,197969
20954,F-1,197980
20955,F-1,197987
20956,F-1,197989
20957,F-1,197994
20958,F-1,198002
20959,F-1,198003
20960,F-1,198004
20961,F-1,198007
20962,F-1,198014
20963,F-1,198016
20964,F-1,198017
20965,F-1,198032
20966,F-1,198042
20967,F-1,198043
20968,F-1,198046
20969,F-1,198050
20970,F-1,198052
20971,F-1,198056
20972,F-1,198057
20973,F-1,198058
20974,F-1,198068
20975,F-1,198069
20976,F-1,198070
20977,F-1,198079
20978,F-1,198084
20979,F-1,198085
20980,F-1,198088
20981,F-1,198091
20982,F-1,198092
20983,F-1,198093
20984,F-1,198102
20985,F-1,198103
20986,F-1,198108
20987,F-1,198111
20988,F-1,198119
20989,F-1,198126
20990,F-1,198130
20991,F-1,198131
20992,F-1,198136
20993,F-1,198137
20994,F-1,198144
20995,F-1,198146
20996,F-1,198150
20997,F-1,198156
20998,F-1,198161
20999,F-1,198166
21000,F-1,198167
21001,F-1,198170
21002,F-1,198174
21003,F-1,198180
21004,F-1,198181
21005,F-1,198183
21006,F-1,198184
21007,F-1,198189
21008,F-1,198193
21009,F-1,198209
21010,F-1,198212
21011,F-1,198218
21012,F-1,198233
21013,F-1,198234
21014,F-1,198237
21015,F-1,198245
21016,F-1,198249
21017,F-1,198250
21018,F-1,198253
21019,F-1,198255
21020,F-1,198257
21021,F-1,198263
21022,F-1,198270
21023,F-1,198273
21024,F-1,198275
21025,F-1,198278
21026,F-1,198290
21027,F-1,198292
21028,F-1,198294
21029,F-1,198313
21030,F-1,198334
21031,F-1,198337
21032,F-1,198346
21033,F-1,198359
21034,F-1,198361
21035,F-1,198364
21036,F-1,198365
21037,F-1,198367
21038,F-1,198369
21039,F-1,198371
21040,F-1,198373
21041,F-1,198374
21042,F-1,198392
21043,F-1,198400
21044,F-1,198401
21045,F-1,198404
21046,F-1,198408
21047,F-1,198410
21048,F-1,198411
21049,F-1,198412
21050,F-1,198423
21051,F-1,198429
21052,F-1,198433
21053,F-1,198435
21054,F-1,198437
21055,F-1,198442
21056,F-1,198450
21057,F-1,198451
21058,F-1,198454
21059,F-1,198455
21060,F-1,198461
21061,F-1,198471
21062,F-1,198475
21063,F-1,198480
21064,F-1,198483
21065,F-1,198485
21066,F-1,198491
21067,F-1,198495
21068,F-1,198498
21069,F-1,198499
21070,F-1,198501
21071,F-1,198506
21072,F-1,198508
21073,F-1,198525
21074,F-1,198530
21075,F-1,198536
21076,F-1,198539
21077,F-1,198541
21078,F-1,198542
21079,F-1,198556
21080,F-1,198563
21081,F-1,198568
21082,F-1,198572
21083,F-1,198573
21084,F-1,198578
21085,F-1,198584
21086,F-1,198585
21087,F-1,198589
21088,F-1,198593
21089,F-1,198596
21090,F-1,198605
21091,F-1,198615
21092,F-1,198616
21093,F-1,198623
21094,F-1,198627
21095,F-1,198650
21096,F-1,198656
21097,F-1,198658
21098,F-1,198666
21099,F-1,198673
21100,F-1,198683
21101,F-1,198686
21102,F-1,198691
21103,F-1,198692
21104,F-1,198710
21105,F-1,198716
21106,F-1,198718
21107,F-1,198722
21108,F-1,198725
21109,F-1,198731
21110,F-1,198732
21111,F-1,198738
21112,F-1,198739
21113,F-1,198745
21114,F-1,198746
21115,F-1,198749
21116,F-1,198763
21117,F-1,198764
21118,F-1,198768
21119,F-1,198770
21120,F-1,198771
21121,F-1,198774
21122,F-1,198782
21123,F-1,198787
21124,F-1,198790
21125,F-1,198793
21126,F-1,198802
21127,F-1,198804
21128,F-1,198806
21129,F-1,198808
21130,F-1,198809
21131,F-1,198812
21132,F-1,198823
21133,F-1,198831
21134,F-1,198835
21135,F-1,198836
21136,F-1,198842
21137,F-1,198849
21138,F-1,198856
21139,F-1,198859
21140,F-1,198860
21141,F-1,198862
21142,F-1,198867
21143,F-1,198873
21144,F-1,198881
21145,F-1,198883
21146,F-1,198884
21147,F-1,198888
21148,F-1,198892
21149,F-1,198893
21150,F-1,198896
21151,F-1,198906
21152,F-1,198910
21153,F-1,198911
21154,F-1,198932
21155,F-1,198934
21156,F-1,198937
21157,F-1,198940
21158,F-1,198943
21159,F-1,198945
21160,F-1,198946
21161,F-1,198950
21162,F-1,198959
21163,F-1,198962
21164,F-1,198964
21165,F-1,198965
21166,F-1,198971
21167,F-1,198978
21168,F-1,198979
21169,F-1,198990
21170,F-1,198994
21171,F-1,198997
21172,F-1,199006
21173,F-1,199013
21174,F-1,199014
21175,F-1,199020
21176,F-1,199026
21177,F-1,199027
21178,F-1,199028
21179,F-1,199029
21180,F-1,199035
21181,F-1,199042
21182,F-1,199046
21183,F-1,199048
21184,F-1,199049
21185,F-1,199053
21186,F-1,199067
21187,F-1,199068
21188,F-1,199070
21189,F-1,199072
21190,F-1,199082
21191,F-1,199085
21192,F-1,199093
21193,F-1,199109
21194,F-1,199114
21195,F-1,199115
21196,F-1,199122
21197,F-1,199124
21198,F-1,199125
21199,F-1,199126
21200,F-1,199132
21201,F-1,199137
21202,F-1,199144
21203,F-1,199163
21204,F-1,199170
21205,F-1,199171
21206,F-1,199174
21207,F-1,199178
21208,F-1,199185
21209,F-1,199187
21210,F-1,199194
21211,F-1,199198
21212,F-1,199203
21213,F-1,199204
21214,F-1,199209
21215,F-1,199219
21216,F-1,199220
21217,F-1,199229
21218,F-1,199243
21219,F-1,199244
21220,F-1,199246
21221,F-1,199249
21222,F-1,199256
21223,F-1,199262
21224,F-1,199264
21225,F-1,199265
21226,F-1,199270
21227,F-1,199272
21228,F-1,199274
21229,F-1,199285
21230,F-1,199298
21231,F-1,199301
21232,F-1,199307
21233,F-1,199310
21234,F-1,199316
21235,F-1,199319
21236,F-1,199329
21237,F-1,199331
21238,F-1,199345
21239,F-1,199355
21240,F-1,199364
21241,F-1,199367
21242,F-1,199375
21243,F-1,199381
21244,F-1,199392
21245,F-1,199394
21246,F-1,199395
21247,F-1,199407
21248,F-1,199415
21249,F-1,199417
21250,F-1,199426
21251,F-1,199430
21252,F-1,199434
21253,F-1,199439
21254,F-1,199442
21255,F-1,199443
21256,F-1,199444
21257,F-1,199458
21258,F-1,199461
21259,F-1,199463
21260,F-1,199467
21261,F-1,199484
21262,F-1,199485
21263,F-1,199486
21264,F-1,199499
21265,F-1,199507
21266,F-1,199513
21267,F-1,199514
21268,F-1,199537
21269,F-1,199539
21270,F-1,199542
21271,F-1,199545
21272,F-1,199550
21273,F-1,199565
21274,F-1,199568
21275,F-1,199578
21276,F-1,199581
21277,F-1,199582
21278,F-1,199583
21279,F-1,199589
21280,F-1,199590
21281,F-1,199592
21282,F-1,199594
21283,F-1,199600
21284,F-1,199608
21285,F-1,199611
21286,F-1,199612
21287,F-1,199616
21288,F-1,199620
21289,F-1,199624
21290,F-1,199628
21291,F-1,199633
21292,F-1,199638
21293,F-1,199644
21294,F-1,199646
21295,F-1,199648
21296,F-1,199656
21297,F-1,199675
21298,F-1,199681
21299,F-1,199684
21300,F-1,199686
21301,F-1,199689
21302,F-1,199691
21303,F-1,199696
21304,F-1,199697
21305,F-1,199699
21306,F-1,199706
21307,F-1,199709
21308,F-1,199712
21309,F-1,199717
21310,F-1,199718
21311,F-1,199720
21312,F-1,199721
21313,F-1,199726
21314,F-1,199739
21315,F-1,199745
21316,F-1,199747
21317,F-1,199749
21318,F-1,199761
21319,F-1,199764
21320,F-1,199769
21321,F-1,199770
21322,F-1,199775
21323,F-1,199780
21324,F-1,199786
21325,F-1,199789
21326,F-1,199790
21327,F-1,199792
21328,F-1,199797
21329,F-1,199798
21330,F-1,199800
21331,F-1,199802
21332,F-1,199803
21333,F-1,199804
21334,F-1,199823
21335,F-1,199830
21336,F-1,199837
21337,F-1,199848
21338,F-1,199851
21339,F-1,199854
21340,F-1,199862
21341,F-1,199868
21342,F-1,199869
21343,F-1,199871
21344,F-1,199881
21345,F-1,199885
21346,F-1,199891
21347,F-1,199901
21348,F-1,199903
21349,F-1,199904
21350,F-1,199912
21351,F-1,199913
21352,F-1,199918
21353,F-1,199920
21354,F-1,199926
21355,F-1,199940
21356,F-1,199946
21357,F-1,199961
21358,F-1,199963
21359,F-1,199966
21360,F-1,199977
21361,F-1,199981
21362,F-1,199982
21363,F-1,199998
21364,F-1,199999
21365,F-1,200001
21366,F-1,200003
21367,F-1,200005
21368,F-1,200006
21369,F-1,200010
21370,F-1,200012
21371,F-1,200015
21372,F-1,200017
21373,F-1,200026
21374,F-1,200028
21375,F-1,200034
21376,F-1,200039
21377,F-1,200041
21378,F-1,200045
21379,F-1,200061
21380,F-1,200066
21381,F-1,200067
21382,F-1,200070
21383,F-1,200071
21384,F-1,200077
21385,F-1,200078
21386,F-1,200083
21387,F-1,200084
21388,F-1,200089
21389,F-1,200090
21390,F-1,200093
21391,F-1,200097
21392,F-1,200099
21393,F-1,200106
21394,F-1,200107
21395,F-1,200113
21396,F-1,200119
21397,F-1,200121
21398,F-1,200123
21399,F-1,200142
21400,F-1,200153
21401,F-1,200164
21402,F-1,200170
21403,F-1,200181
21404,F-1,200182
21405,F-1,200187
21406,F-1,200200
21407,F-1,200214
21408,F-1,200220
21409,F-1,200222
21410,F-1,200225
21411,F-1,200226
21412,F-1,200227
21413,F-1,200232
21414,F-1,200235
21415,F-1,200244
21416,F-1,200257
21417,F-1,200258
21418,F-1,200261
21419,F-1,200269
21420,F-1,200275
21421,F-1,200281
21422,F-1,200286
21423,F-1,200294
21424,F-1,200297
21425,F-1,200304
21426,F-1,200309
21427,F-1,200322
21428,F-1,200325
21429,F-1,200328
21430,F-1,200329
21431,F-1,200331
21432,F-1,200335
21433,F-1,200341
21434,F-1,200342
21435,F-1,200347
21436,F-1,200352
21437,F-1,200354
21438,F-1,200355
21439,F-1,200357
21440,F-1,200360
21441,F-1,200365
21442,F-1,200370
21443,F-1,200373
21444,F-1,200386
21445,F-1,200388
21446,F-1,200401
21447,F-1,200406
21448,F-1,200407
21449,F-1,200408
21450,F-1,200424
21451,F-1,200425
21452,F-1,200429
21453,F-1,200433
21454,F-1,200440
21455,F-1,200447
21456,F-1,200450
21457,F-1,200453
21458,F-1,200465
21459,F-1,200467
21460,F-1,200480
21461,F-1,200483
21462,F-1,200488
21463,F-1,200489
21464,F-1,200491
21465,F-1,200493
21466,F-1,200494
21467,F-1,200508
21468,F-1,200510
21469,F-1,200514
21470,F-1,200515
21471,F-1,200522
21472,F-1,200529
21473,F-1,200531
21474,F-1,200535
21475,F-1,200544
21476,F-1,200546
21477,F-1,200550
21478,F-1,200554
21479,F-1,200557
21480,F-1,200559
21481,F-1,200561
21482,F-1,200574
21483,F-1,200576
21484,F-1,200577
21485,F-1,200583
21486,F-1,200587
21487,F-1,200588
21488,F-1,200595
21489,F-1,200600
21490,F-1,200603
21491,F-1,200612
21492,F-1,200618
21493,F-1,200624
21494,F-1,200631
21495,F-1,200634
21496,F-1,200635
21497,F-1,200637
21498,F-1,200641
21499,F-1,200643
21500,F-1,200647
21501,F-1,200654
21502,F-1,200657
21503,F-1,200671
21504,F-1,200675
21505,F-1,200678
21506,F-1,200679
21507,F-1,200680
21508,F-1,200687
21509,F-1,200697
21510,F-1,200701
21511,F-1,200717
21512,F-1,200735
21513,F-1,200740
21514,F-1,200750
21515,F-1,200751
21516,F-1,200754
21517,F-1,200756
21518,F-1,200759
21519,F-1,200762
21520,F-1,200767
21521,F-1,200769
21522,F-1,200775
21523,F-1,200784
21524,F-1,200787
21525,F-1,200791
21526,F-1,200798
21527,F-1,200800
21528,F-1,200801
21529,F-1,200804
21530,F-1,200812
21531,F-1,200814
21532,F-1,200826
21533,F-1,200827
21534,F-1,200828
21535,F-1,200829
21536,F-1,200831
21537,F-1,200835
21538,F-1,200836
21539,F-1,200841
21540,F-1,200842
21541,F-1,200844
21542,F-1,200845
21543,F-1,200849
21544,F-1,200858
21545,F-1,200866
21546,F-1,200876
21547,F-1,200879
21548,F-1,200884
21549,F-1,200888
21550,F-1,200889
21551,F-1,200898
21552,F-1,200901
21553,F-1,200904
21554,F-1,200922
21555,F-1,200923
21556,F-1,200927
21557,F-1,200932
21558,F-1,200933
21559,F-1,200934
21560,F-1,200938
21561,F-1,200939
21562,F-1,200948
21563,F-1,200951
21564,F-1,200954
21565,F-1,200955
21566,F-1,200956
21567,F-1,200959
21568,F-1,200979
21569,F-1,200980
21570,F-1,200982
21571,F-1,200988
21572,F-1,200991
21573,F-1,200993
21574,F-1,200997
21575,F-1,200999
21576,F-1,201004
21577,F-1,201006
21578,F-1,201007
21579,F-1,201010
21580,F-1,201021
21581,F-1,201022
21582,F-1,201028
21583,F-1,201034
21584,F-1,201041
21585,F-1,201042
21586,F-1,201044
21587,F-1,201066
21588,F-1,201071
21589,F-1,201072
21590,F-1,201080
21591,F-1,201086
21592,F-1,201091
21593,F-1,201093
21594,F-1,201095
21595,F-1,201098
21596,F-1,201099
21597,F-1,201101
21598,F-1,201104
21599,F-1,201111
21600,F-1,201116
21601,F-1,201122
21602,F-1,201147
21603,F-1,201150
21604,F-1,201157
21605,F-1,201158
21606,F-1,201169
21607,F-1,201180
21608,F-1,201187
21609,F-1,201197
21610,F-1,201209
21611,F-1,201210
21612,F-1,201213
21613,F-1,201221
21614,F-1,201223
21615,F-1,201229
21616,F-1,201237
21617,F-1,201238
21618,F-1,201239
21619,F-1,201242
21620,F-1,201249
21621,F-1,201250
21622,F-1,201252
21623,F-1,201264
21624,F-1,201268
21625,F-1,201284
21626,F-1,201285
21627,F-1,201294
21628,F-1,201297
21629,F-1,201301
21630,F-1,201303
21631,F-1,201304
21632,F-1,201306
21633,F-1,201312
21634,F-1,201319
21635,F-1,201329
21636,F-1,201330
21637,F-1,201335
21638,F-1,201347
21639,F-1,201349
21640,F-1,201355
21641,F-1,201356
21642,F-1,201359
21643,F-1,201361
21644,F-1,201370
21645,F-1,201372
21646,F-1,201378
21647,F-1,201389
21648,F-1,201391
21649,F-1,201401
21650,F-1,201406
21651,F-1,201407
21652,F-1,201409
21653,F-1,201414
21654,F-1,201416
21655,F-1,201417
21656,F-1,201427
21657,F-1,201429
21658,F-1,201431
21659,F-1,201439
21660,F-1,201440
21661,F-1,201448
21662,F-1,201455
21663,F-1,201456
21664,F-1,201459
21665,F-1,201468
21666,F-1,201478
21667,F-1,201480
21668,F-1,201483
21669,F-1,201492
21670,F-1,201494
21671,F-1,201499
21672,F-1,201503
21673,F-1,201508
21674,F-1,201520
21675,F-1,201521
21676,F-1,201522
21677,F-1,201527
21678,F-1,201530
21679,F-1,201532
21680,F-1,201542
21681,F-1,201543
21682,F-1,201545
21683,F-1,201551
21684,F-1,201556
21685,F-1,201558
21686,F-1,201559
21687,F-1,201574
21688,F-1,201575
21689,F-1,201576
21690,F-1,201579
21691,F-1,201580
21692,F-1,201582
21693,F-1,201589
21694,F-1,201590
21695,F-1,201592
21696,F-1,201593
21697,F-1,201595
21698,F-1,201596
21699,F-1,201603
21700,F-1,201604
21701,F-1,201605
21702,F-1,201606
21703,F-1,201609
21704,F-1,201610
21705,F-1,201611
21706,F-1,201617
21707,F-1,201631
21708,F-1,201634
21709,F-1,201636
21710,F-1,201639
21711,F-1,201640
21712,F-1,201641
21713,F-1,201647
21714,F-1,201661
21715,F-1,201665
21716,F-1,201668
21717,F-1,201674
21718,F-1,201676
21719,F-1,201686
21720,F-1,201687
21721,F-1,201705
21722,F-1,201714
21723,F-1,201718
21724,F-1,201719
21725,F-1,201723
21726,F-1,201725
21727,F-1,201726
21728,F-1,201728
21729,F-1,201735
21730,F-1,201739
21731,F-1,201740
21732,F-1,201750
21733,F-1,201757
21734,F-1,201758
21735,F-1,201760
21736,F-1,201764
21737,F-1,201765
21738,F-1,201766
21739,F-1,201769
21740,F-1,201772
21741,F-1,201782
21742,F-1,201784
21743,F-1,201797
21744,F-1,201800
21745,F-1,201814
21746,F-1,201820
21747,F-1,201821
21748,F-1,201825
21749,F-1,201841
21750,F-1,201845
21751,F-1,201848
21752,F-1,201856
21753,F-1,201857
21754,F-1,201864
21755,F-1,201865
21756,F-1,201874
21757,F-1,201880
21758,F-1,201881
21759,F-1,201882
21760,F-1,201883
21761,F-1,201884
21762,F-1,201890
21763,F-1,201891
21764,F-1,201898
21765,F-1,201899
21766,F-1,201900
21767,F-1,201906
21768,F-1,201907
21769,F-1,201913
21770,F-1,201914
21771,F-1,201916
21772,F-1,201918
21773,F-1,201921
21774,F-1,201926
21775,F-1,201927
21776,F-1,201930
21777,F-1,201932
21778,F-1,201939
21779,F-1,201940
21780,F-1,201941
21781,F-1,201943
21782,F-1,201945
21783,F-1,201946
21784,F-1,201956
21785,F-1,201960
21786,F-1,201966
21787,F-1,201967
21788,F-1,201971
21789,F-1,201984
21790,F-1,201985
21791,F-1,201987
21792,F-1,201989
21793,F-1,201999
21794,F-1,202009
21795,F-1,202010
21796,F-1,202013
21797,F-1,202018
21798,F-1,202019
21799,F-1,202022
21800,F-1,202029
21801,F-1,202031
21802,F-1,202035
21803,F-1,202043
21804,F-1,202046
21805,F-1,202049
21806,F-1,202060
21807,F-1,202067
21808,F-1,202068
21809,F-1,202080
21810,F-1,202084
21811,F-1,202090
21812,F-1,202093
21813,F-1,202094
21814,F-1,202095
21815,F-1,202096
21816,F-1,202107
21817,F-1,202112
21818,F-1,202113
21819,F-1,202118
21820,F-1,202131
21821,F-1,202132
21822,F-1,202135
21823,F-1,202137
21824,F-1,202138
21825,F-1,202143
21826,F-1,202146
21827,F-1,202154
21828,F-1,202160
21829,F-1,202169
21830,F-1,202173
21831,F-1,202174
21832,F-1,202177
21833,F-1,202179
21834,F-1,202180
21835,F-1,202182
21836,F-1,202185
21837,F-1,202193
21838,F-1,202195
21839,F-1,202196
21840,F-1,202199
21841,F-1,202202
21842,F-1,202219
21843,F-1,202224
21844,F-1,202229
21845,F-1,202236
21846,F-1,202246
21847,F-1,202252
21848,F-1,202255
21849,F-1,202259
21850,F-1,202260
21851,F-1,202264
21852,F-1,202273
21853,F-1,202280
21854,F-1,202281
21855,F-1,202283
21856,F-1,202287
21857,F-1,202289
21858,F-1,202302
21859,F-1,202303
21860,F-1,202321
21861,F-1,202323
21862,F-1,202327
21863,F-1,202330
21864,F-1,202331
21865,F-1,202333
21866,F-1,202336
21867,F-1,202337
21868,F-1,202340
21869,F-1,202344
21870,F-1,202348
21871,F-1,202358
21872,F-1,202364
21873,F-1,202367
21874,F-1,202371
21875,F-1,202377
21876,F-1,202386
21877,F-1,202387
21878,F-1,202388
21879,F-1,202405
21880,F-1,202408
21881,F-1,202417
21882,F-1,202419
21883,F-1,202421
21884,F-1,202422
21885,F-1,202427
21886,F-1,202435
21887,F-1,202441
21888,F-1,202442
21889,F-1,202451
21890,F-1,202459
21891,F-1,202472
21892,F-1,202474
21893,F-1,202481
21894,F-1,202485
21895,F-1,202493
21896,F-1,202498
21897,F-1,202502
21898,F-1,202513
21899,F-1,202515
21900,F-1,202516
21901,F-1,202524
21902,F-1,202528
21903,F-1,202533
21904,F-1,202540
21905,F-1,202541
21906,F-1,202544
21907,F-1,202557
21908,F-1,202563
21909,F-1,202575
21910,F-1,202584
21911,F-1,202587
21912,F-1,202598
21913,F-1,202609
21914,F-1,202615
21915,F-1,202618
21916,F-1,202622
21917,F-1,202623
21918,F-1,202626
21919,F-1,202629
21920,F-1,202645
21921,F-1,202646
21922,F-1,202655
21923,F-1,202662
21924,F-1,202664
21925,F-1,202665
21926,F-1,202669
21927,F-1,202670
21928,F-1,202679
21929,F-1,202685
21930,F-1,202687
21931,F-1,202689
21932,F-1,202691
21933,F-1,202699
21934,F-1,202701
21935,F-1,202704
21936,F-1,202716
21937,F-1,202723
21938,F-1,202732
21939,F-1,202736
21940,F-1,202738
21941,F-1,202746
21942,F-1,202748
21943,F-1,202749
21944,F-1,202753
21945,F-1,202755
21946,F-1,202760
21947,F-1,202762
21948,F-1,202765
21949,F-1,202766
21950,F-1,202768
21951,F-1,202770
21952,F-1,202779
21953,F-1,202788
21954,F-1,202790
21955,F-1,202792
21956,F-1,202811
21957,F-1,202813
21958,F-1,202818
21959,F-1,202823
21960,F-1,202824
21961,F-1,202825
21962,F-1,202826
21963,F-1,202837
21964,F-1,202845
21965,F-1,202848
21966,F-1,202850
21967,F-1,202866
21968,F-1,202870
21969,F-1,202874
21970,F-1,202875
21971,F-1,202876
21972,F-1,202881
21973,F-1,202885
21974,F-1,202886
21975,F-1,202887
21976,F-1,202892
21977,F-1,202901
21978,F-1,202909
21979,F-1,202913
21980,F-1,202918
21981,F-1,202922
21982,F-1,202931
21983,F-1,202933
21984,F-1,202942
21985,F-1,202943
21986,F-1,202947
21987,F-1,202948
21988,F-1,202951
21989,F-1,202960
21990,F-1,202962
21991,F-1,202965
21992,F-1,202972
21993,F-1,202975
21994,F-1,202978
21995,F-1,202986
21996,F-1,202992
21997,F-1,202994
21998,F-1,203001
21999,F-1,203012
22000,F-1,203017
22001,F-1,203018
22002,F-1,203021
22003,F-1,203022
22004,F-1,203023
22005,F-1,203035
22006,F-1,203037
22007,F-1,203038
22008,F-1,203067
22009,F-1,203071
22010,F-1,203074
22011,F-1,203080
22012,F-1,203083
22013,F-1,203096
22014,F-1,203107
22015,F-1,203111
22016,F-1,203116
22017,F-1,203118
22018,F-1,203120
22019,F-1,203126
22020,F-1,203133
22021,F-1,203137
22022,F-1,203138
22023,F-1,203141
22024,F-1,203148
22025,F-1,203151
22026,F-1,203152
22027,F-1,203154
22028,F-1,203156
22029,F-1,203159
22030,F-1,203161
22031,F-1,203167
22032,F-1,203170
22033,F-1,203175
22034,F-1,203176
22035,F-1,203182
22036,F-1,203190
22037,F-1,203191
22038,F-1,203196
22039,F-1,203201
22040,F-1,203206
22041,F-1,203214
22042,F-1,203216
22043,F-1,203220
22044,F-1,203225
22045,F-1,203232
22046,F-1,203241
22047,F-1,203244
22048,F-1,203251
22049,F-1,203255
22050,F-1,203261
22051,F-1,203263
22052,F-1,203276
22053,F-1,203277
22054,F-1,203292
22055,F-1,203294
22056,F-1,203298
22057,F-1,203303
22058,F-1,203311
22059,F-1,203333
22060,F-1,203338
22061,F-1,203348
22062,F-1,203354
22063,F-1,203356
22064,F-1,203357
22065,F-1,203365
22066,F-1,203375
22067,F-1,203378
22068,F-1,203396
22069,F-1,203397
22070,F-1,203401
22071,F-1,203406
22072,F-1,203418
22073,F-1,203425
22074,F-1,203427
22075,F-1,203439
22076,F-1,203441
22077,F-1,203446
22078,F-1,203448
22079,F-1,203460
22080,F-1,203463
22081,F-1,203468
22082,F-1,203471
22083,F-1,203475
22084,F-1,203476
22085,F-1,203480
22086,F-1,203497
22087,F-1,203499
22088,F-1,203500
22089,F-1,203504
22090,F-1,203516
22091,F-1,203520
22092,F-1,203522
22093,F-1,203524
22094,F-1,203533
22095,F-1,203545
22096,F-1,203547
22097,F-1,203549
22098,F-1,203566
22099,F-1,203575
22100,F-1,203583
22101,F-1,203588
22102,F-1,203589
22103,F-1,203592
22104,F-1,203598
22105,F-1,203600
22106,F-1,203601
22107,F-1,203604
22108,F-1,203607
22109,F-1,203613
22110,F-1,203616
22111,F-1,203617
22112,F-1,203618
22113,F-1,203632
22114,F-1,203634
22115,F-1,203636
22116,F-1,203637
22117,F-1,203641
22118,F-1,203644
22119,F-1,203646
22120,F-1,203652
22121,F-1,203653
22122,F-1,203659
22123,F-1,203663
22124,F-1,203680
22125,F-1,203697
22126,F-1,203699
22127,F-1,203701
22128,F-1,203709
22129,F-1,203725
22130,F-1,203726
22131,F-1,203729
22132,F-1,203733
22133,F-1,203734
22134,F-1,203738
22135,F-1,203741
22136,F-1,203742
22137,F-1,203744
22138,F-1,203745
22139,F-1,203751
22140,F-1,203755
22141,F-1,203764
22142,F-1,203769
22143,F-1,203771
22144,F-1,203778
22145,F-1,203779
22146,F-1,203782
22147,F-1,203783
22148,F-1,203790
22149,F-1,203793
22150,F-1,203795
22151,F-1,203798
22152,F-1,203802
22153,F-1,203803
22154,F-1,203810
22155,F-1,203815
22156,F-1,203816
22157,F-1,203823
22158,F-1,203826
22159,F-1,203835
22160,F-1,203836
22161,F-1,203838
22162,F-1,203839
22163,F-1,203854
22164,F-1,203855
22165,F-1,203856
22166,F-1,203857
22167,F-1,203863
22168,F-1,203864
22169,F-1,203869
22170,F-1,203873
22171,F-1,203877
22172,F-1,203881
22173,F-1,203891
22174,F-1,203902
22175,F-1,203904
22176,F-1,203908
22177,F-1,203912
22178,F-1,203916
22179,F-1,203922
22180,F-1,203935
22181,F-1,203949
22182,F-1,203956
22183,F-1,203966
22184,F-1,203972
22185,F-1,203979
22186,F-1,203981
22187,F-1,203982
22188,F-1,203987
22189,F-1,203990
22190,F-1,203994
22191,F-1,203997
22192,F-1,204000
22193,F-1,204002
22194,F-1,204006
22195,F-1,204016
22196,F-1,204022
22197,F-1,204025
22198,F-1,204035
22199,F-1,204048
22200,F-1,204050
22201,F-1,204054
22202,F-1,204058
22203,F-1,204063
22204,F-1,204070
22205,F-1,204073
22206,F-1,204077
22207,F-1,204080
22208,F-1,204085
22209,F-1,204086
22210,F-1,204101
22211,F-1,204102
22212,F-1,204107
22213,F-1,204109
22214,F-1,204115
22215,F-1,204117
22216,F-1,204122
22217,F-1,204125
22218,F-1,204126
22219,F-1,204134
22220,F-1,204136
22221,F-1,204142
22222,F-1,204146
22223,F-1,204147
22224,F-1,204151
22225,F-1,204156
22226,F-1,204157
22227,F-1,204165
22228,F-1,204179
22229,F-1,204184
22230,F-1,204187
22231,F-1,204190
22232,F-1,204193
22233,F-1,204195
22234,F-1,204200
22235,F-1,204203
22236,F-1,204208
22237,F-1,204211
22238,F-1,204213
22239,F-1,204228
22240,F-1,204229
22241,F-1,204235
22242,F-1,204256
22243,F-1,204260
22244,F-1,204263
22245,F-1,204272
22246,F-1,204277
22247,F-1,204287
22248,F-1,204288
22249,F-1,204302
22250,F-1,204310
22251,F-1,204314
22252,F-1,204325
22253,F-1,204331
22254,F-1,204332
22255,F-1,204334
22256,F-1,204341
22257,F-1,204344
22258,F-1,204345
22259,F-1,204346
22260,F-1,204349
22261,F-1,204351
22262,F-1,204361
22263,F-1,204374
22264,F-1,204384
22265,F-1,204387
22266,F-1,204395
22267,F-1,204409
22268,F-1,204410
22269,F-1,204412
22270,F-1,204418
22271,F-1,204420
22272,F-1,204426
22273,F-1,204428
22274,F-1,204429
22275,F-1,204431
22276,F-1,204434
22277,F-1,204436
22278,F-1,204446
22279,F-1,204447
22280,F-1,204451
22281,F-1,204462
22282,F-1,204466
22283,F-1,204467
22284,F-1,204468
22285,F-1,204471
22286,F-1,204479
22287,F-1,204480
22288,F-1,204484
22289,F-1,204488
22290,F-1,204499
22291,F-1,204501
22292,F-1,204504
22293,F-1,204506
22294,F-1,204509
22295,F-1,204514
22296,F-1,204515
22297,F-1,204516
22298,F-1,204526
22299,F-1,204529
22300,F-1,204538
22301,F-1,204541
22302,F-1,204542
22303,F-1,204543
22304,F-1,204544
22305,F-1,204545
22306,F-1,204553
22307,F-1,204564
22308,F-1,204583
22309,F-1,204584
22310,F-1,204591
22311,F-1,204596
22312,F-1,204598
22313,F-1,204630
22314,F-1,204633
22315,F-1,204638
22316,F-1,204639
22317,F-1,204642
22318,F-1,204643
22319,F-1,204650
22320,F-1,204655
22321,F-1,204657
22322,F-1,204660
22323,F-1,204666
22324,F-1,204669
22325,F-1,204670
22326,F-1,204674
22327,F-1,204676
22328,F-1,204679
22329,F-1,204687
22330,F-1,204707
22331,F-1,204718
22332,F-1,204723
22333,F-1,204724
22334,F-1,204726
22335,F-1,204728
22336,F-1,204730
22337,F-1,204732
22338,F-1,204735
22339,F-1,204738
22340,F-1,204745
22341,F-1,204757
22342,F-1,204768
22343,F-1,204770
22344,F-1,204778
22345,F-1,204780
22346,F-1,204782
22347,F-1,204785
22348,F-1,204792
22349,F-1,204795
22350,F-1,204796
22351,F-1,204797
22352,F-1,204798
22353,F-1,204802
22354,F-1,204806
22355,F-1,204807
22356,F-1,204809
22357,F-1,204810
22358,F-1,204813
22359,F-1,204814
22360,F-1,204826
22361,F-1,204830
22362,F-1,204833
22363,F-1,204849
22364,F-1,204853
22365,F-1,204861
22366,F-1,204868
22367,F-1,204873
22368,F-1,204881
22369,F-1,204893
22370,F-1,204894
22371,F-1,204902
22372,F-1,204903
22373,F-1,204910
22374,F-1,204926
22375,F-1,204930
22376,F-1,204932
22377,F-1,204934
22378,F-1,204945
22379,F-1,204951
22380,F-1,204962
22381,F-1,204963
22382,F-1,204980
22383,F-1,205002
22384,F-1,205004
22385,F-1,205005
22386,F-1,205006
22387,F-1,205014
22388,F-1,205017
22389,F-1,205020
22390,F-1,205022
22391,F-1,205026
22392,F-1,205027
22393,F-1,205038
22394,F-1,205043
22395,F-1,205046
22396,F-1,205047
22397,F-1,205057
22398,F-1,205064
22399,F-1,205066
22400,F-1,205069
22401,F-1,205072
22402,F-1,205085
22403,F-1,205086
22404,F-1,205087
22405,F-1,205104
22406,F-1,205106
22407,F-1,205111
22408,F-1,205113
22409,F-1,205114
22410,F-1,205121
22411,F-1,205126
22412,F-1,205133
22413,F-1,205134
22414,F-1,205136
22415,F-1,205138
22416,F-1,205140
22417,F-1,205148
22418,F-1,205150
22419,F-1,205153
22420,F-1,205173
22421,F-1,205175
22422,F-1,205176
22423,F-1,205179
22424,F-1,205183
22425,F-1,205190
22426,F-1,205195
22427,F-1,205197
22428,F-1,205199
22429,F-1,205200
22430,F-1,205201
22431,F-1,205204
22432,F-1,205208
22433,F-1,205221
22434,F-1,205222
22435,F-1,205226
22436,F-1,205228
22437,F-1,205231
22438,F-1,205237
22439,F-1,205240
22440,F-1,205242
22441,F-1,205249
22442,F-1,205250
22443,F-1,205251
22444,F-1,205253
22445,F-1,205265
22446,F-1,205271
22447,F-1,205280
22448,F-1,205293
22449,F-1,205295
22450,F-1,205296
22451,F-1,205305
22452,F-1,205311
22453,F-1,205312
22454,F-1,205316
22455,F-1,205327
22456,F-1,205328
22457,F-1,205335
22458,F-1,205341
22459,F-1,205342
22460,F-1,205353
22461,F-1,205356
22462,F-1,205359
22463,F-1,205361
22464,F-1,205366
22465,F-1,205372
22466,F-1,205376
22467,F-1,205378
22468,F-1,205379
22469,F-1,205380
22470,F-1,205381
22471,F-1,205384
22472,F-1,205387
22473,F-1,205393
22474,F-1,205394
22475,F-1,205398
22476,F-1,205410
22477,F-1,205413
22478,F-1,205420
22479,F-1,205424
22480,F-1,205427
22481,F-1,205433
22482,F-1,205438
22483,F-1,205442
22484,F-1,205449
22485,F-1,205450
22486,F-1,205451
22487,F-1,205456
22488,F-1,205458
22489,F-1,205467
22490,F-1,205478
22491,F-1,205485
22492,F-1,205486
22493,F-1,205488
22494,F-1,205494
22495,F-1,205496
22496,F-1,205500
22497,F-1,205503
22498,F-1,205505
22499,F-1,205506
22500,F-1,205508
22501,F-1,205515
22502,F-1,205520
22503,F-1,205531
22504,F-1,205536
22505,F-1,205540
22506,F-1,205541
22507,F-1,205553
22508,F-1,205558
22509,F-1,205563
22510,F-1,205568
22511,F-1,205569
22512,F-1,205570
22513,F-1,205571
22514,F-1,205572
22515,F-1,205577
22516,F-1,205591
22517,F-1,205594
22518,F-1,205596
22519,F-1,205599
22520,F-1,205602
22521,F-1,205604
22522,F-1,205606
22523,F-1,205608
22524,F-1,205609
22525,F-1,205624
22526,F-1,205628
22527,F-1,205635
22528,F-1,205636
22529,F-1,205641
22530,F-1,205649
22531,F-1,205653
22532,F-1,205657
22533,F-1,205660
22534,F-1,205664
22535,F-1,205676
22536,F-1,205677
22537,F-1,205692
22538,F-1,205694
22539,F-1,205696
22540,F-1,205699
22541,F-1,205703
22542,F-1,205712
22543,F-1,205716
22544,F-1,205722
22545,F-1,205723
22546,F-1,205726
22547,F-1,205738
22548,F-1,205748
22549,F-1,205749
22550,F-1,205752
22551,F-1,205753
22552,F-1,205754
22553,F-1,205757
22554,F-1,205778
22555,F-1,205779
22556,F-1,205780
22557,F-1,205792
22558,F-1,205793
22559,F-1,205794
22560,F-1,205799
22561,F-1,205800
22562,F-1,205804
22563,F-1,205808
22564,F-1,205809
22565,F-1,205810
22566,F-1,205814
22567,F-1,205819
22568,F-1,205821
22569,F-1,205824
22570,F-1,205825
22571,F-1,205836
22572,F-1,205861
22573,F-1,205868
22574,F-1,205871
22575,F-1,205872
22576,F-1,205875
22577,F-1,205877
22578,F-1,205881
22579,F-1,205882
22580,F-1,205886
22581,F-1,205894
22582,F-1,205895
22583,F-1,205896
22584,F-1,205897
22585,F-1,205902
22586,F-1,205908
22587,F-1,205909
22588,F-1,205912
22589,F-1,205913
22590,F-1,205922
22591,F-1,205927
22592,F-1,205928
22593,F-1,205929
22594,F-1,205930
22595,F-1,205931
22596,F-1,205937
22597,F-1,205959
22598,F-1,205964
22599,F-1,205977
22600,F-1,205982
22601,F-1,205998
22602,F-1,206005
22603,F-1,206006
22604,F-1,206011
22605,F-1,206024
22606,F-1,206026
22607,F-1,206029
22608,F-1,206032
22609,F-1,206035
22610,F-1,206041
22611,F-1,206045
22612,F-1,206046
22613,F-1,206049
22614,F-1,206054
22615,F-1,206057
22616,F-1,206060
22617,F-1,206064
22618,F-1,206074
22619,F-1,206075
22620,F-1,206078
22621,F-1,206085
22622,F-1,206088
22623,F-1,206090
22624,F-1,206092
22625,F-1,206104
22626,F-1,206106
22627,F-1,206109
22628,F-1,206116
22629,F-1,206124
22630,F-1,206125
22631,F-1,206130
22632,F-1,206135
22633,F-1,206138
22634,F-1,206141
22635,F-1,206159
22636,F-1,206160
22637,F-1,206161
22638,F-1,206165
22639,F-1,206166
22640,F-1,206181
22641,F-1,206187
22642,F-1,206189
22643,F-1,206196
22644,F-1,206206
22645,F-1,206207
22646,F-1,206209
22647,F-1,206213
22648,F-1,206225
22649,F-1,206230
22650,F-1,206234
22651,F-1,206244
22652,F-1,206258
22653,F-1,206262
22654,F-1,206265
22655,F-1,206268
22656,F-1,206274
22657,F-1,206276
22658,F-1,206279
22659,F-1,206291
22660,F-1,206292
22661,F-1,206294
22662,F-1,206297
22663,F-1,206301
22664,F-1,206305
22665,F-1,206308
22666,F-1,206309
22667,F-1,206312
22668,F-1,206319
22669,F-1,206320
22670,F-1,206323
22671,F-1,206326
22672,F-1,206336
22673,F-1,206337
22674,F-1,206345
22675,F-1,206361
22676,F-1,206367
22677,F-1,206368
22678,F-1,206387
22679,F-1,206391
22680,F-1,206392
22681,F-1,206393
22682,F-1,206402
22683,F-1,206406
22684,F-1,206410
22685,F-1,206415
22686,F-1,206426
22687,F-1,206427
22688,F-1,206431
22689,F-1,206440
22690,F-1,206452
22691,F-1,206456
22692,F-1,206457
22693,F-1,206462
22694,F-1,206481
22695,F-1,206501
22696,F-1,206503
22697,F-1,206505
22698,F-1,206512
22699,F-1,206524
22700,F-1,206527
22701,F-1,206532
22702,F-1,206535
22703,F-1,206536
22704,F-1,206540
22705,F-1,206557
22706,F-1,206563
22707,F-1,206565
22708,F-1,206573
22709,F-1,206581
22710,F-1,206585
22711,F-1,206592
22712,F-1,206597
22713,F-1,206598
22714,F-1,206603
22715,F-1,206605
22716,F-1,206610
22717,F-1,206611
22718,F-1,206614
22719,F-1,206619
22720,F-1,206621
22721,F-1,206628
22722,F-1,206630
22723,F-1,206640
22724,F-1,206642
22725,F-1,206646
22726,F-1,206650
22727,F-1,206651
22728,F-1,206656
22729,F-1,206659
22730,F-1,206666
22731,F-1,206679
22732,F-1,206680
22733,F-1,206681
22734,F-1,206690
22735,F-1,206698
22736,F-1,206700
22737,F-1,206701
22738,F-1,206708
22739,F-1,206714
22740,F-1,206726
22741,F-1,206731
22742,F-1,206739
22743,F-1,206744
22744,F-1,206748
22745,F-1,206750
22746,F-1,206758
22747,F-1,206762
22748,F-1,206767
22749,F-1,206769
22750,F-1,206770
22751,F-1,206772
22752,F-1,206776
22753,F-1,206778
22754,F-1,206781
22755,F-1,206793
22756,F-1,206800
22757,F-1,206814
22758,F-1,206825
22759,F-1,206831
22760,F-1,206834
22761,F-1,206841
22762,F-1,206842
22763,F-1,206848
22764,F-1,206850
22765,F-1,206851
22766,F-1,206859
22767,F-1,206861
22768,F-1,206862
22769,F-1,206864
22770,F-1,206869
22771,F-1,206877
22772,F-1,206881
22773,F-1,206888
22774,F-1,206890
22775,F-1,206893
22776,F-1,206907
22777,F-1,206914
22778,F-1,206920
22779,F-1,206922
22780,F-1,206923
22781,F-1,206927
22782,F-1,206933
22783,F-1,206935
22784,F-1,206937
22785,F-1,206938
22786,F-1,206941
22787,F-1,206944
22788,F-1,206945
22789,F-1,206947
22790,F-1,206948
22791,F-1,206954
22792,F-1,206958
22793,F-1,206959
22794,F-1,206962
22795,F-1,206970
22796,F-1,206985
22797,F-1,206986
22798,F-1,206989
22799,F-1,206994
22800,F-1,206995
22801,F-1,206996
22802,F-1,207001
22803,F-1,207005
22804,F-1,207012
22805,F-1,207015
22806,F-1,207016
22807,F-1,207030
22808,F-1,207039
22809,F-1,207043
22810,F-1,207048
22811,F-1,207056
22812,F-1,207063
22813,F-1,207064
22814,F-1,207074
22815,F-1,207085
22816,F-1,207089
22817,F-1,207092
22818,F-1,207093
22819,F-1,207096
22820,F-1,207097
22821,F-1,207100
22822,F-1,207106
22823,F-1,207108
22824,F-1,207112
22825,F-1,207114
22826,F-1,207133
22827,F-1,207149
22828,F-1,207150
22829,F-1,207168
22830,F-1,207169
22831,F-1,207173
22832,F-1,207177
22833,F-1,207185
22834,F-1,207188
22835,F-1,207192
22836,F-1,207195
22837,F-1,207196
22838,F-1,207202
22839,F-1,207222
22840,F-1,207223
22841,F-1,207227
22842,F-1,207231
22843,F-1,207233
22844,F-1,207234
22845,F-1,207235
22846,F-1,207239
22847,F-1,207240
22848,F-1,207249
22849,F-1,207253
22850,F-1,207257
22851,F-1,207260
22852,F-1,207261
22853,F-1,207271
22854,F-1,207273
22855,F-1,207275
22856,F-1,207280
22857,F-1,207283
22858,F-1,207284
22859,F-1,207290
22860,F-1,207294
22861,F-1,207296
22862,F-1,207299
22863,F-1,207300
22864,F-1,207306
22865,F-1,207307
22866,F-1,207310
22867,F-1,207314
22868,F-1,207316
22869,F-1,207330
22870,F-1,207332
22871,F-1,207335
22872,F-1,207340
22873,F-1,207341
22874,F-1,207345
22875,F-1,207346
22876,F-1,207349
22877,F-1,207362
22878,F-1,207364
22879,F-1,207365
22880,F-1,207367
22881,F-1,207370
22882,F-1,207373
22883,F-1,207379
22884,F-1,207380
22885,F-1,207382
22886,F-1,207383
22887,F-1,207384
22888,F-1,207387
22889,F-1,207393
22890,F-1,207403
22891,F-1,207404
22892,F-1,207406
22893,F-1,207410
22894,F-1,207421
22895,F-1,207422
22896,F-1,207425
22897,F-1,207427
22898,F-1,207436
22899,F-1,207444
22900,F-1,207447
22901,F-1,207452
22902,F-1,207462
22903,F-1,207465
22904,F-1,207466
22905,F-1,207468
22906,F-1,207474
22907,F-1,207475
22908,F-1,207476
22909,F-1,207488
22910,F-1,207491
22911,F-1,207499
22912,F-1,207511
22913,F-1,207522
22914,F-1,207523
22915,F-1,207524
22916,F-1,207527
22917,F-1,207528
22918,F-1,207533
22919,F-1,207541
22920,F-1,207546
22921,F-1,207549
22922,F-1,207551
22923,F-1,207573
22924,F-1,207603
22925,F-1,207607
22926,F-1,207610
22927,F-1,207620
22928,F-1,207643
22929,F-1,207650
22930,F-1,207652
22931,F-1,207665
22932,F-1,207667
22933,F-1,207670
22934,F-1,207679
22935,F-1,207688
22936,F-1,207703
22937,F-1,207705
22938,F-1,207708
22939,F-1,207709
22940,F-1,207712
22941,F-1,207713
22942,F-1,207718
22943,F-1,207720
22944,F-1,207722
22945,F-1,207726
22946,F-1,207734
22947,F-1,207735
22948,F-1,207745
22949,F-1,207749
22950,F-1,207754
22951,F-1,207763
22952,F-1,207767
22953,F-1,207771
22954,F-1,207773
22955,F-1,207779
22956,F-1,207782
22957,F-1,207785
22958,F-1,207789
22959,F-1,207790
22960,F-1,207795
22961,F-1,207805
22962,F-1,207806
22963,F-1,207810
22964,F-1,207819
22965,F-1,207834
22966,F-1,207844
22967,F-1,207846
22968,F-1,207856
22969,F-1,207863
22970,F-1,207867
22971,F-1,207868
22972,F-1,207869
22973,F-1,207878
22974,F-1,207879
22975,F-1,207882
22976,F-1,207883
22977,F-1,207888
22978,F-1,207893
22979,F-1,207897
22980,F-1,207898
22981,F-1,207901
22982,F-1,207902
22983,F-1,207904
22984,F-1,207911
22985,F-1,207915
22986,F-1,207918
22987,F-1,207929
22988,F-1,207935
22989,F-1,207946
22990,F-1,207947
22991,F-1,207948
22992,F-1,207952
22993,F-1,207958
22994,F-1,207962
22995,F-1,207963
22996,F-1,207964
22997,F-1,207966
22998,F-1,207971
22999,F-1,207973
23000,F-1,207974
23001,F-1,207978
23002,F-1,207980
23003,F-1,207982
23004,F-1,207994
23005,F-1,208001
23006,F-1,208006
23007,F-1,208011
23008,F-1,208014
23009,F-1,208015
23010,F-1,208019
23011,F-1,208020
23012,F-1,208022
23013,F-1,208025
23014,F-1,208030
23015,F-1,208031
23016,F-1,208033
23017,F-1,208036
23018,F-1,208042
23019,F-1,208046
23020,F-1,208053
23021,F-1,208057
23022,F-1,208061
23023,F-1,208063
23024,F-1,208076
23025,F-1,208078
23026,F-1,208085
23027,F-1,208086
23028,F-1,208096
23029,F-1,208101
23030,F-1,208106
23031,F-1,208108
23032,F-1,208126
23033,F-1,208127
23034,F-1,208130
23035,F-1,208142
23036,F-1,208145
23037,F-1,208150
23038,F-1,208152
23039,F-1,208153
23040,F-1,208154
23041,F-1,208171
23042,F-1,208184
23043,F-1,208186
23044,F-1,208190
23045,F-1,208194
23046,F-1,208199
23047,F-1,208207
23048,F-1,208214
23049,F-1,208226
23050,F-1,208231
23051,F-1,208232
23052,F-1,208245
23053,F-1,208248
23054,F-1,208250
23055,F-1,208254
23056,F-1,208256
23057,F-1,208258
23058,F-1,208266
23059,F-1,208267
23060,F-1,208275
23061,F-1,208277
23062,F-1,208278
23063,F-1,208280
23064,F-1,208283
23065,F-1,208284
23066,F-1,208294
23067,F-1,208295
23068,F-1,208301
23069,F-1,208306
23070,F-1,208318
23071,F-1,208323
23072,F-1,208324
23073,F-1,208325
23074,F-1,208347
23075,F-1,208349
23076,F-1,208353
23077,F-1,208364
23078,F-1,208367
23079,F-1,208375
23080,F-1,208376
23081,F-1,208379
23082,F-1,208380
23083,F-1,208383
23084,F-1,208385
23085,F-1,208387
23086,F-1,208394
23087,F-1,208398
23088,F-1,208400
23089,F-1,208407
23090,F-1,208415
23091,F-1,208422
23092,F-1,208434
23093,F-1,208436
23094,F-1,208438
23095,F-1,208440
23096,F-1,208441
23097,F-1,208448
23098,F-1,208454
23099,F-1,208461
23100,F-1,208463
23101,F-1,208464
23102,F-1,208468
23103,F-1,208471
23104,F-1,208475
23105,F-1,208479
23106,F-1,208482
23107,F-1,208502
23108,F-1,208511
23109,F-1,208513
23110,F-1,208524
23111,F-1,208526
23112,F-1,208527
23113,F-1,208534
23114,F-1,208552
23115,F-1,208554
23116,F-1,208561
23117,F-1,208563
23118,F-1,208564
23119,F-1,208585
23120,F-1,208588
23121,F-1,208604
23122,F-1,208608
23123,F-1,208617
23124,F-1,208620
23125,F-1,208622
23126,F-1,208628
23127,F-1,208639
23128,F-1,208640
23129,F-1,208648
23130,F-1,208650
23131,F-1,208651
23132,F-1,208656
23133,F-1,208663
23134,F-1,208674
23135,F-1,208691
23136,F-1,208708
23137,F-1,208710
23138,F-1,208718
23139,F-1,208731
23140,F-1,208735
23141,F-1,208737
23142,F-1,208738
23143,F-1,208743
23144,F-1,208748
23145,F-1,208750
23146,F-1,208752
23147,F-1,208760
23148,F-1,208767
23149,F-1,208769
23150,F-1,208770
23151,F-1,208772
23152,F-1,208774
23153,F-1,208775
23154,F-1,208778
23155,F-1,208780
23156,F-1,208782
23157,F-1,208790
23158,F-1,208805
23159,F-1,208807
23160,F-1,208812
23161,F-1,208814
23162,F-1,208816
23163,F-1,208817
23164,F-1,208823
23165,F-1,208825
23166,F-1,208828
23167,F-1,208831
23168,F-1,208836
23169,F-1,208839
23170,F-1,208840
23171,F-1,208845
23172,F-1,208846
23173,F-1,208847
23174,F-1,208850
23175,F-1,208857
23176,F-1,208861
23177,F-1,208869
23178,F-1,208872
23179,F-1,208877
23180,F-1,208891
23181,F-1,208892
23182,F-1,208897
23183,F-1,208911
23184,F-1,208912
23185,F-1,208914
23186,F-1,208917
23187,F-1,208919
23188,F-1,208920
23189,F-1,208925
23190,F-1,208928
23191,F-1,208932
23192,F-1,208943
23193,F-1,208945
23194,F-1,208949
23195,F-1,208954
23196,F-1,208955
23197,F-1,208958
23198,F-1,208960
23199,F-1,208968
23200,F-1,208982
23201,F-1,208984
23202,F-1,208985
23203,F-1,209005
23204,F-1,209010
23205,F-1,209013
23206,F-1,209017
23207,F-1,209021
23208,F-1,209025
23209,F-1,209026
23210,F-1,209027
23211,F-1,209033
23212,F-1,209037
23213,F-1,209052
23214,F-1,209054
23215,F-1,209057
23216,F-1,209059
23217,F-1,209077
23218,F-1,209097
23219,F-1,209100
23220,F-1,209108
23221,F-1,209115
23222,F-1,209116
23223,F-1,209119
23224,F-1,209122
23225,F-1,209129
23226,F-1,209135
23227,F-1,209153
23228,F-1,209155
23229,F-1,209159
23230,F-1,209163
23231,F-1,209166
23232,F-1,209169
23233,F-1,209171
23234,F-1,209176
23235,F-1,209183
23236,F-1,209192
23237,F-1,209202
23238,F-1,209206
23239,F-1,209211
23240,F-1,209225
23241,F-1,209227
23242,F-1,209232
23243,F-1,209236
23244,F-1,209240
23245,F-1,209251
23246,F-1,209253
23247,F-1,209261
23248,F-1,209263
23249,F-1,209264
23250,F-1,209266
23251,F-1,209267
23252,F-1,209268
23253,F-1,209269
23254,F-1,209270
23255,F-1,209271
23256,F-1,209282
23257,F-1,209289
23258,F-1,209294
23259,F-1,209295
23260,F-1,209297
23261,F-1,209299
23262,F-1,209306
23263,F-1,209308
23264,F-1,209312
23265,F-1,209320
23266,F-1,209322
23267,F-1,209328
23268,F-1,209329
23269,F-1,209331
23270,F-1,209336
23271,F-1,209339
23272,F-1,209346
23273,F-1,209350
23274,F-1,209366
23275,F-1,209371
23276,F-1,209379
23277,F-1,209381
23278,F-1,209382
23279,F-1,209385
23280,F-1,209401
23281,F-1,209406
23282,F-1,209410
23283,F-1,209414
23284,F-1,209417
23285,F-1,209420
23286,F-1,209431
23287,F-1,209438
23288,F-1,209440
23289,F-1,209443
23290,F-1,209467
23291,F-1,209481
23292,F-1,209490
23293,F-1,209493
23294,F-1,209502
23295,F-1,209508
23296,F-1,209511
23297,F-1,209512
23298,F-1,209517
23299,F-1,209518
23300,F-1,209520
23301,F-1,209525
23302,F-1,209539
23303,F-1,209541
23304,F-1,209546
23305,F-1,209548
23306,F-1,209554
23307,F-1,209561
23308,F-1,209567
23309,F-1,209575
23310,F-1,209576
23311,F-1,209577
23312,F-1,209589
23313,F-1,209599
23314,F-1,209603
23315,F-1,209605
23316,F-1,209608
23317,F-1,209612
23318,F-1,209614
23319,F-1,209621
23320,F-1,209624
23321,F-1,209634
23322,F-1,209636
23323,F-1,209637
23324,F-1,209638
23325,F-1,209642
23326,F-1,209643
23327,F-1,209646
23328,F-1,209648
23329,F-1,209652
23330,F-1,209661
23331,F-1,209671
23332,F-1,209672
23333,F-1,209674
23334,F-1,209676
23335,F-1,209679
23336,F-1,209680
23337,F-1,209685
23338,F-1,209689
23339,F-1,209693
23340,F-1,209700
23341,F-1,209704
23342,F-1,209706
23343,F-1,209709
23344,F-1,209720
23345,F-1,209725
23346,F-1,209726
23347,F-1,209741
23348,F-1,209742
23349,F-1,209748
23350,F-1,209751
23351,F-1,209759
23352,F-1,209761
23353,F-1,209769
23354,F-1,209773
23355,F-1,209776
23356,F-1,209777
23357,F-1,209794
23358,F-1,209797
23359,F-1,209802
23360,F-1,209804
23361,F-1,209806
23362,F-1,209813
23363,F-1,209815
23364,F-1,209818
23365,F-1,209821
23366,F-1,209823
23367,F-1,209830
23368,F-1,209833
23369,F-1,209837
23370,F-1,209839
23371,F-1,209841
23372,F-1,209847
23373,F-1,209849
23374,F-1,209863
23375,F-1,209870
23376,F-1,209873
23377,F-1,209884
23378,F-1,209888
23379,F-1,209894
23380,F-1,209905
23381,F-1,209907
23382,F-1,209919
23383,F-1,209929
23384,F-1,209930
23385,F-1,209936
23386,F-1,209938
23387,F-1,209947
23388,F-1,209958
23389,F-1,209959
23390,F-1,209961
23391,F-1,209963
23392,F-1,209966
23393,F-1,209969
23394,F-1,209979
23395,F-1,209984
23396,F-1,209985
23397,F-1,209989
23398,F-1,209993
23399,F-1,209998
23400,F-1,210001
23401,F-1,210008
23402,F-1,210017
23403,F-1,210019
23404,F-1,210020
23405,F-1,210021
23406,F-1,210039
23407,F-1,210047
23408,F-1,210049
23409,F-1,210055
23410,F-1,210063
23411,F-1,210070
23412,F-1,210077
23413,F-1,210080
23414,F-1,210081
23415,F-1,210082
23416,F-1,210088
23417,F-1,210089
23418,F-1,210090
23419,F-1,210093
23420,F-1,210095
23421,F-1,210108
23422,F-1,210114
23423,F-1,210118
23424,F-1,210123
23425,F-1,210124
23426,F-1,210135
23427,F-1,210138
23428,F-1,210149
23429,F-1,210152
23430,F-1,210161
23431,F-1,210165
23432,F-1,210170
23433,F-1,210171
23434,F-1,210178
23435,F-1,210187
23436,F-1,210193
23437,F-1,210198
23438,F-1,210204
23439,F-1,210206
23440,F-1,210208
23441,F-1,210211
23442,F-1,210215
23443,F-1,210221
23444,F-1,210223
23445,F-1,210225
23446,F-1,210227
23447,F-1,210231
23448,F-1,210238
23449,F-1,210239
23450,F-1,210250
23451,F-1,210263
23452,F-1,210266
23453,F-1,210276
23454,F-1,210277
23455,F-1,210284
23456,F-1,210285
23457,F-1,210287
23458,F-1,210301
23459,F-1,210302
23460,F-1,210309
23461,F-1,210311
23462,F-1,210321
23463,F-1,210333
23464,F-1,210335
23465,F-1,210336
23466,F-1,210339
23467,F-1,210342
23468,F-1,210343
23469,F-1,210346
23470,F-1,210347
23471,F-1,210355
23472,F-1,210362
23473,F-1,210367
23474,F-1,210368
23475,F-1,210373
23476,F-1,210374
23477,F-1,210398
23478,F-1,210400
23479,F-1,210412
23480,F-1,210415
23481,F-1,210420
23482,F-1,210427
23483,F-1,210430
23484,F-1,210432
23485,F-1,210435
23486,F-1,210456
23487,F-1,210458
23488,F-1,210462
23489,F-1,210463
23490,F-1,210472
23491,F-1,210475
23492,F-1,210479
23493,F-1,210483
23494,F-1,210487
23495,F-1,210489
23496,F-1,210493
23497,F-1,210498
23498,F-1,210500
23499,F-1,210508
23500,F-1,210509
23501,F-1,210514
23502,F-1,210522
23503,F-1,210528
23504,F-1,210534
23505,F-1,210545
23506,F-1,210548
23507,F-1,210549
23508,F-1,210550
23509,F-1,210555
23510,F-1,210556
23511,F-1,210558
23512,F-1,210568
23513,F-1,210571
23514,F-1,210580
23515,F-1,210584
23516,F-1,210585
23517,F-1,210588
23518,F-1,210593
23519,F-1,210594
23520,F-1,210595
23521,F-1,210597
23522,F-1,210605
23523,F-1,210608
23524,F-1,210618
23525,F-1,210619
23526,F-1,210620
23527,F-1,210623
23528,F-1,210626
23529,F-1,210629
23530,F-1,210632
23531,F-1,210634
23532,F-1,210636
23533,F-1,210637
23534,F-1,210641
23535,F-1,210644
23536,F-1,210647
23537,F-1,210661
23538,F-1,210666
23539,F-1,210671
23540,F-1,210674
23541,F-1,210685
23542,F-1,210689
23543,F-1,210708
23544,F-1,210714
23545,F-1,210721
23546,F-1,210737
23547,F-1,210739
23548,F-1,210740
23549,F-1,210754
23550,F-1,210772
23551,F-1,210780
23552,F-1,210781
23553,F-1,210783
23554,F-1,210787
23555,F-1,210789
23556,F-1,210795
23557,F-1,210797
23558,F-1,210801
23559,F-1,210810
23560,F-1,210814
23561,F-1,210819
23562,F-1,210832
23563,F-1,210833
23564,F-1,210839
23565,F-1,210843
23566,F-1,210849
23567,F-1,210858
23568,F-1,210859
23569,F-1,210869
23570,F-1,210885
23571,F-1,210886
23572,F-1,210893
23573,F-1,210895
23574,F-1,210903
23575,F-1,210906
23576,F-1,210907
23577,F-1,210909
23578,F-1,210913
23579,F-1,210915
23580,F-1,210921
23581,F-1,210931
23582,F-1,210934
23583,F-1,210937
23584,F-1,210939
23585,F-1,210941
23586,F-1,210943
23587,F-1,210949
23588,F-1,210956
23589,F-1,210960
23590,F-1,210961
23591,F-1,210970
23592,F-1,210971
23593,F-1,210973
23594,F-1,210978
23595,F-1,210982
23596,F-1,210985
23597,F-1,210987
23598,F-1,210999
23599,F-1,211013
23600,F-1,211019
23601,F-1,211022
23602,F-1,211026
23603,F-1,211040
23604,F-1,211045
23605,F-1,211046
23606,F-1,211050
23607,F-1,211053
23608,F-1,211055
23609,F-1,211056
23610,F-1,211060
23611,F-1,211069
23612,F-1,211070
23613,F-1,211078
23614,F-1,211082
23615,F-1,211083
23616,F-1,211084
23617,F-1,211091
23618,F-1,211092
23619,F-1,211097
23620,F-1,211112
23621,F-1,211116
23622,F-1,211117
23623,F-1,211121
23624,F-1,211123
23625,F-1,211137
23626,F-1,211144
23627,F-1,211149
23628,F-1,211154
23629,F-1,211155
23630,F-1,211158
23631,F-1,211164
23632,F-1,211169
23633,F-1,211173
23634,F-1,211177
23635,F-1,211186
23636,F-1,211194
23637,F-1,211196
23638,F-1,211206
23639,F-1,211217
23640,F-1,211218
23641,F-1,211228
23642,F-1,211230
23643,F-1,211245
23644,F-1,211250
23645,F-1,211271
23646,F-1,211277
23647,F-1,211281
23648,F-1,211292
23649,F-1,211297
23650,F-1,211299
23651,F-1,211304
23652,F-1,211316
23653,F-1,211317
23654,F-1,211319
23655,F-1,211320
23656,F-1,211321
23657,F-1,211325
23658,F-1,211328
23659,F-1,211342
23660,F-1,211344
23661,F-1,211346
23662,F-1,211349
23663,F-1,211357
23664,F-1,211360
23665,F-1,211365
23666,F-1,211369
23667,F-1,211370
23668,F-1,211372
23669,F-1,211376
23670,F-1,211384
23671,F-1,211388
23672,F-1,211390
23673,F-1,211401
23674,F-1,211403
23675,F-1,211409
23676,F-1,211411
23677,F-1,211417
23678,F-1,211440
23679,F-1,211441
23680,F-1,211446
23681,F-1,211456
23682,F-1,211458
23683,F-1,211462
23684,F-1,211465
23685,F-1,211473
23686,F-1,211481
23687,F-1,211485
23688,F-1,211489
23689,F-1,211490
23690,F-1,211499
23691,F-1,211503
23692,F-1,211504
23693,F-1,211517
23694,F-1,211520
23695,F-1,211526
23696,F-1,211534
23697,F-1,211536
23698,F-1,211537
23699,F-1,211539
23700,F-1,211542
23701,F-1,211549
23702,F-1,211551
23703,F-1,211564
23704,F-1,211569
23705,F-1,211570
23706,F-1,211572
23707,F-1,211573
23708,F-1,211575
23709,F-1,211581
23710,F-1,211582
23711,F-1,211598
23712,F-1,211601
23713,F-1,211607
23714,F-1,211611
23715,F-1,211613
23716,F-1,211616
23717,F-1,211632
23718,F-1,211633
23719,F-1,211646
23720,F-1,211651
23721,F-1,211657
23722,F-1,211661
23723,F-1,211670
23724,F-1,211674
23725,F-1,211680
23726,F-1,211683
23727,F-1,211684
23728,F-1,211686
23729,F-1,211687
23730,F-1,211690
23731,F-1,211695
23732,F-1,211700
23733,F-1,211710
23734,F-1,211713
23735,F-1,211714
23736,F-1,211717
23737,F-1,211721
23738,F-1,211724
23739,F-1,211729
23740,F-1,211737
23741,F-1,211741
23742,F-1,211744
23743,F-1,211748
23744,F-1,211753
23745,F-1,211763
23746,F-1,211770
23747,F-1,211776
23748,F-1,211781
23749,F-1,211792
23750,F-1,211797
23751,F-1,211800
23752,F-1,211804
23753,F-1,211808
23754,F-1,211815
23755,F-1,211825
23756,F-1,211826
23757,F-1,211837
23758,F-1,211844
23759,F-1,211858
23760,F-1,211864
23761,F-1,211869
23762,F-1,211877
23763,F-1,211879
23764,F-1,211880
23765,F-1,211889
23766,F-1,211891
23767,F-1,211897
23768,F-1,211898
23769,F-1,211899
23770,F-1,211901
23771,F-1,211906
23772,F-1,211916
23773,F-1,211930
23774,F-1,211938
23775,F-1,211939
23776,F-1,211940
23777,F-1,211941
23778,F-1,211944
23779,F-1,211951
23780,F-1,211957
23781,F-1,211966
23782,F-1,211967
23783,F-1,211968
23784,F-1,211972
23785,F-1,211980
23786,F-1,211987
23787,F-1,212011
23788,F-1,212012
23789,F-1,212022
23790,F-1,212043
23791,F-1,212045
23792,F-1,212056
23793,F-1,212062
23794,F-1,212066
23795,F-1,212070
23796,F-1,212079
23797,F-1,212080
23798,F-1,212082
23799,F-1,212086
23800,F-1,212088
23801,F-1,212092
23802,F-1,212098
23803,F-1,212103
23804,F-1,212132
23805,F-1,212149
23806,F-1,212150
23807,F-1,212164
23808,F-1,212171
23809,F-1,212173
23810,F-1,212176
23811,F-1,212177
23812,F-1,212185
23813,F-1,212186
23814,F-1,212192
23815,F-1,212200
23816,F-1,212208
23817,F-1,212209
23818,F-1,212221
23819,F-1,212223
23820,F-1,212231
23821,F-1,212236
23822,F-1,212240
23823,F-1,212248
23824,F-1,212251
23825,F-1,212254
23826,F-1,212255
23827,F-1,212256
23828,F-1,212257
23829,F-1,212259
23830,F-1,212264
23831,F-1,212267
23832,F-1,212279
23833,F-1,212281
23834,F-1,212285
23835,F-1,212286
23836,F-1,212288
23837,F-1,212302
23838,F-1,212304
23839,F-1,212305
23840,F-1,212311
23841,F-1,212323
23842,F-1,212328
23843,F-1,212332
23844,F-1,212342
23845,F-1,212343
23846,F-1,212346
23847,F-1,212349
23848,F-1,212350
23849,F-1,212354
23850,F-1,212358
23851,F-1,212362
23852,F-1,212370
23853,F-1,212372
23854,F-1,212380
23855,F-1,212381
23856,F-1,212388
23857,F-1,212390
23858,F-1,212392
23859,F-1,212394
23860,F-1,212395
23861,F-1,212411
23862,F-1,212413
23863,F-1,212415
23864,F-1,212423
23865,F-1,212429
23866,F-1,212430
23867,F-1,212447
23868,F-1,212449
23869,F-1,212453
23870,F-1,212459
23871,F-1,212465
23872,F-1,212476
23873,F-1,212482
23874,F-1,212489
23875,F-1,212491
23876,F-1,212499
23877,F-1,212501
23878,F-1,212503
23879,F-1,212505
23880,F-1,212507
23881,F-1,212509
23882,F-1,212510
23883,F-1,212513
23884,F-1,212520
23885,F-1,212523
23886,F-1,212524
23887,F-1,212537
23888,F-1,212539
23889,F-1,212549
23890,F-1,212550
23891,F-1,212552
23892,F-1,212553
23893,F-1,212554
23894,F-1,212555
23895,F-1,212556
23896,F-1,212563
23897,F-1,212568
23898,F-1,212572
23899,F-1,212579
23900,F-1,212580
23901,F-1,212583
23902,F-1,212586
23903,F-1,212598
23904,F-1,212603
23905,F-1,212604
23906,F-1,212610
23907,F-1,212614
23908,F-1,212623
23909,F-1,212634
23910,F-1,212639
23911,F-1,212645
23912,F-1,212649
23913,F-1,212656
23914,F-1,212657
23915,F-1,212659
23916,F-1,212664
23917,F-1,212670
23918,F-1,212676
23919,F-1,212679
23920,F-1,212684
23921,F-1,212712
23922,F-1,212717
23923,F-1,212720
23924,F-1,212722
23925,F-1,212723
23926,F-1,212724
23927,F-1,212734
23928,F-1,212743
23929,F-1,212744
23930,F-1,212749
23931,F-1,212750
23932,F-1,212766
23933,F-1,212777
23934,F-1,212780
23935,F-1,212783
23936,F-1,212785
23937,F-1,212786
23938,F-1,212790
23939,F-1,212793
23940,F-1,212794
23941,F-1,212803
23942,F-1,212804
23943,F-1,212811
23944,F-1,212819
23945,F-1,212821
23946,F-1,212827
23947,F-1,212838
23948,F-1,212843
23949,F-1,212849
23950,F-1,212851
23951,F-1,212870
23952,F-1,212874
23953,F-1,212878
23954,F-1,212882
23955,F-1,212883
23956,F-1,212885
23957,F-1,212887
23958,F-1,212889
23959,F-1,212890
23960,F-1,212892
23961,F-1,212899
23962,F-1,212903
23963,F-1,212904
23964,F-1,212909
23965,F-1,212912
23966,F-1,212922
23967,F-1,212924
23968,F-1,212927
23969,F-1,212932
23970,F-1,212935
23971,F-1,212938
23972,F-1,212940
23973,F-1,212942
23974,F-1,212947
23975,F-1,212948
23976,F-1,212951
23977,F-1,212953
23978,F-1,212956
23979,F-1,212966
23980,F-1,212969
23981,F-1,212973
23982,F-1,212975
23983,F-1,212976
23984,F-1,212984
23985,F-1,212996
23986,F-1,212998
23987,F-1,213000
23988,F-1,213002
23989,F-1,213013
23990,F-1,213019
23991,F-1,213022
23992,F-1,213033
23993,F-1,213036
23994,F-1,213038
23995,F-1,213041
23996,F-1,213043
23997,F-1,213048
23998,F-1,213053
23999,F-1,213061
24000,F-4,213065
24001,F-4,213066
24002,F-4,213067
24003,F-4,213068
24004,F-4,213069
24005,F-4,213070
24006,F-4,213071
24007,F-4,213072
24008,F-4,213073
24009,F-4,213074
24010,F-4,213075
24011,F-4,213076
24012,F-4,213077
24013,F-4,213078
24014,F-4,213079
24015,F-4,213080
24016,F-4,213081
24017,F-4,213082
24018,F-4,213083
24019,F-4,213084
24020,F-4,213085
24021,F-4,213086
24022,F-4,213087
24023,F-4,213088
24024,F-4,213089
24025,F-4,213090
24026,F-4,213091
24027,F-4,213092
24028,F-4,213093
24029,F-4,213094
24030,F-4,213095
24031,F-4,213096
24032,F-4,213097
24033,F-4,213098
24034,F-4,213099
24035,F-4,213100
24036,F-4,213101
24037,F-4,213102
24038,F-4,213103
24039,F-4,213104
24040,F-4,213105
24041,F-4,213106
24042,F-4,213107
24043,F-4,213108
24044,F-4,213109
24045,F-4,213110
24046,F-4,213111
24047,F-4,213112
24048,F-4,213113
24049,F-4,213114
24050,F-4,213115
24051,F-4,213116
24052,F-4,213117
24053,F-4,213118
24054,F-4,213119
24055,F-4,213120
24056,F-4,213121
24057,F-4,213122
24058,F-4,213123
24059,F-4,213124
24060,F-4,213125
24061,F-4,213126
24062,F-4,213127
24063,F-4,213128
24064,F-4,213129
24065,F-4,213130
24066,F-4,213131
24067,F-4,213132
24068,F-4,213133
24069,F-4,213134
24070,F-4,213135
24071,F-4,213136
24072,F-4,213137
24073,F-4,213138
24074,F-4,213139
24075,F-4,213140
24076,F-4,213141
24077,F-4,213142
24078,F-4,213143
24079,F-4,213144
24080,F-4,213145
24081,F-4,213146
24082,F-4,213147
24083,F-4,213148
24084,F-4,213149
24085,F-4,213150
24086,F-4,213151
24087,F-4,213152
24088,F-4,213153
24089,F-4,213154
24090,F-4,213155
24091,F-4,213156
24092,F-4,213157
24093,F-4,213158
24094,F-4,213159
24095,F-4,213160
24096,F-4,213161
24097,F-4,213162
24098,F-4,213163
24099,F-4,213164
24100,F-4,213165
24101,F-4,213166
24102,F-4,213167
24103,F-4,213168
24104,F-4,213169
24105,F-4,213170
24106,F-4,213171
24107,F-4,213172
24108,F-4,213173
24109,F-4,213174
24110,F-4,213175
24111,F-4,213176
24112,F-4,213177
24113,F-4,213178
24114,F-4,213179
24115,F-4,213180
24116,F-4,213181
24117,F-4,213182
24118,F-4,213183
24119,F-4,213184
24120,F-4,213185
24121,F-4,213186
24122,F-4,213187
24123,F-4,213188
24124,F-4,213189
24125,F-4,213190
24126,F-4,213191
24127,F-4,213192
24128,F-4,213193
24129,F-4,213194
24130,F-4,213195
24131,F-4,213196
24132,F-4,213197
24133,F-4,213198
24134,F-4,213199
24135,F-4,213200
24136,F-4,213201
24137,F-4,213202
24138,F-4,213203
24139,F-4,213204
24140,F-4,213205
24141,F-4,213206
24142,F-4,213207
24143,F-4,213208
24144,F-4,213209
24145,F-4,213210
24146,F-4,213211
24147,F-4,213212
24148,F-4,213213
24149,F-4,213214
24150,F-4,213215
24151,F-4,213216
24152,F-4,213217
24153,F-4,213218
24154,F-4,213219
24155,F-4,213220
24156,F-4,213221
24157,F-4,213222
24158,F-4,213223
24159,F-4,213224
24160,F-4,213225
24161,F-4,213226
24162,F-4,213227
24163,F-4,213228
24164,F-4,213229
24165,F-4,213230
24166,F-4,213231
24167,F-4,213232
24168,F-4,213233
24169,F-4,213234
24170,F-4,213235
24171,F-4,213236
24172,F-4,213237
24173,F-4,213238
24174,F-4,213239
24175,F-4,213240
24176,F-4,213241
24177,F-4,213242
24178,F-4,213243
24179,F-4,213244
24180,F-4,213245
24181,F-4,213246
24182,F-4,213247
24183,F-4,213248
24184,F-4,213249
24185,F-4,213250
24186,F-4,213251
24187,F-4,213252
24188,F-4,213253
24189,F-4,213254
24190,F-4,213255
24191,F-4,213256
24192,F-4,213257
24193,F-4,213258
24194,F-4,213259
24195,F-4,213260
24196,F-4,213261
24197,F-4,213262
24198,F-4,213263
24199,F-4,213264
24200,F-4,213265
24201,F-4,213266
24202,F-4,213267
24203,F-4,213268
24204,F-4,213269
24205,F-4,213270
24206,F-4,213271
24207,F-4,213272
24208,F-4,213273
24209,F-4,213274
24210,F-4,213275
24211,F-4,213276
24212,F-4,213277
24213,F-4,213278
24214,F-4,213279
24215,F-4,213280
24216,F-4,213281
24217,F-4,213282
24218,F-4,213283
24219,F-4,213284
24220,F-4,213285
24221,F-4,213286
24222,F-4,213287
24223,F-4,213288
24224,F-4,213289
24225,F-4,213290
24226,F-4,213291
24227,F-4,213292
24228,F-4,213293
24229,F-4,213294
24230,F-4,213295
24231,F-4,213296
24232,F-4,213297
24233,F-4,213298
24234,F-4,213299
24235,F-4,213300
24236,F-4,213301
24237,F-4,213302
24238,F-4,213303
24239,F-4,213304
24240,F-4,213305
24241,F-4,213306
24242,F-4,213307
24243,F-4,213308
24244,F-4,213309
24245,F-4,213310
24246,F-4,213311
24247,F-4,213312
24248,F-4,213313
24249,F-4,213314
24250,F-4,213315
24251,F-4,213316
24252,F-4,213317
24253,F-4,213318
24254,F-4,213319
24255,F-4,213320
24256,F-4,213321
24257,F-4,213322
24258,F-4,213323
24259,F-4,213324
24260,F-4,213325
24261,F-4,213326
24262,F-4,213327
24263,F-4,213328
24264,F-4,213329
24265,F-4,213330
24266,F-4,213331
24267,F-4,213332
24268,F-4,213333
24269,F-4,213334
24270,F-4,213335
24271,F-4,213336
24272,F-4,213337
24273,F-4,213338
24274,F-4,213339
24275,F-4,213340
24276,F-4,213341
24277,F-4,213342
24278,F-4,213343
24279,F-4,213344
24280,F-4,213345
24281,F-4,213346
24282,F-4,213347
24283,F-4,213348
24284,F-4,213349
24285,F-4,213350
24286,F-4,213351
24287,F-4,213352
24288,F-4,213353
24289,F-4,213354
24290,F-4,213355
24291,F-4,213356
24292,F-4,213357
24293,F-4,213358
24294,F-4,213359
24295,F-4,213360
24296,F-4,213361
24297,F-4,213362
24298,F-4,213363
24299,F-4,213364
24300,F-4,213365
24301,F-4,213366
24302,F-4,213367
24303,F-4,213368
24304,F-4,213369
24305,F-4,213370
24306,F-4,213371
24307,F-4,213372
24308,F-4,213373
24309,F-4,213374
24310,F-4,213375
24311,F-4,213376
24312,F-4,213377
24313,F-4,213378
24314,F-4,213379
24315,F-4,213380
24316,F-4,213381
24317,F-4,213382
24318,F-4,213383
24319,F-4,213384
24320,F-4,213385
24321,F-4,213386
24322,F-4,213387
24323,F-4,213388
24324,F-4,213389
24325,F-4,213390
24326,F-4,213391
24327,F-4,213392
24328,F-4,213393
24329,F-4,213394
24330,F-4,213395
24331,F-4,213396
24332,F-4,213397
24333,F-4,213398
24334,F-4,213399
24335,F-4,213400
24336,F-4,213401
24337,F-4,213402
24338,F-4,213403
24339,F-4,213404
24340,F-4,213405
24341,F-4,213406
24342,F-4,213407
24343,F-4,213408
24344,F-4,213409
24345,F-4,213410
24346,F-4,213411
24347,F-4,213412
24348,F-4,213413
24349,F-4,213414
24350,F-4,213415
24351,F-4,213416
24352,F-4,213417
24353,F-4,213418
24354,F-4,213419
24355,F-4,213420
24356,F-4,213421
24357,F-4,213422
24358,F-4,213423
24359,F-4,213424
24360,F-4,213425
24361,F-4,213426
24362,F-4,213427
24363,F-4,213428
24364,F-4,213429
24365,F-4,213430
24366,F-4,213431
24367,F-4,213432
24368,F-4,213433
24369,F-4,213434
24370,F-4,213435
24371,F-4,213436
24372,F-4,213437
24373,F-4,213438
24374,F-4,213439
24375,F-4,213440
24376,F-4,213441
24377,F-4,213442
24378,F-4,213443
24379,F-4,213444
24380,F-4,213445
24381,F-4,213446
24382,F-4,213447
24383,F-4,213448
24384,F-4,213449
24385,F-4,213450
24386,F-4,213451
24387,F-4,213452
24388,F-4,213453
24389,F-4,213454
24390,F-4,213455
24391,F-4,213456
24392,F-4,213457
24393,F-4,213458
24394,F-4,213459
24395,F-4,213460
24396,F-4,213461
24397,F-4,213462
24398,F-4,213463
24399,F-4,213464
24400,F-4,213465
24401,F-4,213466
24402,F-4,213467
24403,F-4,213468
24404,F-4,213469
24405,F-4,213470
24406,F-4,213471
24407,F-4,213472
24408,F-4,213473
24409,F-4,213474
24410,F-4,213475
24411,F-4,213476
24412,F-4,213477
24413,F-4,213478
24414,F-4,213479
24415,F-4,213480
24416,F-4,213481
24417,F-4,213482
24418,F-4,213483
24419,F-4,213484
24420,F-4,213485
24421,F-4,213486
24422,F-4,213487
24423,F-4,213488
24424,F-4,213489
24425,F-4,213490
24426,F-4,213491
24427,F-4,213492
24428,F-4,213493
24429,F-4,213494
24430,F-4,213495
24431,F-4,213496
24432,F-4,213497
24433,F-4,213498
24434,F-4,213499
24435,F-4,213500
24436,F-4,213501
24437,F-4,213502
24438,F-4,213503
24439,F-4,213504
24440,F-4,213505
24441,F-4,213506
24442,F-4,213507
24443,F-4,213508
24444,F-4,213509
24445,F-4,213510
24446,F-4,213511
24447,F-4,213512
24448,F-4,213513
24449,F-4,213514
24450,F-4,213515
24451,F-4,213516
24452,F-4,213517
24453,F-4,213518
24454,F-4,213519
24455,F-4,213520
24456,F-4,213521
24457,F-4,213522
24458,F-4,213523
24459,F-4,213524
24460,F-4,213525
24461,F-4,213526
24462,F-4,213527
24463,F-4,213528
24464,F-4,213529
24465,F-4,213530
24466,F-4,213531
24467,F-4,213532
24468,F-4,213533
24469,F-4,213534
24470,F-4,213535
24471,F-4,213536
24472,F-4,213537
24473,F-4,213538
24474,F-4,213539
24475,F-4,213540
24476,F-4,213541
24477,F-4,213542
24478,F-4,213543
24479,F-4,213544
24480,F-4,213545
24481,F-4,213546
24482,F-4,213547
24483,F-4,213548
24484,F-4,213549
24485,F-4,213550
24486,F-4,213551
24487,F-4,213552
24488,F-4,213553
24489,F-4,213554
24490,F-4,213555
24491,F-4,213556
24492,F-4,213557
24493,F-4,213558
24494,F-4,213559
24495,F-4,213560
24496,F-4,213561
24497,F-4,213562
24498,F-4,213563
24499,F-4,213564
24500,F-4,213565
24501,F-4,213566
24502,F-4,213567
24503,F-4,213568
24504,F-4,213569
24505,F-4,213570
24506,F-4,213571
24507,F-4,213572
24508,F-4,213573
24509,F-4,213574
24510,F-4,213575
24511,F-4,213576
24512,F-4,213577
24513,F-4,213578
24514,F-4,213579
24515,F-4,213580
24516,F-4,213581
24517,F-4,213582
24518,F-4,213583
24519,F-4,213584
24520,F-4,213585
24521,F-4,213586
24522,F-4,213587
24523,F-4,213588
24524,F-4,213589
24525,F-4,213590
24526,F-4,213591
24527,F-4,213592
24528,F-4,213593
24529,F-4,213594
24530,F-4,213595
24531,F-4,213596
24532,F-4,213597
24533,F-4,213598
24534,F-4,213599
24535,F-4,213600
24536,F-4,213601
24537,F-4,213602
24538,F-4,213603
24539,F-4,213604
24540,F-4,213605
24541,F-4,213606
24542,F-4,213607
24543,F-4,213608
24544,F-4,213609
24545,F-4,213610
24546,F-4,213611
24547,F-4,213612
24548,F-4,213613
24549,F-4,213614
24550,F-4,213615
24551,F-4,213616
24552,F-4,213617
24553,F-4,213618
24554,F-4,213619
24555,F-4,213620
24556,F-4,213621
24557,F-4,213622
24558,F-4,213623
24559,F-4,213624
24560,F-4,213625
24561,F-4,213626
24562,F-4,213627
24563,F-4,213628
24564,F-4,213629
24565,F-4,213630
24566,F-4,213631
24567,F-4,213632
24568,F-4,213633
24569,F-4,213634
24570,F-4,213635
24571,F-4,213636
24572,F-4,213637
24573,F-4,213638
24574,F-4,213639
24575,F-4,213640
24576,F-4,213641
24577,F-4,213642
24578,F-4,213643
24579,F-4,213644
24580,F-4,213645
24581,F-4,213646
24582,F-4,213647
24583,F-4,213648
24584,F-4,213649
24585,F-4,213650
24586,F-4,213651
24587,F-4,213652
24588,F-4,213653
24589,F-4,213654
24590,F-4,213655
24591,F-4,213656
24592,F-4,213657
24593,F-4,213658
24594,F-4,213659
24595,F-4,213660
24596,F-4,213661
24597,F-4,213662
24598,F-4,213663
24599,F-4,213664
24600,F-4,213665
24601,F-4,213666
24602,F-4,213667
24603,F-4,213668
24604,F-4,213669
24605,F-4,213670
24606,F-4,213671
24607,F-4,213672
24608,F-4,213673
24609,F-4,213674
24610,F-4,213675
24611,F-4,213676
24612,F-4,213677
24613,F-4,213678
24614,F-4,213679
24615,F-4,213680
24616,F-4,213681
24617,F-4,213682
24618,F-4,213683
24619,F-4,213684
24620,F-4,213685
24621,F-4,213686
24622,F-4,213687
24623,F-4,213688
24624,F-4,213689
24625,F-4,213690
24626,F-4,213691
24627,F-4,213692
24628,F-4,213693
24629,F-4,213694
24630,F-4,213695
24631,F-4,213696
24632,F-4,213697
24633,F-4,213698
24634,F-4,213699
24635,F-4,213700
24636,F-4,213701
24637,F-4,213702
24638,F-4,213703
24639,F-4,213704
24640,F-4,213705
24641,F-4,213706
24642,F-4,213707
24643,F-4,213708
24644,F-4,213709
24645,F-4,213710
24646,F-4,213711
24647,F-4,213712
24648,F-4,213713
24649,F-4,213714
24650,F-4,213715
24651,F-4,213716
24652,F-4,213717
24653,F-4,213718
24654,F-4,213719
24655,F-4,213720
24656,F-4,213721
24657,F-4,213722
24658,F-4,213723
24659,F-4,213724
24660,F-4,213725
24661,F-4,213726
24662,F-4,213727
24663,F-4,213728
24664,F-4,213729
24665,F-4,213730
24666,F-4,213731
24667,F-4,213732
24668,F-4,213733
24669,F-4,213734
24670,F-4,213735
24671,F-4,213736
24672,F-4,213737
24673,F-4,213738
24674,F-4,213739
24675,F-4,213740
24676,F-4,213741
24677,F-4,213742
24678,F-4,213743
24679,F-4,213744
24680,F-4,213745
24681,F-4,213746
24682,F-4,213747
24683,F-4,213748
24684,F-4,213749
24685,F-4,213750
24686,F-4,213751
24687,F-4,213752
24688,F-4,213753
24689,F-4,213754
24690,F-4,213755
24691,F-4,213756
24692,F-4,213757
24693,F-4,213758
24694,F-4,213759
24695,F-4,213760
24696,F-4,213761
24697,F-4,213762
24698,F-4,213763
24699,F-4,213764
24700,F-4,213765
24701,F-4,213766
24702,F-4,213767
24703,F-4,213768
24704,F-4,213769
24705,F-4,213770
24706,F-4,213771
24707,F-4,213772
24708,F-4,213773
24709,F-4,213774
24710,F-4,213775
24711,F-4,213776
24712,F-4,213777
24713,F-4,213778
24714,F-4,213779
24715,F-4,213780
24716,F-4,213781
24717,F-4,213782
24718,F-4,213783
24719,F-4,213784
24720,F-4,213785
24721,F-4,213786
24722,F-4,213787
24723,F-4,213788
24724,F-4,213789
24725,F-4,213790
24726,F-4,213791
24727,F-4,213792
24728,F-4,213793
24729,F-4,213794
24730,F-4,213795
24731,F-4,213796
24732,F-4,213797
24733,F-4,213798
24734,F-4,213799
24735,F-4,213800
24736,F-4,213801
24737,F-4,213802
24738,F-4,213803
24739,F-4,213804
24740,F-4,213805
24741,F-4,213806
24742,F-4,213807
24743,F-4,213808
24744,F-4,213809
24745,F-4,213810
24746,F-4,213811
24747,F-4,213812
24748,F-4,213813
24749,F-4,213814
24750,F-4,213815
24751,F-4,213816
24752,F-4,213817
24753,F-4,213818
24754,F-4,213819
24755,F-4,213820
24756,F-4,213821
24757,F-4,213822
24758,F-4,213823
24759,F-4,213824
24760,F-4,213825
24761,F-4,213826
24762,F-4,213827
24763,F-4,213828
24764,F-4,213829
24765,F-4,213830
24766,F-4,213831
24767,F-4,213832
24768,F-4,213833
24769,F-4,213834
24770,F-4,213835
24771,F-4,213836
24772,F-4,213837
24773,F-4,213838
24774,F-4,213839
24775,F-4,213840
24776,F-4,213841
24777,F-4,213842
24778,F-4,213843
24779,F-10,213845
24780,F-10,213847
24781,F-10,213851
24782,F-10,213852
24783,F-10,213862
24784,F-10,213866
24785,F-10,213867
24786,F-10,213869
24787,F-10,213872
24788,F-10,213874
24789,F-10,213877
24790,F-10,213880
24791,F-10,213884
24792,F-10,213885
24793,F-10,213886
24794,F-10,213890
24795,F-10,213892
24796,F-10,213895
24797,F-10,213896
24798,F-10,213906
24799,F-10,213915
24800,F-10,213919
24801,F-10,213920
24802,F-10,213926
24803,F-10,213930
24804,F-10,213932
24805,F-10,213934
24806,F-10,213944
24807,F-10,213953
24808,F-10,213955
24809,F-10,213964
24810,F-10,213965
24811,F-10,213968
24812,F-10,213969
24813,F-10,213976
24814,F-10,213978
24815,F-10,213979
24816,F-10,213983
24817,F-10,213985
24818,F-10,213996
24819,F-10,214006
24820,F-10,214015
24821,F-10,214021
24822,F-10,214029
24823,F-10,214031
24824,F-10,214038
24825,F-10,214040
24826,F-10,214042
24827,F-10,214044
24828,F-10,214047
24829,F-10,214057
24830,F-10,214074
24831,F-10,214075
24832,F-10,214078
24833,F-10,214085
24834,F-10,214089
24835,F-10,214093
24836,F-10,214098
24837,F-10,214106
24838,F-10,214108
24839,F-10,214109
24840,F-10,214120
24841,F-10,214132
24842,F-10,214137
24843,F-10,214142
24844,F-10,214147
24845,F-10,214150
24846,F-10,214151
24847,F-10,214164
24848,F-10,214165
24849,F-10,214166
24850,F-10,214169
24851,F-10,214179
24852,F-10,214182
24853,F-10,214191
24854,F-10,214194
24855,F-10,214197
24856,F-10,214198
24857,F-10,214205
24858,F-10,214209
24859,F-10,214210
24860,F-10,214212
24861,F-10,214226
24862,F-10,214234
24863,F-10,214239
24864,F-10,214240
24865,F-10,214253
24866,F-10,214254
24867,F-10,214260
24868,F-10,214267
24869,F-10,214281
24870,F-10,214282
24871,F-10,214283
24872,F-10,214286
24873,F-10,214295
24874,F-10,214303
24875,F-10,214306
24876,F-10,214315
24877,F-10,214320
24878,F-10,214323
24879,F-10,214325
24880,F-10,214327
24881,F-10,214335
24882,F-10,214336
24883,F-10,214343
24884,F-10,214354
24885,F-10,214355
24886,F-10,214359
24887,F-10,214372
24888,F-10,214374
24889,F-10,214376
24890,F-10,214378
24891,F-10,214379
24892,F-10,214385
24893,F-10,214392
24894,F-10,214396
24895,F-10,214408
24896,F-10,214410
24897,F-10,214411
24898,F-10,214415
24899,F-10,214419
24900,F-10,214424
24901,F-10,214433
24902,F-10,214434
24903,F-10,214438
24904,F-10,214439
24905,F-10,214442
24906,F-10,214443
24907,F-10,214446
24908,F-10,214454
24909,F-10,214458
24910,F-10,214462
24911,F-10,214466
24912,F-10,214472
24913,F-10,214488
24914,F-10,214492
24915,F-10,214505
24916,F-10,214509
24917,F-10,214511
24918,F-10,214515
24919,F-10,214517
24920,F-10,214518
24921,F-10,214525
24922,F-10,214528
24923,F-10,214535
24924,F-10,214542
24925,F-10,214551
24926,F-10,214567
24927,F-10,214568
24928,F-10,214571
24929,F-10,214574
24930,F-10,214575
24931,F-10,214584
24932,F-10,214588
24933,F-10,214589
24934,F-10,214590
24935,F-10,214597
24936,F-10,214598
24937,F-10,214599
24938,F-10,214602
24939,F-10,214609
24940,F-10,214611
24941,F-10,214618
24942,F-10,214622
24943,F-10,214630
24944,F-10,214638
24945,F-10,214639
24946,F-10,214645
24947,F-10,214650
24948,F-10,214652
24949,F-10,214662
24950,F-10,214674
24951,F-10,214675
24952,F-10,214678
24953,F-10,214681
24954,F-10,214682
24955,F-10,214689
24956,F-10,214695
24957,F-10,214696
24958,F-10,214698
24959,F-10,214701
24960,F-10,214709
24961,F-10,214712
24962,F-10,214718
24963,F-10,214723
24964,F-10,214726
24965,F-10,214729
24966,F-10,214735
24967,F-10,214740
24968,F-10,214741
24969,F-10,214744
24970,F-10,214745
24971,F-10,214746
24972,F-10,214747
24973,F-10,214751
24974,F-10,214753
24975,F-10,214760
24976,F-10,214762
24977,F-10,214764
24978,F-10,214765
24979,F-10,214766
24980,F-10,214771
24981,F-10,214773
24982,F-10,214776
24983,F-10,214777
24984,F-10,214789
24985,F-10,214800
24986,F-10,214804
24987,F-10,214810
24988,F-10,214814
24989,F-10,214823
24990,F-10,214826
24991,F-10,214828
24992,F-10,214836
24993,F-10,214837
24994,F-10,214840
24995,F-10,214846
24996,F-10,214850
24997,F-10,214857
24998,F-10,214861
24999,F-10,214865
25000,F-10,214871
25001,F-10,214878
25002,F-10,214881
25003,F-10,214884
25004,F-10,214885
25005,F-10,214889
25006,F-10,214901
25007,F-10,214905
25008,F-10,214911
25009,F-10,214912
25010,F-10,214922
25011,F-10,214926
25012,F-10,214935
25013,F-10,214938
25014,F-10,214939
25015,F-10,214941
25016,F-10,214946
25017,F-10,214949
25018,F-10,214955
25019,F-10,214958
25020,F-10,214965
25021,F-10,214966
25022,F-10,214972
25023,F-10,214973
25024,F-10,214974
25025,F-10,214987
25026,F-10,214989
25027,F-10,214994
25028,F-10,215000
25029,F-10,215006
25030,F-10,215021
25031,F-10,215024
25032,F-10,215033
25033,F-10,215044
25034,F-10,215052
25035,F-10,215056
25036,F-10,215057
25037,F-10,215065
25038,F-10,215070
25039,F-10,215083
25040,F-10,215084
25041,F-10,215086
25042,F-10,215093
25043,F-10,215097
25044,F-10,215102
25045,F-10,215103
25046,F-10,215104
25047,F-10,215107
25048,F-10,215109
25049,F-10,215112
25050,F-10,215118
25051,F-10,215120
25052,F-10,215126
25053,F-10,215127
25054,F-10,215131
25055,F-10,215136
25056,F-10,215145
25057,F-10,215147
25058,F-10,215148
25059,F-10,215149
25060,F-10,215160
25061,F-10,215162
25062,F-10,215163
25063,F-10,215167
25064,F-10,215169
25065,F-10,215175
25066,F-10,215185
25067,F-10,215188
25068,F-10,215193
25069,F-10,215199
25070,F-10,215200
25071,F-10,215202
25072,F-10,215208
25073,F-10,215213
25074,F-10,215214
25075,F-10,215220
25076,F-10,215223
25077,F-10,215228
25078,F-10,215234
25079,F-10,215236
25080,F-10,215239
25081,F-10,215241
25082,F-10,215242
25083,F-10,215243
25084,F-10,215244
25085,F-10,215248
25086,F-10,215250
25087,F-10,215259
25088,F-10,215263
25089,F-10,215265
25090,F-10,215267
25091,F-10,215270
25092,F-10,215271
25093,F-10,215272
25094,F-10,215276
25095,F-10,215280
25096,F-10,215285
25097,F-10,215293
25098,F-10,215295
25099,F-10,215296
25100,F-10,215297
25101,F-10,215304
25102,F-10,215329
25103,F-10,215330
25104,F-10,215341
25105,F-10,215342
25106,F-10,215347
25107,F-10,215350
25108,F-10,215352
25109,F-10,215359
25110,F-10,215360
25111,F-10,215364
25112,F-10,215366
25113,F-10,215372
25114,F-10,215378
25115,F-10,215384
25116,F-10,215388
25117,F-10,215401
25118,F-10,215403
25119,F-10,215410
25120,F-10,215414
25121,F-10,215415
25122,F-10,215418
25123,F-10,215419
25124,F-10,215422
25125,F-10,215432
25126,F-10,215434
25127,F-10,215435
25128,F-10,215441
25129,F-10,215445
25130,F-10,215450
25131,F-10,215452
25132,F-10,215453
25133,F-10,215460
25134,F-10,215461
25135,F-10,215466
25136,F-10,215468
25137,F-10,215469
25138,F-10,215473
25139,F-10,215474
25140,F-10,215475
25141,F-10,215482
25142,F-10,215488
25143,F-10,215492
25144,F-10,215495
25145,F-10,215504
25146,F-10,215510
25147,F-10,215518
25148,F-10,215529
25149,F-10,215532
25150,F-10,215535
25151,F-10,215539
25152,F-10,215543
25153,F-10,215544
25154,F-10,215551
25155,F-10,215553
25156,F-10,215557
25157,F-10,215559
25158,F-10,215569
25159,F-10,215571
25160,F-10,215576
25161,F-10,215583
25162,F-10,215597
25163,F-10,215598
25164,F-10,215599
25165,F-10,215614
25166,F-10,215627
25167,F-10,215628
25168,F-10,215629
25169,F-10,215633
25170,F-10,215635
25171,F-10,215646
25172,F-10,215650
25173,F-10,215657
25174,F-10,215659
25175,F-10,215661
25176,F-10,215669
25177,F-10,215670
25178,F-10,215689
25179,F-10,215690
25180,F-10,215695
25181,F-10,215700
25182,F-10,215709
25183,F-10,215712
25184,F-10,215718
25185,F-10,215733
25186,F-10,215737
25187,F-10,215742
25188,F-10,215770
25189,F-10,215771
25190,F-10,215784
25191,F-10,215792
25192,F-10,215797
25193,F-10,215799
25194,F-10,215800
25195,F-10,215801
25196,F-10,215802
25197,F-10,215816
25198,F-10,215818
25199,F-10,215819
25200,F-10,215822
25201,F-10,215829
25202,F-10,215835
25203,F-10,215836
25204,F-10,215845
25205,F-10,215852
25206,F-10,215854
25207,F-10,215856
25208,F-10,215867
25209,F-10,215868
25210,F-10,215874
25211,F-10,215875
25212,F-10,215877
25213,F-10,215880
25214,F-10,215891
25215,F-10,215893
25216,F-10,215898
25217,F-10,215906
25218,F-10,215912
25219,F-10,215916
25220,F-10,215918
25221,F-10,215920
25222,F-10,215931
25223,F-10,215933
25224,F-10,215934
25225,F-10,215937
25226,F-10,215938
25227,F-10,215939
25228,F-10,215945
25229,F-10,215950
25230,F-10,215952
25231,F-10,215959
25232,F-10,215961
25233,F-10,215966
25234,F-10,215981
25235,F-10,215983
25236,F-10,215988
25237,F-10,215995
25238,F-10,216004
25239,F-10,216006
25240,F-10,216009
25241,F-10,216011
25242,F-10,216012
25243,F-10,216016
25244,F-10,216023
25245,F-10,216025
25246,F-10,216038
25247,F-10,216042
25248,F-10,216045
25249,F-10,216049
25250,F-10,216050
25251,F-10,216053
25252,F-10,216055
25253,F-10,216065
25254,F-10,216079
25255,F-10,216083
25256,F-10,216084
25257,F-10,216086
25258,F-10,216099
25259,F-10,216102
25260,F-10,216107
25261,F-10,216112
25262,F-10,216116
25263,F-10,216127
25264,F-10,216130
25265,F-10,216139
25266,F-10,216142
25267,F-10,216144
25268,F-10,216149
25269,F-10,216165
25270,F-10,216168
25271,F-10,216174
25272,F-10,216177
25273,F-10,216179
25274,F-10,216180
25275,F-10,216187
25276,F-10,216200
25277,F-10,216210
25278,F-10,216213
25279,F-10,216224
25280,F-10,216234
25281,F-10,216241
25282,F-10,216243
25283,F-10,216246
25284,F-10,216249
25285,F-10,216254
25286,F-10,216258
25287,F-10,216263
25288,F-10,216276
25289,F-10,216277
25290,F-10,216280
25291,F-10,216285
25292,F-10,216298
25293,F-10,216302
25294,F-10,216303
25295,F-10,216306
25296,F-10,216308
25297,F-10,216310
25298,F-10,216327
25299,F-10,216329
25300,F-10,216337
25301,F-10,216341
25302,F-10,216348
25303,F-10,216352
25304,F-10,216359
25305,F-10,216371
25306,F-10,216372
25307,F-10,216378
25308,F-10,216393
25309,F-10,216402
25310,F-10,216407
25311,F-10,216411
25312,F-10,216416
25313,F-10,216417
25314,F-10,216422
25315,F-10,216428
25316,F-10,216435
25317,F-10,216438
25318,F-10,216439
25319,F-10,216442
25320,F-10,216443
25321,F-10,216444
25322,F-10,216461
25323,F-10,216462
25324,F-10,216465
25325,F-10,216467
25326,F-10,216484
25327,F-10,216486
25328,F-10,216506
25329,F-10,216507
25330,F-10,216508
25331,F-10,216510
25332,F-10,216519
25333,F-10,216534
25334,F-10,216537
25335,F-10,216542
25336,F-10,216545
25337,F-10,216549
25338,F-10,216550
25339,F-10,216553
25340,F-10,216563
25341,F-10,216565
25342,F-10,216569
25343,F-10,216570
25344,F-10,216571
25345,F-10,216572
25346,F-10,216586
25347,F-10,216603
25348,F-10,216605
25349,F-10,216615
25350,F-10,216616
25351,F-10,216623
25352,F-10,216626
25353,F-10,216635
25354,F-10,216643
25355,F-10,216662
25356,F-10,216663
25357,F-10,216667
25358,F-10,216670
25359,F-10,216674
25360,F-10,216678
25361,F-10,216683
25362,F-10,216685
25363,F-10,216686
25364,F-10,216708
25365,F-10,216711
25366,F-10,216712
25367,F-10,216714
25368,F-10,216719
25369,F-10,216723
25370,F-10,216730
25371,F-10,216733
25372,F-10,216741
25373,F-10,216745
25374,F-10,216747
25375,F-10,216748
25376,F-10,216749
25377,F-10,216750
25378,F-10,216752
25379,F-10,216763
25380,F-10,216774
25381,F-10,216777
25382,F-10,216778
25383,F-10,216780
25384,F-10,216781
25385,F-10,216782
25386,F-10,216784
25387,F-10,216796
25388,F-10,216801
25389,F-10,216803
25390,F-10,216804
25391,F-10,216807
25392,F-10,216810
25393,F-10,216812
25394,F-10,216814
25395,F-10,216816
25396,F-10,216820
25397,F-10,216823
25398,F-10,216832
25399,F-10,216836
25400,F-10,216839
25401,F-10,216842
25402,F-10,216850
25403,F-10,216851
25404,F-10,216852
25405,F-10,216855
25406,F-10,216856
25407,F-10,216863
25408,F-10,216867
25409,F-10,216873
25410,F-10,216875
25411,F-10,216878
25412,F-10,216883
25413,F-10,216884
25414,F-10,216885
25415,F-10,216891
25416,F-10,216894
25417,F-10,216901
25418,F-10,216912
25419,F-10,216916
25420,F-10,216928
25421,F-10,216946
25422,F-10,216947
25423,F-10,216949
25424,F-10,216958
25425,F-10,216961
25426,F-10,216962
25427,F-10,216972
25428,F-10,216976
25429,F-10,216991
25430,F-10,217002
25431,F-10,217009
25432,F-10,217010
25433,F-10,217011
25434,F-10,217013
25435,F-10,217020
25436,F-10,217021
25437,F-10,217028
25438,F-10,217032
25439,F-10,217038
25440,F-10,217043
25441,F-10,217048
25442,F-10,217065
25443,F-10,217068
25444,F-10,217070
25445,F-10,217084
25446,F-10,217085
25447,F-10,217086
25448,F-10,217089
25449,F-10,217092
25450,F-10,217097
25451,F-10,217098
25452,F-10,217099
25453,F-10,217101
25454,F-10,217108
25455,F-10,217109
25456,F-10,217114
25457,F-10,217119
25458,F-10,217124
25459,F-10,217143
25460,F-10,217147
25461,F-10,217148
25462,F-10,217149
25463,F-10,217150
25464,F-10,217152
25465,F-10,217154
25466,F-10,217156
25467,F-10,217159
25468,F-10,217160
25469,F-10,217166
25470,F-10,217171
25471,F-10,217177
25472,F-10,217178
25473,F-10,217185
25474,F-10,217188
25475,F-10,217191
25476,F-10,217192
25477,F-10,217202
25478,F-10,217209
25479,F-10,217221
25480,F-10,217231
25481,F-10,217237
25482,F-10,217238
25483,F-10,217239
25484,F-10,217240
25485,F-10,217242
25486,F-10,217246
25487,F-10,217252
25488,F-10,217253
25489,F-10,217257
25490,F-10,217259
25491,F-10,217265
25492,F-10,217270
25493,F-10,217273
25494,F-10,217275
25495,F-10,217276
25496,F-10,217282
25497,F-10,217293
25498,F-10,217297
25499,F-10,217300
25500,F-10,217304
25501,F-10,217307
25502,F-10,217313
25503,F-10,217322
25504,F-10,217325
25505,F-10,217327
25506,F-10,217331
25507,F-10,217333
25508,F-10,217342
25509,F-10,217349
25510,F-10,217363
25511,F-10,217364
25512,F-10,217365
25513,F-10,217373
25514,F-10,217379
25515,F-10,217380
25516,F-10,217385
25517,F-10,217386
25518,F-10,217388
25519,F-10,217403
25520,F-10,217412
25521,F-10,217415
25522,F-10,217426
25523,F-10,217427
25524,F-10,217429
25525,F-10,217431
25526,F-10,217434
25527,F-10,217458
25528,F-10,217459
25529,F-10,217460
25530,F-10,217475
25531,F-10,217478
25532,F-10,217482
25533,F-10,217483
25534,F-10,217485
25535,F-10,217496
25536,F-10,217498
25537,F-10,217503
25538,F-10,217505
25539,F-10,217506
25540,F-10,217515
25541,F-10,217517
25542,F-10,217518
25543,F-10,217520
25544,F-10,217522
25545,F-10,217523
25546,F-10,217526
25547,F-10,217527
25548,F-10,217528
25549,F-10,217530
25550,F-10,217533
25551,F-10,217536
25552,F-10,217543
25553,F-10,217556
25554,F-10,217557
25555,F-10,217559
25556,F-10,217561
25557,F-10,217565
25558,F-10,217579
25559,F-10,217581
25560,F-10,217586
25561,F-10,217601
25562,F-10,217606
25563,F-10,217615
25564,F-10,217618
25565,F-10,217620
25566,F-10,217621
25567,F-10,217625
25568,F-10,217628
25569,F-10,217648
25570,F-10,217653
25571,F-10,217658
25572,F-10,217659
25573,F-10,217660
25574,F-10,217662
25575,F-10,217664
25576,F-10,217668
25577,F-10,217674
25578,F-10,217684
25579,F-10,217695
25580,F-10,217712
25581,F-10,217715
25582,F-10,217717
25583,F-10,217737
25584,F-10,217739
25585,F-10,217750
25586,F-10,217758
25587,F-10,217759
25588,F-10,217765
25589,F-10,217795
25590,F-10,217800
25591,F-10,217810
25592,F-10,217815
25593,F-10,217834
25594,F-10,217835
25595,F-10,217836
25596,F-10,217841
25597,F-10,217846
25598,F-10,217850
25599,F-10,217853
25600,F-10,217854
25601,F-10,217855
25602,F-10,217857
25603,F-10,217860
25604,F-10,217862
25605,F-10,217864
25606,F-10,217865
25607,F-10,217868
25608,F-10,217873
25609,F-10,217876
25610,F-10,217882
25611,F-10,217890
25612,F-10,217897
25613,F-10,217902
25614,F-10,217920
25615,F-10,217926
25616,F-10,217927
25617,F-10,217932
25618,F-10,217935
25619,F-10,217942
25620,F-10,217949
25621,F-10,217950
25622,F-10,217957
25623,F-10,217974
25624,F-10,217975
25625,F-10,217979
25626,F-10,217985
25627,F-10,217986
25628,F-10,217990
25629,F-10,217995
25630,F-10,217997
25631,F-10,217999
25632,F-10,218012
25633,F-10,218019
25634,F-10,218023
25635,F-10,218025
25636,F-10,218026
25637,F-10,218036
25638,F-10,218039
25639,F-10,218043
25640,F-10,218050
25641,F-10,218051
25642,F-10,218063
25643,F-10,218072
25644,F-10,218080
25645,F-10,218084
25646,F-10,218088
25647,F-10,218089
25648,F-10,218092
25649,F-10,218095
25650,F-10,218097
25651,F-10,218101
25652,F-10,218104
25653,F-10,218108
25654,F-10,218114
25655,F-10,218118
25656,F-10,218121
25657,F-10,218127
25658,F-10,218130
25659,F-10,218142
25660,F-10,218144
25661,F-10,218148
25662,F-10,218174
25663,F-10,218179
25664,F-10,218182
25665,F-10,218195
25666,F-10,218201
25667,F-10,218204
25668,F-10,218205
25669,F-10,218212
25670,F-10,218214
25671,F-10,218215
25672,F-10,218216
25673,F-10,218218
25674,F-10,218219
25675,F-10,218223
25676,F-10,218232
25677,F-10,218233
25678,F-10,218240
25679,F-10,218241
25680,F-10,218252
25681,F-10,218257
25682,F-10,218271
25683,F-10,218280
25684,F-10,218286
25685,F-10,218288
25686,F-10,218292
25687,F-10,218301
25688,F-10,218302
25689,F-10,218308
25690,F-10,218314
25691,F-10,218315
25692,F-10,218323
25693,F-10,218331
25694,F-10,218337
25695,F-10,218344
25696,F-10,218353
25697,F-10,218357
25698,F-10,218358
25699,F-10,218363
25700,F-10,218369
25701,F-10,218377
25702,F-10,218380
25703,F-10,218385
25704,F-10,218386
25705,F-10,218387
25706,F-10,218390
25707,F-10,218401
25708,F-10,218402
25709,F-10,218415
25710,F-10,218417
25711,F-10,218420
25712,F-10,218424
25713,F-10,218433
25714,F-10,218435
25715,F-10,218438
25716,F-10,218445
25717,F-10,218455
25718,F-10,218456
25719,F-10,218463
25720,F-10,218467
25721,F-10,218472
25722,F-10,218473
25723,F-10,218476
25724,F-10,218481
25725,F-10,218484
25726,F-10,218486
25727,F-10,218492
25728,F-10,218511
25729,F-10,218513
25730,F-10,218532
25731,F-10,218542
25732,F-10,218549
25733,F-10,218554
25734,F-10,218560
25735,F-10,218564
25736,F-10,218565
25737,F-10,218567
25738,F-10,218573
25739,F-10,218577
25740,F-10,218588
25741,F-10,218598
25742,F-10,218599
25743,F-10,218600
25744,F-10,218605
25745,F-10,218606
25746,F-10,218614
25747,F-10,218616
25748,F-10,218619
25749,F-10,218622
25750,F-10,218627
25751,F-10,218630
25752,F-10,218632
25753,F-10,218634
25754,F-10,218636
25755,F-10,218638
25756,F-10,218643
25757,F-10,218654
25758,F-10,218668
25759,F-10,218672
25760,F-10,218676
25761,F-10,218688
25762,F-10,218695
25763,F-10,218703
25764,F-10,218707
25765,F-10,218710
25766,F-10,218712
25767,F-10,218714
25768,F-10,218725
25769,F-10,218748
25770,F-10,218749
25771,F-10,218751
25772,F-10,218761
25773,F-10,218763
25774,F-10,218768
25775,F-10,218769
25776,F-10,218779
25777,F-10,218780
25778,F-10,218783
25779,F-10,218786
25780,F-10,218793
25781,F-10,218802
25782,F-10,218804
25783,F-10,218808
25784,F-10,218811
25785,F-10,218830
25786,F-10,218833
25787,F-10,218838
25788,F-10,218842
25789,F-10,218853
25790,F-10,218861
25791,F-10,218865
25792,F-10,218868
25793,F-10,218870
25794,F-10,218879
25795,F-10,218885
25796,F-10,218886
25797,F-10,218900
25798,F-10,218906
25799,F-10,218910
25800,F-10,218914
25801,F-10,218915
25802,F-10,218920
25803,F-10,218923
25804,F-10,218929
25805,F-10,218933
25806,F-10,218938
25807,F-10,218949
25808,F-10,218952
25809,F-10,218956
25810,F-10,218958
25811,F-10,218959
25812,F-10,218960
25813,F-10,218962
25814,F-10,218973
25815,F-10,218974
25816,F-10,218976
25817,F-10,218979
25818,F-10,218988
25819,F-10,218993
25820,F-10,218995
25821,F-10,219000
25822,F-10,219003
25823,F-10,219005
25824,F-10,219008
25825,F-10,219011
25826,F-10,219015
25827,F-10,219021
25828,F-10,219026
25829,F-10,219027
25830,F-10,219028
25831,F-10,219031
25832,F-10,219040
25833,F-10,219046
25834,F-10,219049
25835,F-10,219050
25836,F-10,219052
25837,F-10,219061
25838,F-10,219068
25839,F-10,219075
25840,F-10,219076
25841,F-10,219084
25842,F-10,219087
25843,F-10,219089
25844,F-10,219091
25845,F-10,219093
25846,F-10,219095
25847,F-10,219105
25848,F-10,219109
25849,F-10,219115
25850,F-10,219116
25851,F-10,219134
25852,F-10,219138
25853,F-10,219147
25854,F-10,219149
25855,F-10,219150
25856,F-10,219152
25857,F-10,219153
25858,F-10,219168
25859,F-10,219169
25860,F-10,219173
25861,F-10,219179
25862,F-10,219182
25863,F-10,219189
25864,F-10,219197
25865,F-10,219202
25866,F-10,219211
25867,F-10,219212
25868,F-10,219216
25869,F-10,219220
25870,F-10,219222
25871,F-10,219229
25872,F-10,219237
25873,F-10,219240
25874,F-10,219247
25875,F-10,219249
25876,F-10,219251
25877,F-10,219253
25878,F-10,219260
25879,F-10,219262
25880,F-10,219269
25881,F-10,219272
25882,F-10,219276
25883,F-10,219278
25884,F-10,219281
25885,F-10,219291
25886,F-10,219292
25887,F-10,219297
25888,F-10,219299
25889,F-10,219300
25890,F-10,219302
25891,F-10,219316
25892,F-10,219320
25893,F-10,219323
25894,F-10,219326
25895,F-10,219331
25896,F-10,219334
25897,F-10,219339
25898,F-10,219340
25899,F-10,219353
25900,F-10,219354
25901,F-10,219390
25902,F-10,219393
25903,F-10,219399
25904,F-10,219400
25905,F-10,219401
25906,F-10,219404
25907,F-10,219414
25908,F-10,219420
25909,F-10,219421
25910,F-10,219423
25911,F-10,219431
25912,F-10,219435
25913,F-10,219439
25914,F-10,219442
25915,F-10,219445
25916,F-10,219448
25917,F-10,219450
25918,F-10,219454
25919,F-10,219464
25920,F-10,219478
25921,F-10,219479
25922,F-10,219485
25923,F-10,219487
25924,F-10,219490
25925,F-10,219496
25926,F-10,219502
25927,F-10,219504
25928,F-10,219505
25929,F-10,219516
25930,F-10,219521
25931,F-10,219533
25932,F-10,219538
25933,F-10,219543
25934,F-10,219544
25935,F-10,219557
25936,F-10,219558
25937,F-10,219563
25938,F-10,219564
25939,F-10,219566
25940,F-10,219573
25941,F-10,219579
25942,F-10,219588
25943,F-10,219591
25944,F-10,219593
25945,F-10,219602
25946,F-10,219605
25947,F-10,219615
25948,F-10,219625
25949,F-10,219630
25950,F-10,219631
25951,F-10,219632
25952,F-10,219633
25953,F-10,219642
25954,F-10,219647
25955,F-10,219650
25956,F-10,219655
25957,F-10,219656
25958,F-10,219659
25959,F-10,219661
25960,F-10,219664
25961,F-10,219673
25962,F-10,219676
25963,F-10,219677
25964,F-10,219678
25965,F-10,219682
25966,F-10,219683
25967,F-10,219685
25968,F-10,219686
25969,F-10,219687
25970,F-10,219690
25971,F-10,219695
25972,F-10,219696
25973,F-10,219699
25974,F-10,219704
25975,F-10,219706
25976,F-10,219708
25977,F-10,219711
25978,F-10,219717
25979,F-10,219720
25980,F-10,219721
25981,F-10,219722
25982,F-10,219745
25983,F-10,219747
25984,F-10,219753
25985,F-10,219766
25986,F-10,219767
25987,F-10,219768
25988,F-10,219774
25989,F-10,219795
25990,F-10,219796
25991,F-10,219801
25992,F-10,219803
25993,F-10,219805
25994,F-10,219810
25995,F-10,219825
25996,F-10,219832
25997,F-10,219833
25998,F-10,219835
25999,F-10,219837
26000,F-10,219842
26001,F-10,219856
26002,F-10,219877
26003,F-10,219885
26004,F-10,219887
26005,F-10,219891
26006,F-10,219898
26007,F-10,219899
26008,F-10,219900
26009,F-10,219906
26010,F-10,219908
26011,F-10,219911
26012,F-10,219914
26013,F-10,219915
26014,F-10,219917
26015,F-10,219920
26016,F-10,219925
26017,F-10,219931
26018,F-10,219935
26019,F-10,219951
26020,F-10,219955
26021,F-10,219961
26022,F-10,219964
26023,F-10,219965
26024,F-10,219973
26025,F-10,219987
26026,F-10,220000
26027,F-10,220002
26028,F-10,220007
26029,F-10,220010
26030,F-10,220014
26031,F-10,220026
26032,F-10,220027
26033,F-10,220029
26034,F-10,220034
26035,F-10,220036
26036,F-10,220038
26037,F-10,220039
26038,F-10,220049
26039,F-10,220056
26040,F-10,220064
26041,F-10,220074
26042,F-10,220082
26043,F-10,220083
26044,F-10,220087
26045,F-10,220088
26046,F-10,220101
26047,F-10,220105
26048,F-10,220109
26049,F-10,220110
26050,F-10,220111
26051,F-10,220117
26052,F-10,220123
26053,F-10,220124
26054,F-10,220125
26055,F-10,220129
26056,F-10,220133
26057,F-10,220142
26058,F-10,220147
26059,F-10,220148
26060,F-10,220163
26061,F-10,220168
26062,F-10,220183
26063,F-10,220188
26064,F-10,220189
26065,F-10,220192
26066,F-10,220196
26067,F-10,220200
26068,F-10,220202
26069,F-10,220208
26070,F-10,220209
26071,F-10,220211
26072,F-10,220212
26073,F-10,220213
26074,F-10,220221
26075,F-10,220224
26076,F-10,220227
26077,F-10,220230
26078,F-10,220231
26079,F-10,220236
26080,F-10,220238
26081,F-10,220239
26082,F-10,220240
26083,F-10,220242
26084,F-10,220244
26085,F-10,220248
26086,F-10,220252
26087,F-10,220257
26088,F-10,220258
26089,F-10,220259
26090,F-10,220260
26091,F-10,220261
26092,F-10,220262
26093,F-10,220265
26094,F-10,220274
26095,F-10,220282
26096,F-10,220290
26097,F-10,220295
26098,F-10,220296
26099,F-10,220298
26100,F-10,220302
26101,F-10,220303
26102,F-10,220304
26103,F-10,220307
26104,F-10,220311
26105,F-10,220314
26106,F-10,220316
26107,F-10,220318
26108,F-10,220322
26109,F-10,220323
26110,F-10,220324
26111,F-10,220338
26112,F-10,220341
26113,F-10,220342
26114,F-10,220345
26115,F-10,220346
26116,F-10,220354
26117,F-10,220359
26118,F-10,220361
26119,F-10,220362
26120,F-10,220363
26121,F-10,220365
26122,F-10,220367
26123,F-10,220376
26124,F-10,220387
26125,F-10,220388
26126,F-10,220389
26127,F-10,220391
26128,F-10,220396
26129,F-10,220403
26130,F-10,220423
26131,F-10,220432
26132,F-10,220441
26133,F-10,220443
26134,F-10,220449
26135,F-10,220452
26136,F-10,220458
26137,F-10,220462
26138,F-10,220463
26139,F-10,220465
26140,F-10,220469
26141,F-10,220473
26142,F-10,220476
26143,F-10,220479
26144,F-10,220481
26145,F-10,220484
26146,F-10,220489
26147,F-10,220492
26148,F-10,220495
26149,F-10,220497
26150,F-10,220508
26151,F-10,220512
26152,F-10,220513
26153,F-10,220514
26154,F-10,220516
26155,F-10,220520
26156,F-10,220527
26157,F-10,220528
26158,F-10,220530
26159,F-10,220535
26160,F-10,220539
26161,F-10,220541
26162,F-10,220544
26163,F-10,220548
26164,F-10,220555
26165,F-10,220561
26166,F-10,220565
26167,F-10,220572
26168,F-10,220574
26169,F-10,220575
26170,F-10,220590
26171,F-10,220593
26172,F-10,220594
26173,F-10,220602
26174,F-10,220604
26175,F-10,220612
26176,F-10,220616
26177,F-10,220617
26178,F-10,220624
26179,F-10,220625
26180,F-10,220629
26181,F-10,220635
26182,F-10,220638
26183,F-10,220641
26184,F-10,220644
26185,F-10,220645
26186,F-10,220657
26187,F-10,220658
26188,F-10,220662
26189,F-10,220665
26190,F-10,220679
26191,F-10,220680
26192,F-10,220681
26193,F-10,220688
26194,F-10,220694
26195,F-10,220712
26196,F-10,220717
26197,F-10,220735
26198,F-10,220740
26199,F-10,220741
26200,F-10,220743
26201,F-10,220745
26202,F-10,220748
26203,F-10,220751
26204,F-10,220754
26205,F-10,220755
26206,F-10,220761
26207,F-10,220762
26208,F-10,220788
26209,F-10,220792
26210,F-10,220795
26211,F-10,220797
26212,F-10,220805
26213,F-10,220815
26214,F-10,220818
26215,F-10,220822
26216,F-10,220833
26217,F-10,220836
26218,F-10,220838
26219,F-10,220839
26220,F-10,220841
26221,F-10,220844
26222,F-10,220846
26223,F-10,220849
26224,F-10,220851
26225,F-10,220855
26226,F-10,220857
26227,F-10,220859
26228,F-10,220860
26229,F-10,220861
26230,F-10,220868
26231,F-10,220871
26232,F-10,220877
26233,F-10,220880
26234,F-10,220885
26235,F-10,220897
26236,F-10,220907
26237,F-10,220908
26238,F-10,220909
26239,F-10,220919
26240,F-10,220924
26241,F-10,220928
26242,F-10,220937
26243,F-10,220942
26244,F-10,220943
26245,F-10,220953
26246,F-10,220955
26247,F-10,220960
26248,F-10,220962
26249,F-10,220966
26250,F-10,220973
26251,F-10,220975
26252,F-10,220988
26253,F-10,220994
26254,F-10,220996
26255,F-10,220998
26256,F-10,221003
26257,F-10,221005
26258,F-10,221007
26259,F-10,221023
26260,F-10,221025
26261,F-10,221026
26262,F-10,221034
26263,F-10,221041
26264,F-10,221043
26265,F-10,221052
26266,F-10,221055
26267,F-10,221062
26268,F-10,221064
26269,F-10,221069
26270,F-10,221073
26271,F-10,221078
26272,F-10,221083
26273,F-10,221090
26274,F-10,221099
26275,F-10,221112
26276,F-10,221116
26277,F-10,221119
26278,F-10,221121
26279,F-10,221123
26280,F-10,221125
26281,F-10,221131
26282,F-10,221137
26283,F-10,221146
26284,F-10,221151
26285,F-10,221156
26286,F-10,221165
26287,F-10,221169
26288,F-10,221170
26289,F-10,221175
26290,F-10,221178
26291,F-10,221179
26292,F-10,221180
26293,F-10,221182
26294,F-10,221186
26295,F-10,221191
26296,F-10,221196
26297,F-10,221197
26298,F-10,221199
26299,F-10,221208
26300,F-10,221215
26301,F-10,221220
26302,F-10,221224
26303,F-10,221226
26304,F-10,221233
26305,F-10,221242
26306,F-10,221245
26307,F-10,221248
26308,F-10,221268
26309,F-10,221269
26310,F-10,221278
26311,F-10,221279
26312,F-10,221281
26313,F-10,221282
26314,F-10,221287
26315,F-10,221290
26316,F-10,221291
26317,F-10,221292
26318,F-10,221295
26319,F-10,221301
26320,F-10,221302
26321,F-10,221310
26322,F-10,221311
26323,F-10,221316
26324,F-10,221322
26325,F-10,221335
26326,F-10,221340
26327,F-10,221348
26328,F-10,221351
26329,F-10,221352
26330,F-10,221356
26331,F-10,221359
26332,F-10,221363
26333,F-10,221383
26334,F-10,221389
26335,F-10,221395
26336,F-10,221402
26337,F-10,221406
26338,F-10,221408
26339,F-10,221416
26340,F-10,221426
26341,F-10,221427
26342,F-10,221436
26343,F-10,221447
26344,F-10,221450
26345,F-10,221454
26346,F-10,221463
26347,F-10,221465
26348,F-10,221468
26349,F-10,221469
26350,F-10,221482
26351,F-10,221485
26352,F-10,221488
26353,F-10,221497
26354,F-10,221502
26355,F-10,221505
26356,F-10,221506
26357,F-10,221507
26358,F-10,221517
26359,F-10,221524
26360,F-10,221536
26361,F-10,221544
26362,F-10,221552
26363,F-10,221558
26364,F-10,221561
26365,F-10,221564
26366,F-10,221567
26367,F-10,221568
26368,F-10,221573
26369,F-10,221585
26370,F-10,221589
26371,F-10,221596
26372,F-10,221597
26373,F-10,221604
26374,F-10,221607
26375,F-10,221608
26376,F-10,221611
26377,F-10,221616
26378,F-10,221624
26379,F-10,221629
26380,F-10,221630
26381,F-10,221641
26382,F-10,221643
26383,F-10,221644
26384,F-10,221653
26385,F-10,221661
26386,F-10,221667
26387,F-10,221670
26388,F-10,221687
26389,F-10,221691
26390,F-10,221692
26391,F-10,221700
26392,F-10,221703
26393,F-10,221706
26394,F-10,221710
26395,F-10,221711
26396,F-10,221715
26397,F-10,221719
26398,F-10,221730
26399,F-10,221737
26400,F-10,221746
26401,F-10,221752
26402,F-10,221753
26403,F-10,221768
26404,F-10,221792
26405,F-10,221799
26406,F-10,221800
26407,F-10,221806
26408,F-10,221809
26409,F-10,221825
26410,F-10,221836
26411,F-10,221839
26412,F-10,221843
26413,F-10,221844
26414,F-10,221849
26415,F-10,221851
26416,F-10,221859
26417,F-10,221866
26418,F-10,221867
26419,F-10,221871
26420,F-10,221884
26421,F-10,221890
26422,F-10,221891
26423,F-10,221904
26424,F-10,221909
26425,F-10,221914
26426,F-10,221929
26427,F-10,221933
26428,F-10,221943
26429,F-10,221944
26430,F-10,221945
26431,F-10,221962
26432,F-10,221967
26433,F-10,221969
26434,F-10,221972
26435,F-10,221982
26436,F-10,221985
26437,F-10,221991
26438,F-10,221999
26439,F-10,222005
26440,F-10,222015
26441,F-10,222017
26442,F-10,222025
26443,F-10,222027
26444,F-10,222028
26445,F-10,222029
26446,F-10,222030
26447,F-10,222032
26448,F-10,222039
26449,F-10,222040
26450,F-10,222041
26451,F-10,222053
26452,F-10,222056
26453,F-10,222057
26454,F-10,222066
26455,F-10,222067
26456,F-10,222079
26457,F-10,222084
26458,F-10,222085
26459,F-10,222089
26460,F-10,222104
26461,F-10,222112
26462,F-10,222118
26463,F-10,222123
26464,F-10,222125
26465,F-10,222126
26466,F-10,222127
26467,F-10,222128
26468,F-10,222132
26469,F-10,222134
26470,F-10,222148
26471,F-10,222153
26472,F-10,222155
26473,F-10,222157
26474,F-10,222165
26475,F-10,222173
26476,F-10,222174
26477,F-10,222175
26478,F-10,222186
26479,F-10,222189
26480,F-10,222202
26481,F-10,222209
26482,F-10,222210
26483,F-10,222221
26484,F-10,222226
26485,F-10,222229
26486,F-10,222230
26487,F-10,222234
26488,F-10,222235
26489,F-10,222238
26490,F-10,222244
26491,F-10,222248
26492,F-10,222264
26493,F-10,222283
26494,F-10,222294
26495,F-10,222295
26496,F-10,222297
26497,F-10,222298
26498,F-10,222321
26499,F-10,222328
26500,F-10,222329
26501,F-10,222330
26502,F-10,222348
26503,F-10,222353
26504,F-10,222362
26505,F-10,222364
26506,F-10,222368
26507,F-10,222369
26508,F-10,222378
26509,F-10,222400
26510,F-10,222409
26511,F-10,222413
26512,F-10,222427
26513,F-10,222431
26514,F-10,222432
26515,F-10,222434
26516,F-10,222435
26517,F-10,222436
26518,F-10,222437
26519,F-10,222442
26520,F-10,222446
26521,F-10,222450
26522,F-10,222452
26523,F-10,222453
26524,F-10,222454
26525,F-10,222459
26526,F-10,222464
26527,F-10,222469
26528,F-10,222472
26529,F-10,222478
26530,F-10,222482
26531,F-10,222488
26532,F-10,222497
26533,F-10,222502
26534,F-10,222511
26535,F-10,222513
26536,F-10,222516
26537,F-10,222520
26538,F-10,222528
26539,F-10,222529
26540,F-10,222532
26541,F-10,222538
26542,F-10,222539
26543,F-10,222542
26544,F-10,222544
26545,F-10,222548
26546,F-10,222554
26547,F-10,222557
26548,F-10,222558
26549,F-10,222562
26550,F-10,222563
26551,F-10,222564
26552,F-10,222566
26553,F-10,222567
26554,F-10,222569
26555,F-10,222574
26556,F-10,222576
26557,F-10,222578
26558,F-10,222579
26559,F-10,222592
26560,F-10,222598
26561,F-10,222599
26562,F-10,222607
26563,F-10,222620
26564,F-10,222632
26565,F-10,222636
26566,F-10,222637
26567,F-10,222638
26568,F-10,222642
26569,F-10,222643
26570,F-10,222644
26571,F-10,222645
26572,F-10,222647
26573,F-10,222653
26574,F-10,222654
26575,F-10,222657
26576,F-10,222660
26577,F-10,222661
26578,F-10,222663
26579,F-10,222669
26580,F-10,222677
26581,F-10,222679
26582,F-10,222681
26583,F-10,222683
26584,F-10,222685
26585,F-10,222687
26586,F-10,222691
26587,F-10,222692
26588,F-10,222699
26589,F-10,222706
26590,F-10,222710
26591,F-10,222725
26592,F-10,222733
26593,F-10,222739
26594,F-10,222749
26595,F-10,222750
26596,F-10,222755
26597,F-10,222758
26598,F-10,222774
26599,F-10,222777
26600,F-10,222779
26601,F-10,222781
26602,F-10,222784
26603,F-10,222786
26604,F-10,222789
26605,F-10,222792
26606,F-10,222793
26607,F-10,222798
26608,F-10,222800
26609,F-10,222805
26610,F-10,222808
26611,F-10,222814
26612,F-10,222822
26613,F-10,222827
26614,F-10,222829
26615,F-10,222837
26616,F-10,222844
26617,F-10,222853
26618,F-10,222854
26619,F-10,222859
26620,F-10,222865
26621,F-10,222866
26622,F-10,222873
26623,F-10,222875
26624,F-10,222876
26625,F-10,222877
26626,F-10,222878
26627,F-10,222883
26628,F-10,222886
26629,F-10,222887
26630,F-10,222889
26631,F-10,222892
26632,F-10,222898
26633,F-10,222899
26634,F-10,222900
26635,F-10,222903
26636,F-10,222915
26637,F-10,222917
26638,F-10,222926
26639,F-10,222928
26640,F-10,222931
26641,F-10,222936
26642,F-10,222942
26643,F-10,222945
26644,F-10,222947
26645,F-10,222948
26646,F-10,222955
26647,F-10,222958
26648,F-10,222961
26649,F-10,222963
26650,F-10,222964
26651,F-10,222969
26652,F-10,222970
26653,F-10,222981
26654,F-10,222985
26655,F-10,223004
26656,F-10,223009
26657,F-10,223010
26658,F-10,223012
26659,F-10,223017
26660,F-10,223019
26661,F-10,223021
26662,F-10,223026
26663,F-10,223028
26664,F-10,223031
26665,F-10,223038
26666,F-10,223048
26667,F-10,223049
26668,F-10,223051
26669,F-10,223059
26670,F-10,223060
26671,F-10,223078
26672,F-10,223079
26673,F-10,223084
26674,F-10,223091
26675,F-10,223092
26676,F-10,223094
26677,F-10,223100
26678,F-10,223105
26679,F-10,223120
26680,F-10,223126
26681,F-10,223127
26682,F-10,223132
26683,F-10,223145
26684,F-10,223163
26685,F-10,223171
26686,F-10,223177
26687,F-10,223181
26688,F-10,223183
26689,F-10,223185
26690,F-10,223188
26691,F-10,223189
26692,F-10,223194
26693,F-10,223199
26694,F-10,223202
26695,F-10,223208
26696,F-10,223213
26697,F-10,223239
26698,F-10,223240
26699,F-10,223244
26700,F-10,223254
26701,F-10,223260
26702,F-10,223271
26703,F-10,223279
26704,F-10,223287
26705,F-10,223288
26706,F-10,223303
26707,F-10,223306
26708,F-10,223312
26709,F-10,223319
26710,F-10,223353
26711,F-10,223360
26712,F-10,223364
26713,F-10,223366
26714,F-10,223377
26715,F-10,223380
26716,F-10,223381
26717,F-10,223385
26718,F-10,223389
26719,F-10,223394
26720,F-10,223398
26721,F-10,223402
26722,F-10,223403
26723,F-10,223415
26724,F-10,223421
26725,F-10,223430
26726,F-10,223431
26727,F-10,223440
26728,F-10,223442
26729,F-10,223443
26730,F-10,223446
26731,F-10,223447
26732,F-10,223448
26733,F-10,223452
26734,F-10,223458
26735,F-10,223466
26736,F-10,223468
26737,F-10,223473
26738,F-10,223474
26739,F-10,223475
26740,F-10,223478
26741,F-10,223479
26742,F-10,223480
26743,F-10,223482
26744,F-10,223488
26745,F-10,223491
26746,F-10,223496
26747,F-10,223499
26748,F-10,223504
26749,F-10,223507
26750,F-10,223509
26751,F-10,223519
26752,F-10,223522
26753,F-10,223523
26754,F-10,223524
26755,F-10,223525
26756,F-10,223531
26757,F-10,223532
26758,F-10,223544
26759,F-10,223547
26760,F-10,223551
26761,F-10,223552
26762,F-10,223555
26763,F-10,223556
26764,F-10,223557
26765,F-10,223558
26766,F-10,223563
26767,F-10,223566
26768,F-10,223574
26769,F-10,223575
26770,F-10,223576
26771,F-10,223578
26772,F-10,223580
26773,F-10,223584
26774,F-10,223586
26775,F-10,223592
26776,F-10,223596
26777,F-10,223600
26778,F-10,223615
26779,F-10,223618
26780,F-10,223624
26781,F-10,223629
26782,F-10,223633
26783,F-10,223634
26784,F-10,223635
26785,F-10,223636
26786,F-10,223637
26787,F-10,223639
26788,F-10,223645
26789,F-10,223658
26790,F-10,223667
26791,F-10,223668
26792,F-10,223670
26793,F-10,223684
26794,F-10,223693
26795,F-10,223700
26796,F-10,223707
26797,F-10,223715
26798,F-10,223719
26799,F-10,223722
26800,F-10,223723
26801,F-10,223724
26802,F-10,223728
26803,F-10,223737
26804,F-10,223741
26805,F-10,223746
26806,F-10,223750
26807,F-10,223760
26808,F-10,223766
26809,F-10,223781
26810,F-10,223782
26811,F-10,223784
26812,F-10,223788
26813,F-10,223792
26814,F-10,223796
26815,F-10,223797
26816,F-10,223801
26817,F-10,223803
26818,F-10,223805
26819,F-10,223813
26820,F-10,223817
26821,F-10,223824
26822,F-10,223828
26823,F-10,223831
26824,F-10,223832
26825,F-10,223839
26826,F-10,223845
26827,F-10,223847
26828,F-10,223848
26829,F-10,223870
26830,F-10,223875
26831,F-10,223895
26832,F-10,223904
26833,F-10,223910
26834,F-10,223912
26835,F-10,223917
26836,F-10,223931
26837,F-10,223935
26838,F-10,223936
26839,F-10,223938
26840,F-10,223947
26841,F-10,223948
26842,F-10,223949
26843,F-10,223950
26844,F-10,223957
26845,F-10,223962
26846,F-10,223963
26847,F-10,223967
26848,F-10,223970
26849,F-10,223972
26850,F-10,223974
26851,F-10,223979
26852,F-10,223983
26853,F-10,223985
26854,F-10,223987
26855,F-10,223997
26856,F-10,223998
26857,F-10,223999
26858,F-10,224001
26859,F-10,224008
26860,F-10,224010
26861,F-10,224014
26862,F-10,224019
26863,F-10,224021
26864,F-10,224030
26865,F-10,224038
26866,F-10,224041
26867,F-10,224044
26868,F-10,224049
26869,F-10,224053
26870,F-10,224056
26871,F-10,224063
26872,F-10,224071
26873,F-10,224076
26874,F-10,224081
26875,F-10,224087
26876,F-10,224092
26877,F-10,224104
26878,F-10,224105
26879,F-10,224107
26880,F-10,224120
26881,F-10,224129
26882,F-10,224145
26883,F-10,224149
26884,F-10,224151
26885,F-10,224153
26886,F-10,224156
26887,F-10,224165
26888,F-10,224177
26889,F-10,224178
26890,F-10,224179
26891,F-10,224188
26892,F-10,224190
26893,F-10,224195
26894,F-10,224197
26895,F-10,224200
26896,F-10,224203
26897,F-10,224206
26898,F-10,224210
26899,F-10,224214
26900,F-10,224215
26901,F-10,224219
26902,F-10,224220
26903,F-10,224221
26904,F-10,224223
26905,F-10,224228
26906,F-10,224230
26907,F-10,224235
26908,F-10,224236
26909,F-10,224238
26910,F-10,224248
26911,F-10,224253
26912,F-10,224254
26913,F-10,224255
26914,F-10,224262
26915,F-10,224270
26916,F-10,224274
26917,F-10,224275
26918,F-10,224288
26919,F-10,224291
26920,F-10,224294
26921,F-10,224297
26922,F-10,224300
26923,F-10,224302
26924,F-10,224303
26925,F-10,224307
26926,F-10,224309
26927,F-10,224310
26928,F-10,224322
26929,F-10,224331
26930,F-10,224333
26931,F-10,224334
26932,F-10,224339
26933,F-10,224341
26934,F-10,224344
26935,F-10,224348
26936,F-10,224353
26937,F-10,224366
26938,F-10,224369
26939,F-10,224371
26940,F-10,224374
26941,F-10,224375
26942,F-10,224382
26943,F-10,224388
26944,F-10,224390
26945,F-10,224398
26946,F-10,224404
26947,F-10,224405
26948,F-10,224438
26949,F-10,224454
26950,F-10,224462
26951,F-10,224467
26952,F-10,224468
26953,F-10,224471
26954,F-10,224476
26955,F-10,224483
26956,F-10,224484
26957,F-10,224489
26958,F-10,224491
26959,F-10,224501
26960,F-10,224502
26961,F-10,224504
26962,F-10,224512
26963,F-10,224517
26964,F-10,224518
26965,F-10,224527
26966,F-10,224529
26967,F-10,224530
26968,F-10,224534
26969,F-10,224542
26970,F-10,224544
26971,F-10,224555
26972,F-10,224556
26973,F-10,224561
26974,F-10,224572
26975,F-10,224577
26976,F-10,224579
26977,F-10,224582
26978,F-10,224585
26979,F-10,224586
26980,F-10,224590
26981,F-10,224596
26982,F-10,224603
26983,F-10,224606
26984,F-10,224608
26985,F-10,224615
26986,F-10,224621
26987,F-10,224623
26988,F-10,224633
26989,F-10,224638
26990,F-10,224653
26991,F-10,224654
26992,F-10,224656
26993,F-10,224657
26994,F-10,224685
26995,F-10,224687
26996,F-10,224690
26997,F-10,224693
26998,F-10,224698
26999,F-10,224701
27000,F-10,224702
27001,F-10,224707
27002,F-10,224712
27003,F-10,224713
27004,F-10,224724
27005,F-10,224729
27006,F-10,224730
27007,F-10,224732
27008,F-10,224746
27009,F-10,224747
27010,F-10,224751
27011,F-10,224756
27012,F-10,224761
27013,F-10,224767
27014,F-10,224768
27015,F-10,224769
27016,F-10,224771
27017,F-10,224774
27018,F-10,224789
27019,F-10,224794
27020,F-10,224799
27021,F-10,224802
27022,F-10,224804
27023,F-10,224806
27024,F-10,224808
27025,F-10,224815
27026,F-10,224835
27027,F-10,224845
27028,F-10,224847
27029,F-10,224850
27030,F-10,224855
27031,F-10,224857
27032,F-10,224864
27033,F-10,224865
27034,F-10,224870
27035,F-10,224877
27036,F-10,224879
27037,F-10,224882
27038,F-10,224885
27039,F-10,224889
27040,F-10,224897
27041,F-10,224898
27042,F-10,224910
27043,F-10,224916
27044,F-10,224917
27045,F-10,224918
27046,F-10,224920
27047,F-10,224926
27048,F-10,224928
27049,F-10,224933
27050,F-10,224934
27051,F-10,224945
27052,F-10,224947
27053,F-10,224949
27054,F-10,224952
27055,F-10,224957
27056,F-10,224961
27057,F-10,224969
27058,F-10,224975
27059,F-10,224976
27060,F-10,224990
27061,F-10,225004
27062,F-10,225005
27063,F-10,225009
27064,F-10,225018
27065,F-10,225023
27066,F-10,225024
27067,F-10,225041
27068,F-10,225046
27069,F-10,225047
27070,F-10,225052
27071,F-10,225062
27072,F-10,225063
27073,F-10,225075
27074,F-10,225080
27075,F-10,225084
27076,F-10,225088
27077,F-10,225094
27078,F-10,225097
27079,F-10,225100
27080,F-10,225102
27081,F-10,225107
27082,F-10,225113
27083,F-10,225114
27084,F-10,225132
27085,F-10,225139
27086,F-10,225142
27087,F-10,225144
27088,F-10,225147
27089,F-10,225148
27090,F-10,225152
27091,F-10,225170
27092,F-10,225181
27093,F-10,225183
27094,F-10,225199
27095,F-10,225201
27096,F-10,225203
27097,F-10,225207
27098,F-10,225218
27099,F-10,225222
27100,F-10,225225
27101,F-10,225234
27102,F-10,225235
27103,F-10,225246
27104,F-10,225247
27105,F-10,225249
27106,F-10,225250
27107,F-10,225253
27108,F-10,225259
27109,F-10,225260
27110,F-10,225268
27111,F-10,225269
27112,F-10,225270
27113,F-10,225285
27114,F-10,225288
27115,F-10,225290
27116,F-10,225292
27117,F-10,225302
27118,F-10,225313
27119,F-10,225315
27120,F-10,225319
27121,F-10,225322
27122,F-10,225329
27123,F-10,225332
27124,F-10,225335
27125,F-10,225342
27126,F-10,225344
27127,F-10,225345
27128,F-10,225346
27129,F-10,225358
27130,F-10,225363
27131,F-10,225366
27132,F-10,225371
27133,F-10,225375
27134,F-10,225378
27135,F-10,225388
27136,F-10,225390
27137,F-10,225396
27138,F-10,225407
27139,F-10,225413
27140,F-10,225414
27141,F-10,225417
27142,F-10,225421
27143,F-10,225448
27144,F-10,225450
27145,F-10,225455
27146,F-10,225458
27147,F-10,225464
27148,F-10,225466
27149,F-10,225467
27150,F-10,225468
27151,F-10,225470
27152,F-10,225472
27153,F-10,225480
27154,F-10,225493
27155,F-10,225497
27156,F-10,225498
27157,F-10,225499
27158,F-10,225500
27159,F-10,225501
27160,F-10,225516
27161,F-10,225523
27162,F-10,225530
27163,F-10,225534
27164,F-10,225541
27165,F-10,225550
27166,F-10,225555
27167,F-10,225564
27168,F-10,225565
27169,F-10,225572
27170,F-10,225574
27171,F-10,225583
27172,F-10,225585
27173,F-10,225587
27174,F-10,225599
27175,F-10,225602
27176,F-10,225617
27177,F-10,225620
27178,F-10,225624
27179,F-10,225625
27180,F-10,225626
27181,F-10,225628
27182,F-10,225632
27183,F-10,225634
27184,F-10,225642
27185,F-10,225645
27186,F-10,225647
27187,F-10,225651
27188,F-10,225657
27189,F-10,225678
27190,F-10,225685
27191,F-10,225688
27192,F-10,225691
27193,F-10,225705
27194,F-10,225716
27195,F-10,225729
27196,F-10,225733
27197,F-10,225744
27198,F-10,225746
27199,F-10,225749
27200,F-10,225753
27201,F-10,225755
27202,F-10,225757
27203,F-10,225760
27204,F-10,225786
27205,F-10,225788
27206,F-10,225796
27207,F-10,225799
27208,F-10,225805
27209,F-10,225813
27210,F-10,225820
27211,F-10,225824
27212,F-10,225828
27213,F-10,225835
27214,F-10,225847
27215,F-10,225854
27216,F-10,225861
27217,F-10,225864
27218,F-10,225873
27219,F-10,225874
27220,F-10,225876
27221,F-10,225877
27222,F-10,225883
27223,F-10,225884
27224,F-10,225887
27225,F-10,225895
27226,F-10,225910
27227,F-10,225915
27228,F-10,225917
27229,F-10,225922
27230,F-10,225928
27231,F-10,225943
27232,F-10,225945
27233,F-10,225953
27234,F-10,225954
27235,F-10,225955
27236,F-10,225956
27237,F-10,225960
27238,F-10,225963
27239,F-10,225970
27240,F-10,225982
27241,F-10,225984
27242,F-10,225986
27243,F-10,225987
27244,F-10,225988
27245,F-10,225991
27246,F-10,225992
27247,F-10,225995
27248,F-10,226000
27249,F-10,226007
27250,F-10,226012
27251,F-10,226013
27252,F-10,226014
27253,F-10,226019
27254,F-10,226023
27255,F-10,226025
27256,F-10,226045
27257,F-10,226046
27258,F-10,226047
27259,F-10,226050
27260,F-10,226052
27261,F-10,226059
27262,F-10,226064
27263,F-10,226065
27264,F-10,226077
27265,F-10,226081
27266,F-10,226089
27267,F-10,226094
27268,F-10,226097
27269,F-10,226103
27270,F-10,226109
27271,F-10,226112
27272,F-10,226114
27273,F-10,226116
27274,F-10,226121
27275,F-10,226144
27276,F-10,226149
27277,F-10,226157
27278,F-10,226159
27279,F-10,226163
27280,F-10,226175
27281,F-10,226179
27282,F-10,226182
27283,F-10,226183
27284,F-10,226201
27285,F-10,226202
27286,F-10,226206
27287,F-10,226211
27288,F-10,226212
27289,F-10,226221
27290,F-10,226222
27291,F-10,226226
27292,F-10,226229
27293,F-10,226235
27294,F-10,226237
27295,F-10,226241
27296,F-10,226250
27297,F-10,226256
27298,F-10,226259
27299,F-10,226263
27300,F-10,226266
27301,F-10,226270
27302,F-10,226277
27303,F-10,226281
27304,F-10,226282
27305,F-10,226289
27306,F-10,226293
27307,F-10,226294
27308,F-10,226301
27309,F-10,226305
27310,F-10,226315
27311,F-10,226317
27312,F-10,226318
27313,F-10,226333
27314,F-10,226336
27315,F-10,226337
27316,F-10,226341
27317,F-10,226350
27318,F-10,226363
27319,F-10,226366
27320,F-10,226369
27321,F-10,226373
27322,F-10,226374
27323,F-10,226380
27324,F-10,226381
27325,F-10,226392
27326,F-10,226394
27327,F-10,226401
27328,F-10,226405
27329,F-10,226413
27330,F-10,226418
27331,F-10,226437
27332,F-10,226438
27333,F-10,226445
27334,F-10,226452
27335,F-10,226459
27336,F-10,226463
27337,F-10,226467
27338,F-10,226485
27339,F-10,226491
27340,F-10,226493
27341,F-10,226502
27342,F-10,226509
27343,F-10,226512
27344,F-10,226527
27345,F-10,226534
27346,F-10,226535
27347,F-10,226549
27348,F-10,226552
27349,F-10,226555
27350,F-10,226557
27351,F-10,226558
27352,F-10,226567
27353,F-10,226574
27354,F-10,226578
27355,F-10,226584
27356,F-10,226585
27357,F-10,226587
27358,F-10,226593
27359,F-10,226601
27360,F-10,226605
27361,F-10,226607
27362,F-10,226617
27363,F-10,226623
27364,F-10,226625
27365,F-10,226631
27366,F-10,226632
27367,F-10,226634
27368,F-10,226638
27369,F-10,226641
27370,F-10,226644
27371,F-10,226653
27372,F-10,226655
27373,F-10,226658
27374,F-10,226666
27375,F-10,226667
27376,F-10,226673
27377,F-10,226674
27378,F-10,226680
27379,F-10,226682
27380,F-10,226688
27381,F-10,226697
27382,F-10,226705
27383,F-10,226708
27384,F-10,226710
27385,F-10,226733
27386,F-10,226742
27387,F-10,226753
27388,F-10,226755
27389,F-10,226757
27390,F-10,226774
27391,F-10,226778
27392,F-10,226793
27393,F-10,226798
27394,F-10,226799
27395,F-10,226802
27396,F-10,226803
27397,F-10,226805
27398,F-10,226809
27399,F-10,226815
27400,F-10,226816
27401,F-10,226817
27402,F-10,226829
27403,F-10,226831
27404,F-10,226845
27405,F-10,226848
27406,F-10,226849
27407,F-10,226857
27408,F-10,226858
27409,F-10,226862
27410,F-10,226864
27411,F-10,226868
27412,F-10,226871
27413,F-10,226893
27414,F-10,226900
27415,F-10,226903
27416,F-10,226912
27417,F-10,226916
27418,F-10,226919
27419,F-10,226924
27420,F-10,226928
27421,F-10,226934
27422,F-10,226945
27423,F-10,226950
27424,F-10,226956
27425,F-10,226960
27426,F-10,226967
27427,F-10,226971
27428,F-10,226984
27429,F-10,226987
27430,F-10,226991
27431,F-10,226992
27432,F-10,226997
27433,F-10,227001
27434,F-10,227002
27435,F-10,227004
27436,F-10,227006
27437,F-10,227011
27438,F-10,227012
27439,F-10,227021
27440,F-10,227023
27441,F-10,227025
27442,F-10,227032
27443,F-10,227034
27444,F-10,227039
27445,F-10,227040
27446,F-10,227041
27447,F-10,227050
27448,F-10,227058
27449,F-10,227066
27450,F-10,227067
27451,F-10,227073
27452,F-10,227083
27453,F-10,227094
27454,F-10,227095
27455,F-10,227097
27456,F-10,227100
27457,F-10,227101
27458,F-10,227103
27459,F-10,227105
27460,F-10,227107
27461,F-10,227108
27462,F-10,227111
27463,F-10,227113
27464,F-10,227117
27465,F-10,227125
27466,F-10,227126
27467,F-10,227144
27468,F-10,227153
27469,F-10,227158
27470,F-10,227160
27471,F-10,227162
27472,F-10,227164
27473,F-10,227172
27474,F-10,227174
27475,F-10,227175
27476,F-10,227189
27477,F-10,227198
27478,F-10,227200
27479,F-10,227201
27480,F-10,227207
27481,F-10,227212
27482,F-10,227215
27483,F-10,227225
27484,F-10,227226
27485,F-10,227231
27486,F-10,227232
27487,F-10,227238
27488,F-10,227241
27489,F-10,227244
27490,F-10,227251
27491,F-10,227261
27492,F-10,227267
27493,F-10,227281
27494,F-10,227284
27495,F-10,227292
27496,F-10,227301
27497,F-10,227310
27498,F-10,227317
27499,F-10,227323
27500,F-10,227330
27501,F-10,227336
27502,F-10,227337
27503,F-10,227353
27504,F-10,227358
27505,F-10,227372
27506,F-10,227376
27507,F-10,227379
27508,F-10,227380
27509,F-10,227381
27510,F-10,227395
27511,F-10,227400
27512,F-10,227403
27513,F-10,227407
27514,F-10,227412
27515,F-10,227419
27516,F-10,227427
27517,F-10,227438
27518,F-10,227447
27519,F-10,227448
27520,F-10,227451
27521,F-10,227453
27522,F-10,227465
27523,F-10,227471
27524,F-10,227482
27525,F-10,227485
27526,F-10,227489
27527,F-10,227495
27528,F-10,227502
27529,F-10,227504
27530,F-10,227515
27531,F-10,227517
27532,F-10,227518
27533,F-10,227520
27534,F-10,227522
27535,F-10,227525
27536,F-10,227532
27537,F-10,227535
27538,F-10,227538
27539,F-10,227540
27540,F-10,227547
27541,F-10,227550
27542,F-10,227551
27543,F-10,227555
27544,F-10,227556
27545,F-10,227559
27546,F-10,227568
27547,F-10,227578
27548,F-10,227580
27549,F-10,227581
27550,F-10,227582
27551,F-10,227585
27552,F-10,227586
27553,F-10,227592
27554,F-10,227597
27555,F-10,227601
27556,F-10,227602
27557,F-10,227603
27558,F-10,227605
27559,F-10,227612
27560,F-10,227627
27561,F-10,227629
27562,F-10,227649
27563,F-10,227650
27564,F-10,227651
27565,F-10,227654
27566,F-10,227657
27567,F-10,227658
27568,F-10,227670
27569,F-10,227671
27570,F-10,227672
27571,F-10,227688
27572,F-10,227696
27573,F-10,227702
27574,F-10,227703
27575,F-10,227709
27576,F-10,227713
27577,F-10,227715
27578,F-10,227717
27579,F-10,227720
27580,F-10,227741
27581,F-10,227742
27582,F-10,227747
27583,F-10,227749
27584,F-10,227751
27585,F-10,227753
27586,F-10,227755
27587,F-10,227759
27588,F-10,227764
27589,F-10,227765
27590,F-10,227767
27591,F-10,227768
27592,F-10,227774
27593,F-10,227776
27594,F-10,227780
27595,F-10,227781
27596,F-10,227799
27597,F-10,227800
27598,F-10,227806
27599,F-10,227815
27600,F-10,227818
27601,F-10,227823
27602,F-10,227826
27603,F-10,227832
27604,F-10,227836
27605,F-10,227839
27606,F-10,227840
27607,F-10,227841
27608,F-10,227842
27609,F-10,227850
27610,F-10,227851
27611,F-10,227853
27612,F-10,227855
27613,F-10,227868
27614,F-10,227871
27615,F-10,227874
27616,F-10,227875
27617,F-10,227877
27618,F-10,227878
27619,F-10,227880
27620,F-10,227884
27621,F-10,227887
27622,F-10,227890
27623,F-10,227892
27624,F-10,227898
27625,F-10,227900
27626,F-10,227902
27627,F-10,227907
27628,F-10,227913
27629,F-10,227918
27630,F-10,227924
27631,F-10,227927
27632,F-10,227929
27633,F-10,227943
27634,F-10,227963
27635,F-10,227964
27636,F-10,227966
27637,F-10,227968
27638,F-10,227969
27639,F-10,227971
27640,F-10,227972
27641,F-10,227976
27642,F-10,227978
27643,F-10,227987
27644,F-10,227993
27645,F-10,227996
27646,F-10,227997
27647,F-10,228000
27648,F-10,228001
27649,F-10,228004
27650,F-10,228006
27651,F-10,228007
27652,F-10,228020
27653,F-10,228025
27654,F-10,228031
27655,F-10,228040
27656,F-10,228057
27657,F-10,228058
27658,F-10,228059
27659,F-10,228066
27660,F-10,228067
27661,F-10,228070
27662,F-10,228071
27663,F-10,228073
27664,F-10,228076
27665,F-10,228077
27666,F-10,228080
27667,F-10,228086
27668,F-10,228089
27669,F-10,228095
27670,F-10,228097
27671,F-10,228103
27672,F-10,228109
27673,F-10,228111
27674,F-10,228115
27675,F-10,228117
27676,F-10,228118
27677,F-10,228121
27678,F-10,228125
27679,F-10,228126
27680,F-10,228127
27681,F-10,228130
27682,F-10,228133
27683,F-10,228135
27684,F-10,228143
27685,F-10,228144
27686,F-10,228146
27687,F-10,228149
27688,F-10,228160
27689,F-10,228164
27690,F-10,228167
27691,F-10,228168
27692,F-10,228179
27693,F-10,228182
27694,F-10,228187
27695,F-10,228188
27696,F-10,228197
27697,F-10,228207
27698,F-10,228212
27699,F-10,228221
27700,F-10,228229
27701,F-10,228230
27702,F-10,228235
27703,F-10,228254
27704,F-10,228260
27705,F-10,228267
27706,F-10,228268
27707,F-10,228274
27708,F-10,228276
27709,F-10,228291
27710,F-10,228292
27711,F-10,228296
27712,F-10,228302
27713,F-10,228303
27714,F-10,228308
27715,F-10,228309
27716,F-10,228310
27717,F-10,228313
27718,F-10,228315
27719,F-10,228320
27720,F-10,228330
27721,F-10,228336
27722,F-10,228349
27723,F-10,228355
27724,F-10,228358
27725,F-10,228359
27726,F-10,228360
27727,F-10,228362
27728,F-10,228366
27729,F-10,228368
27730,F-10,228383
27731,F-10,228386
27732,F-10,228389
27733,F-10,228391
27734,F-10,228395
27735,F-10,228398
27736,F-10,228409
27737,F-10,228416
27738,F-10,228419
27739,F-10,228420
27740,F-10,228424
27741,F-10,228431
27742,F-10,228439
27743,F-10,228444
27744,F-10,228446
27745,F-10,228450
27746,F-10,228453
27747,F-10,228465
27748,F-10,228469
27749,F-10,228470
27750,F-10,228472
27751,F-10,228490
27752,F-10,228492
27753,F-10,228494
27754,F-10,228497
27755,F-10,228508
27756,F-10,228511
27757,F-10,228517
27758,F-10,228527
27759,F-10,228531
27760,F-10,228533
27761,F-10,228534
27762,F-10,228535
27763,F-10,228538
27764,F-10,228548
27765,F-10,228560
27766,F-10,228561
27767,F-10,228570
27768,F-10,228571
27769,F-10,228576
27770,F-10,228577
27771,F-10,228578
27772,F-10,228580
27773,F-10,228586
27774,F-10,228587
27775,F-10,228594
27776,F-10,228595
27777,F-10,228597
27778,F-10,228599
27779,F-10,228601
27780,F-10,228605
27781,F-10,228608
27782,F-10,228611
27783,F-10,228618
27784,F-10,228621
27785,F-10,228627
27786,F-10,228632
27787,F-10,228640
27788,F-10,228645
27789,F-10,228646
27790,F-10,228648
27791,F-10,228651
27792,F-10,228659
27793,F-10,228661
27794,F-10,228662
27795,F-10,228681
27796,F-10,228686
27797,F-10,228690
27798,F-10,228700
27799,F-10,228701
27800,F-10,228706
27801,F-10,228723
27802,F-10,228730
27803,F-10,228734
27804,F-10,228735
27805,F-10,228736
27806,F-10,228744
27807,F-10,228745
27808,F-10,228755
27809,F-10,228763
27810,F-10,228767
27811,F-10,228769
27812,F-10,228773
27813,F-10,228777
27814,F-10,228778
27815,F-10,228788
27816,F-10,228795
27817,F-10,228802
27818,F-10,228804
27819,F-10,228807
27820,F-10,228814
27821,F-10,228822
27822,F-10,228827
27823,F-10,228829
27824,F-10,228830
27825,F-10,228831
27826,F-10,228834
27827,F-10,228838
27828,F-10,228846
27829,F-10,228847
27830,F-10,228849
27831,F-10,228856
27832,F-10,228857
27833,F-10,228858
27834,F-10,228864
27835,F-10,228867
27836,F-10,228869
27837,F-10,228872
27838,F-10,228873
27839,F-10,228878
27840,F-10,228879
27841,F-10,228882
27842,F-10,228884
27843,F-10,228888
27844,F-10,228889
27845,F-10,228894
27846,F-10,228895
27847,F-10,228907
27848,F-10,228908
27849,F-10,228909
27850,F-10,228916
27851,F-10,228917
27852,F-10,228922
27853,F-10,228925
27854,F-10,228938
27855,F-10,228941
27856,F-10,228948
27857,F-10,228951
27858,F-10,228953
27859,F-10,228954
27860,F-10,228961
27861,F-10,228974
27862,F-10,228979
27863,F-10,228980
27864,F-10,228983
27865,F-10,228984
27866,F-10,228987
27867,F-10,228989
27868,F-10,228990
27869,F-10,229000
27870,F-10,229003
27871,F-10,229004
27872,F-10,229005
27873,F-10,229021
27874,F-10,229022
27875,F-10,229023
27876,F-10,229026
27877,F-10,229037
27878,F-10,229039
27879,F-10,229045
27880,F-10,229047
27881,F-10,229066
27882,F-10,229067
27883,F-10,229068
27884,F-10,229073
27885,F-10,229075
27886,F-10,229082
27887,F-10,229083
27888,F-10,229092
27889,F-10,229096
27890,F-10,229106
27891,F-10,229108
27892,F-10,229109
27893,F-10,229117
27894,F-10,229119
27895,F-10,229125
27896,F-10,229127
27897,F-10,229134
27898,F-10,229140
27899,F-10,229143
27900,F-10,229145
27901,F-10,229147
27902,F-10,229152
27903,F-10,229158
27904,F-10,229165
27905,F-10,229167
27906,F-10,229180
27907,F-10,229181
27908,F-10,229182
27909,F-10,229184
27910,F-10,229187
27911,F-10,229190
27912,F-10,229194
27913,F-10,229201
27914,F-10,229206
27915,F-10,229210
27916,F-10,229214
27917,F-10,229215
27918,F-10,229221
27919,F-10,229222
27920,F-10,229224
27921,F-10,229228
27922,F-10,229232
27923,F-10,229234
27924,F-10,229244
27925,F-10,229248
27926,F-10,229250
27927,F-10,229253
27928,F-10,229257
27929,F-10,229261
27930,F-10,229262
27931,F-10,229277
27932,F-10,229280
27933,F-10,229282
27934,F-10,229294
27935,F-10,229297
27936,F-10,229300
27937,F-10,229303
27938,F-10,229305
27939,F-10,229321
27940,F-10,229322
27941,F-10,229327
27942,F-10,229332
27943,F-10,229336
27944,F-10,229348
27945,F-10,229353
27946,F-10,229354
27947,F-10,229355
27948,F-10,229360
27949,F-10,229368
27950,F-10,229369
27951,F-10,229370
27952,F-10,229371
27953,F-10,229379
27954,F-10,229381
27955,F-10,229385
27956,F-10,229386
27957,F-10,229394
27958,F-10,229396
27959,F-10,229405
27960,F-10,229410
27961,F-10,229412
27962,F-10,229416
27963,F-10,229422
27964,F-10,229432
27965,F-10,229439
27966,F-10,229443
27967,F-10,229447
27968,F-10,229452
27969,F-10,229456
27970,F-10,229459
27971,F-10,229461
27972,F-10,229470
27973,F-10,229478
27974,F-10,229479
27975,F-10,229487
27976,F-10,229490
27977,F-10,229505
27978,F-10,229508
27979,F-10,229509
27980,F-10,229510
27981,F-10,229514
27982,F-10,229515
27983,F-10,229516
27984,F-10,229523
27985,F-10,229525
27986,F-10,229529
27987,F-10,229532
27988,F-10,229538
27989,F-10,229540
27990,F-10,229541
27991,F-10,229542
27992,F-10,229544
27993,F-10,229557
27994,F-10,229561
27995,F-10,229562
27996,F-10,229565
27997,F-10,229573
27998,F-10,229574
27999,F-10,229575
28000,F-10,229576
28001,F-10,229581
28002,F-10,229590
28003,F-10,229592
28004,F-10,229594
28005,F-10,229606
28006,F-10,229614
28007,F-10,229618
28008,F-10,229619
28009,F-10,229623
28010,F-10,229626
28011,F-10,229629
28012,F-10,229635
28013,F-10,229636
28014,F-10,229645
28015,F-10,229648
28016,F-10,229650
28017,F-10,229651
28018,F-10,229656
28019,F-10,229660
28020,F-10,229662
28021,F-10,229666
28022,F-10,229669
28023,F-10,229670
28024,F-10,229671
28025,F-10,229676
28026,F-10,229679
28027,F-10,229685
28028,F-10,229691
28029,F-10,229694
28030,F-10,229703
28031,F-10,229706
28032,F-10,229707
28033,F-10,229710
28034,F-10,229719
28035,F-10,229729
28036,F-10,229730
28037,F-10,229731
28038,F-10,229732
28039,F-10,229734
28040,F-10,229746
28041,F-10,229747
28042,F-10,229750
28043,F-10,229755
28044,F-10,229757
28045,F-10,229772
28046,F-10,229773
28047,F-10,229774
28048,F-10,229779
28049,F-10,229781
28050,F-10,229787
28051,F-10,229791
28052,F-10,229797
28053,F-10,229798
28054,F-10,229806
28055,F-10,229809
28056,F-10,229813
28057,F-10,229815
28058,F-10,229824
28059,F-10,229838
28060,F-10,229841
28061,F-10,229854
28062,F-10,229858
28063,F-10,229859
28064,F-10,229861
28065,F-10,229866
28066,F-10,229868
28067,F-10,229870
28068,F-10,229872
28069,F-10,229875
28070,F-10,229887
28071,F-10,229899
28072,F-10,229900
28073,F-10,229901
28074,F-10,229902
28075,F-10,229909
28076,F-10,229911
28077,F-10,229915
28078,F-10,229919
28079,F-10,229920
28080,F-10,229924
28081,F-10,229936
28082,F-10,229946
28083,F-10,229951
28084,F-10,229961
28085,F-10,229967
28086,F-10,229969
28087,F-10,229971
28088,F-10,229977
28089,F-10,229982
28090,F-10,229985
28091,F-10,229988
28092,F-10,229990
28093,F-10,229998
28094,F-10,230003
28095,F-10,230013
28096,F-10,230014
28097,F-10,230017
28098,F-10,230022
28099,F-10,230030
28100,F-10,230031
28101,F-10,230043
28102,F-10,230049
28103,F-10,230050
28104,F-10,230051
28105,F-10,230052
28106,F-10,230073
28107,F-10,230078
28108,F-10,230081
28109,F-10,230087
28110,F-10,230090
28111,F-10,230091
28112,F-10,230097
28113,F-10,230107
28114,F-10,230114
28115,F-10,230116
28116,F-10,230126
28117,F-10,230132
28118,F-10,230141
28119,F-10,230150
28120,F-10,230160
28121,F-10,230161
28122,F-10,230166
28123,F-10,230168
28124,F-10,230171
28125,F-10,230177
28126,F-10,230180
28127,F-10,230182
28128,F-10,230189
28129,F-10,230194
28130,F-10,230200
28131,F-10,230205
28132,F-10,230215
28133,F-10,230218
28134,F-10,230225
28135,F-10,230229
28136,F-10,230230
28137,F-10,230232
28138,F-10,230234
28139,F-10,230242
28140,F-10,230256
28141,F-10,230260
28142,F-10,230261
28143,F-10,230266
28144,F-10,230272
28145,F-10,230274
28146,F-10,230281
28147,F-10,230282
28148,F-10,230285
28149,F-10,230286
28150,F-10,230288
28151,F-10,230292
28152,F-10,230299
28153,F-10,230311
28154,F-10,230316
28155,F-10,230321
28156,F-10,230326
28157,F-10,230330
28158,F-10,230333
28159,F-10,230335
28160,F-10,230337
28161,F-10,230342
28162,F-10,230353
28163,F-10,230359
28164,F-10,230362
28165,F-10,230365
28166,F-10,230371
28167,F-10,230377
28168,F-10,230386
28169,F-10,230391
28170,F-10,230396
28171,F-10,230398
28172,F-10,230400
28173,F-10,230410
28174,F-10,230415
28175,F-10,230418
28176,F-10,230421
28177,F-10,230427
28178,F-10,230437
28179,F-10,230439
28180,F-10,230441
28181,F-10,230446
28182,F-10,230447
28183,F-10,230457
28184,F-10,230476
28185,F-10,230479
28186,F-10,230490
28187,F-10,230511
28188,F-10,230515
28189,F-10,230517
28190,F-10,230524
28191,F-10,230526
28192,F-10,230527
28193,F-10,230528
28194,F-10,230530
28195,F-10,230535
28196,F-10,230537
28197,F-10,230551
28198,F-10,230556
28199,F-10,230560
28200,F-10,230565
28201,F-10,230566
28202,F-10,230567
28203,F-10,230570
28204,F-10,230573
28205,F-10,230575
28206,F-10,230582
28207,F-10,230600
28208,F-10,230601
28209,F-10,230603
28210,F-10,230608
28211,F-10,230622
28212,F-10,230631
28213,F-10,230635
28214,F-10,230642
28215,F-10,230644
28216,F-10,230647
28217,F-10,230649
28218,F-10,230658
28219,F-10,230664
28220,F-10,230667
28221,F-10,230670
28222,F-10,230671
28223,F-10,230687
28224,F-10,230693
28225,F-10,230698
28226,F-10,230702
28227,F-10,230711
28228,F-10,230722
28229,F-10,230723
28230,F-10,230724
28231,F-10,230727
28232,F-10,230728
28233,F-10,230732
28234,F-10,230741
28235,F-10,230757
28236,F-10,230758
28237,F-10,230767
28238,F-10,230774
28239,F-10,230775
28240,F-10,230780
28241,F-10,230782
28242,F-10,230788
28243,F-10,230792
28244,F-10,230794
28245,F-10,230796
28246,F-10,230800
28247,F-10,230817
28248,F-10,230821
28249,F-10,230822
28250,F-10,230830
28251,F-10,230831
28252,F-10,230832
28253,F-10,230834
28254,F-10,230844
28255,F-10,230870
28256,F-10,230875
28257,F-10,230877
28258,F-10,230879
28259,F-10,230885
28260,F-10,230887
28261,F-10,230890
28262,F-10,230902
28263,F-10,230903
28264,F-10,230904
28265,F-10,230913
28266,F-10,230915
28267,F-10,230919
28268,F-10,230921
28269,F-10,230934
28270,F-10,230938
28271,F-10,230940
28272,F-10,230948
28273,F-10,230955
28274,F-10,230959
28275,F-10,230961
28276,F-10,230966
28277,F-10,230969
28278,F-10,230971
28279,F-10,230973
28280,F-10,230978
28281,F-10,230979
28282,F-10,230988
28283,F-10,230991
28284,F-10,231001
28285,F-10,231009
28286,F-10,231013
28287,F-10,231015
28288,F-10,231018
28289,F-10,231024
28290,F-10,231029
28291,F-10,231040
28292,F-10,231041
28293,F-10,231051
28294,F-10,231053
28295,F-10,231055
28296,F-10,231058
28297,F-10,231064
28298,F-10,231065
28299,F-10,231079
28300,F-10,231089
28301,F-10,231096
28302,F-10,231102
28303,F-10,231113
28304,F-10,231120
28305,F-10,231139
28306,F-10,231144
28307,F-10,231147
28308,F-10,231148
28309,F-10,231159
28310,F-10,231170
28311,F-10,231176
28312,F-10,231182
28313,F-10,231184
28314,F-10,231201
28315,F-10,231205
28316,F-10,231214
28317,F-10,231218
28318,F-10,231227
28319,F-10,231234
28320,F-10,231238
28321,F-10,231240
28322,F-10,231245
28323,F-10,231246
28324,F-10,231250
28325,F-10,231261
28326,F-10,231269
28327,F-10,231279
28328,F-10,231281
28329,F-10,231286
28330,F-10,231288
28331,F-10,231289
28332,F-10,231290
28333,F-10,231291
28334,F-10,231292
28335,F-10,231294
28336,F-10,231296
28337,F-10,231299
28338,F-10,231300
28339,F-10,231304
28340,F-10,231306
28341,F-10,231309
28342,F-10,231314
28343,F-10,231318
28344,F-10,231328
28345,F-10,231332
28346,F-10,231333
28347,F-10,231335
28348,F-10,231338
28349,F-10,231353
28350,F-10,231355
28351,F-10,231360
28352,F-10,231373
28353,F-10,231402
28354,F-10,231405
28355,F-10,231411
28356,F-10,231416
28357,F-10,231417
28358,F-10,231423
28359,F-10,231425
28360,F-10,231426
28361,F-10,231429
28362,F-10,231432
28363,F-10,231434
28364,F-10,231435
28365,F-10,231438
28366,F-10,231447
28367,F-10,231468
28368,F-10,231470
28369,F-10,231471
28370,F-10,231476
28371,F-10,231483
28372,F-10,231485
28373,F-10,231490
28374,F-10,231500
28375,F-10,231513
28376,F-10,231517
28377,F-10,231522
28378,F-10,231525
28379,F-10,231530
28380,F-10,231531
28381,F-10,231535
28382,F-10,231541
28383,F-10,231545
28384,F-10,231548
28385,F-10,231549
28386,F-10,231550
28387,F-10,231557
28388,F-10,231558
28389,F-10,231561
28390,F-10,231564
28391,F-10,231566
28392,F-10,231572
28393,F-10,231574
28394,F-10,231577
28395,F-10,231580
28396,F-10,231582
28397,F-10,231583
28398,F-10,231595
28399,F-10,231603
28400,F-10,231607
28401,F-10,231611
28402,F-10,231616
28403,F-10,231625
28404,F-10,231632
28405,F-10,231634
28406,F-10,231645
28407,F-10,231646
28408,F-10,231654
28409,F-10,231663
28410,F-10,231668
28411,F-10,231676
28412,F-10,231680
28413,F-10,231686
28414,F-10,231692
28415,F-10,231693
28416,F-10,231698
28417,F-10,231702
28418,F-10,231711
28419,F-10,231714
28420,F-10,231718
28421,F-10,231722
28422,F-10,231723
28423,F-10,231728
28424,F-10,231730
28425,F-10,231732
28426,F-10,231738
28427,F-10,231740
28428,F-10,231741
28429,F-10,231748
28430,F-10,231749
28431,F-10,231754
28432,F-10,231758
28433,F-10,231759
28434,F-10,231774
28435,F-10,231777
28436,F-10,231780
28437,F-10,231786
28438,F-10,231795
28439,F-10,231798
28440,F-10,231800
28441,F-10,231803
28442,F-10,231817
28443,F-10,231818
28444,F-10,231822
28445,F-10,231826
28446,F-10,231827
28447,F-10,231828
28448,F-10,231829
28449,F-10,231838
28450,F-10,231840
28451,F-10,231841
28452,F-10,231872
28453,F-10,231873
28454,F-10,231877
28455,F-10,231882
28456,F-10,231884
28457,F-10,231885
28458,F-10,231890
28459,F-10,231891
28460,F-10,231896
28461,F-10,231902
28462,F-10,231911
28463,F-10,231928
28464,F-10,231929
28465,F-10,231935
28466,F-10,231946
28467,F-10,231949
28468,F-10,231952
28469,F-10,231963
28470,F-10,231964
28471,F-10,231971
28472,F-10,231978
28473,F-10,231981
28474,F-10,231992
28475,F-10,231995
28476,F-10,231998
28477,F-10,231999
28478,F-10,232000
28479,F-10,232001
28480,F-10,232010
28481,F-10,232023
28482,F-10,232025
28483,F-10,232033
28484,F-10,232043
28485,F-10,232045
28486,F-10,232052
28487,F-10,232054
28488,F-10,232056
28489,F-10,232057
28490,F-10,232073
28491,F-10,232074
28492,F-10,232083
28493,F-10,232114
28494,F-10,232115
28495,F-10,232125
28496,F-10,232129
28497,F-10,232139
28498,F-10,232152
28499,F-10,232153
28500,F-10,232161
28501,F-10,232166
28502,F-10,232175
28503,F-10,232190
28504,F-10,232193
28505,F-10,232206
28506,F-10,232210
28507,F-10,232215
28508,F-10,232218
28509,F-10,232229
28510,F-10,232230
28511,F-10,232233
28512,F-10,232235
28513,F-10,232241
28514,F-10,232246
28515,F-10,232254
28516,F-10,232258
28517,F-10,232273
28518,F-10,232277
28519,F-10,232280
28520,F-10,232283
28521,F-10,232284
28522,F-10,232296
28523,F-10,232304
28524,F-10,232306
28525,F-10,232308
28526,F-10,232313
28527,F-10,232317
28528,F-10,232319
28529,F-10,232322
28530,F-10,232325
28531,F-10,232328
28532,F-10,232334
28533,F-10,232365
28534,F-10,232366
28535,F-10,232371
28536,F-10,232374
28537,F-10,232375
28538,F-10,232379
28539,F-10,232389
28540,F-10,232401
28541,F-10,232402
28542,F-10,232412
28543,F-10,232415
28544,F-10,232424
28545,F-10,232427
28546,F-10,232436
28547,F-10,232442
28548,F-10,232447
28549,F-10,232452
28550,F-10,232476
28551,F-10,232482
28552,F-10,232483
28553,F-10,232498
28554,F-10,232507
28555,F-10,232511
28556,F-10,232516
28557,F-10,232521
28558,F-10,232529
28559,F-10,232531
28560,F-10,232534
28561,F-10,232537
28562,F-10,232542
28563,F-10,232545
28564,F-10,232561
28565,F-10,232564
28566,F-10,232566
28567,F-10,232573
28568,F-10,232574
28569,F-10,232583
28570,F-10,232597
28571,F-10,232599
28572,F-10,232608
28573,F-10,232611
28574,F-10,232612
28575,F-10,232615
28576,F-10,232627
28577,F-10,232629
28578,F-10,232633
28579,F-10,232635
28580,F-10,232636
28581,F-10,232637
28582,F-10,232638
28583,F-10,232641
28584,F-10,232643
28585,F-10,232644
28586,F-10,232653
28587,F-10,232654
28588,F-10,232658
28589,F-10,232663
28590,F-10,232667
28591,F-10,232673
28592,F-10,232678
28593,F-10,232679
28594,F-10,232686
28595,F-10,232695
28596,F-10,232704
28597,F-10,232707
28598,F-10,232710
28599,F-10,232711
28600,F-10,232712
28601,F-10,232714
28602,F-10,232715
28603,F-10,232723
28604,F-10,232724
28605,F-10,232727
28606,F-10,232736
28607,F-10,232739
28608,F-10,232748
28609,F-10,232760
28610,F-10,232779
28611,F-10,232784
28612,F-10,232791
28613,F-10,232801
28614,F-10,232805
28615,F-10,232819
28616,F-10,232824
28617,F-10,232825
28618,F-10,232829
28619,F-10,232840
28620,F-10,232845
28621,F-10,232847
28622,F-10,232854
28623,F-10,232859
28624,F-10,232863
28625,F-10,232866
28626,F-10,232868
28627,F-10,232870
28628,F-10,232876
28629,F-10,232879
28630,F-10,232884
28631,F-10,232885
28632,F-10,232886
28633,F-10,232898
28634,F-10,232905
28635,F-10,232907
28636,F-10,232909
28637,F-10,232910
28638,F-10,232912
28639,F-10,232917
28640,F-10,232919
28641,F-10,232929
28642,F-10,232934
28643,F-10,232937
28644,F-10,232939
28645,F-10,232941
28646,F-10,232942
28647,F-10,232945
28648,F-10,232951
28649,F-10,232952
28650,F-10,232954
28651,F-10,232956
28652,F-10,232959
28653,F-10,232963
28654,F-10,232966
28655,F-10,232973
28656,F-10,232975
28657,F-10,232977
28658,F-10,232985
28659,F-10,232988
28660,F-10,232991
28661,F-10,232999
28662,F-10,233000
28663,F-10,233008
28664,F-10,233014
28665,F-10,233017
28666,F-10,233019
28667,F-10,233024
28668,F-10,233029
28669,F-10,233031
28670,F-10,233034
28671,F-10,233037
28672,F-10,233042
28673,F-10,233047
28674,F-10,233053
28675,F-10,233055
28676,F-10,233058
28677,F-10,233060
28678,F-10,233062
28679,F-10,233069
28680,F-10,233082
28681,F-10,233088
28682,F-10,233096
28683,F-10,233097
28684,F-10,233102
28685,F-10,233106
28686,F-10,233108
28687,F-10,233110
28688,F-10,233112
28689,F-10,233114
28690,F-10,233118
28691,F-10,233129
28692,F-10,233132
28693,F-10,233137
28694,F-10,233146
28695,F-10,233147
28696,F-10,233149
28697,F-10,233150
28698,F-10,233153
28699,F-10,233154
28700,F-10,233155
28701,F-10,233157
28702,F-10,233160
28703,F-10,233167
28704,F-10,233168
28705,F-10,233171
28706,F-10,233182
28707,F-10,233186
28708,F-10,233190
28709,F-10,233191
28710,F-10,233196
28711,F-10,233206
28712,F-10,233208
28713,F-10,233213
28714,F-10,233216
28715,F-10,233222
28716,F-10,233227
28717,F-10,233243
28718,F-10,233244
28719,F-10,233255
28720,F-10,233265
28721,F-10,233274
28722,F-10,233275
28723,F-10,233279
28724,F-10,233288
28725,F-10,233289
28726,F-10,233292
28727,F-10,233295
28728,F-10,233296
28729,F-10,233301
28730,F-10,233318
28731,F-10,233330
28732,F-10,233331
28733,F-10,233367
28734,F-10,233369
28735,F-10,233372
28736,F-10,233374
28737,F-10,233377
28738,F-10,233381
28739,F-10,233382
28740,F-10,233384
28741,F-10,233386
28742,F-10,233391
28743,F-10,233395
28744,F-10,233398
28745,F-10,233399
28746,F-10,233402
28747,F-10,233404
28748,F-10,233406
28749,F-10,233411
28750,F-10,233416
28751,F-10,233426
28752,F-10,233429
28753,F-10,233445
28754,F-10,233448
28755,F-10,233452
28756,F-10,233456
28757,F-10,233458
28758,F-10,233460
28759,F-10,233470
28760,F-10,233473
28761,F-10,233475
28762,F-10,233477
28763,F-10,233482
28764,F-10,233484
28765,F-10,233486
28766,F-10,233487
28767,F-10,233491
28768,F-10,233499
28769,F-10,233514
28770,F-10,233517
28771,F-10,233518
28772,F-10,233521
28773,F-10,233526
28774,F-10,233530
28775,F-10,233536
28776,F-10,233543
28777,F-10,233547
28778,F-10,233555
28779,F-11,233558
28780,F-11,233582
28781,F-11,233586
28782,F-11,233590
28783,F-11,233595
28784,F-11,233596
28785,F-11,233604
28786,F-11,233626
28787,F-11,233633
28788,F-11,233634
28789,F-11,233635
28790,F-11,233645
28791,F-11,233648
28792,F-11,233658
28793,F-11,233660
28794,F-11,233671
28795,F-11,233673
28796,F-11,233675
28797,F-11,233698
28798,F-11,233699
28799,F-11,233708
28800,F-11,233710
28801,F-11,233727
28802,F-11,233744
28803,F-11,233750
28804,F-11,233753
28805,F-11,233756
28806,F-11,233757
28807,F-11,233762
28808,F-11,233763
28809,F-11,233764
28810,F-11,233770
28811,F-11,233771
28812,F-11,233772
28813,F-11,233814
28814,F-11,233827
28815,F-11,233831
28816,F-11,233837
28817,F-11,233843
28818,F-11,233846
28819,F-11,233848
28820,F-11,233856
28821,F-11,233867
28822,F-11,233897
28823,F-11,233899
28824,F-11,233905
28825,F-11,233923
28826,F-11,233926
28827,F-11,233931
28828,F-11,233943
28829,F-11,233944
28830,F-11,233958
28831,F-11,233973
28832,F-11,233979
28833,F-11,233983
28834,F-11,233998
28835,F-11,234008
28836,F-11,234011
28837,F-11,234013
28838,F-11,234016
28839,F-11,234030
28840,F-11,234041
28841,F-11,234049
28842,F-11,234051
28843,F-11,234052
28844,F-11,234054
28845,F-11,234055
28846,F-11,234063
28847,F-11,234064
28848,F-11,234072
28849,F-11,234076
28850,F-11,234079
28851,F-11,234096
28852,F-11,234100
28853,F-11,234160
28854,F-11,234161
28855,F-11,234168
28856,F-11,234182
28857,F-11,234199
28858,F-11,234201
28859,F-11,234220
28860,F-11,234223
28861,F-11,234237
28862,F-11,234239
28863,F-11,234242
28864,F-11,234250
28865,F-11,234257
28866,F-11,234261
28867,F-11,234270
28868,F-11,234286
28869,F-11,234288
28870,F-11,234291
28871,F-11,234293
28872,F-11,234305
28873,F-11,234306
28874,F-11,234307
28875,F-11,234310
28876,F-11,234319
28877,F-11,234326
28878,F-11,234329
28879,F-11,234334
28880,F-11,234342
28881,F-11,234345
28882,F-11,234347
28883,F-11,234348
28884,F-11,234364
28885,F-11,234366
28886,F-11,234372
28887,F-11,234377
28888,F-11,234378
28889,F-11,234400
28890,F-11,234411
28891,F-11,234430
28892,F-11,234431
28893,F-11,234433
28894,F-11,234438
28895,F-11,234451
28896,F-11,234458
28897,F-11,234471
28898,F-11,234480
28899,F-11,234488
28900,F-11,234508
28901,F-11,234510
28902,F-11,234514
28903,F-11,234517
28904,F-11,234530
28905,F-11,234538
28906,F-11,234539
28907,F-11,234544
28908,F-11,234559
28909,F-11,234567
28910,F-11,234599
28911,F-11,234620
28912,F-11,234641
28913,F-11,234643
28914,F-11,234652
28915,F-11,234653
28916,F-11,234667
28917,F-11,234668
28918,F-11,234677
28919,F-11,234682
28920,F-11,234685
28921,F-11,234686
28922,F-11,234704
28923,F-11,234725
28924,F-11,234730
28925,F-11,234737
28926,F-11,234745
28927,F-11,234760
28928,F-11,234766
28929,F-11,234774
28930,F-11,234784
28931,F-11,234787
28932,F-11,234794
28933,F-11,234811
28934,F-11,234822
28935,F-11,234829
28936,F-11,234858
28937,F-11,234863
28938,F-11,234864
28939,F-11,234867
28940,F-11,234873
28941,F-11,234877
28942,F-11,234878
28943,F-11,234887
28944,F-11,234897
28945,F-11,234912
28946,F-11,234922
28947,F-11,234931
28948,F-11,234955
28949,F-11,234968
28950,F-11,234987
28951,F-11,234995
28952,F-11,234996
28953,F-11,235005
28954,F-11,235015
28955,F-11,235026
28956,F-11,235035
28957,F-11,235055
28958,F-11,235056
28959,F-11,235057
28960,F-11,235059
28961,F-11,235060
28962,F-11,235066
28963,F-11,235068
28964,F-11,235080
28965,F-11,235081
28966,F-11,235083
28967,F-11,235084
28968,F-11,235085
28969,F-11,235093
28970,F-11,235097
28971,F-11,235108
28972,F-11,235111
28973,F-11,235114
28974,F-11,235118
28975,F-11,235123
28976,F-11,235139
28977,F-11,235141
28978,F-11,235154
28979,F-11,235155
28980,F-11,235168
28981,F-11,235176
28982,F-11,235184
28983,F-11,235189
28984,F-11,235199
28985,F-11,235222
28986,F-11,235224
28987,F-11,235225
28988,F-11,235262
28989,F-11,235278
28990,F-11,235281
28991,F-11,235285
28992,F-11,235288
28993,F-11,235293
28994,F-11,235304
28995,F-11,235315
28996,F-11,235320
28997,F-11,235321
28998,F-11,235324
28999,F-11,235328
29000,F-11,235332
29001,F-11,235333
29002,F-11,235337
29003,F-11,235338
29004,F-11,235343
29005,F-11,235347
29006,F-11,235355
29007,F-11,235363
29008,F-11,235367
29009,F-11,235374
29010,F-11,235406
29011,F-11,235423
29012,F-11,235425
29013,F-11,235443
29014,F-11,235475
29015,F-11,235481
29016,F-11,235485
29017,F-11,235491
29018,F-11,235501
29019,F-11,235508
29020,F-11,235517
29021,F-11,235524
29022,F-11,235526
29023,F-11,235530
29024,F-11,235538
29025,F-11,235540
29026,F-11,235544
29027,F-11,235546
29028,F-11,235553
29029,F-11,235554
29030,F-11,235564
29031,F-11,235574
29032,F-11,235586
29033,F-11,235594
29034,F-11,235599
29035,F-11,235602
29036,F-11,235604
29037,F-11,235612
29038,F-11,235622
29039,F-11,235627
29040,F-11,235628
29041,F-11,235648
29042,F-11,235649
29043,F-11,235656
29044,F-11,235663
29045,F-11,235667
29046,F-11,235669
29047,F-11,235679
29048,F-11,235695
29049,F-11,235702
29050,F-11,235705
29051,F-11,235711
29052,F-11,235714
29053,F-11,235730
29054,F-11,235731
29055,F-11,235737
29056,F-11,235739
29057,F-11,235755
29058,F-11,235769
29059,F-11,235772
29060,F-11,235788
29061,F-11,235791
29062,F-11,235822
29063,F-11,235831
29064,F-11,235835
29065,F-11,235836
29066,F-11,235847
29067,F-11,235855
29068,F-11,235858
29069,F-11,235872
29070,F-11,235876
29071,F-11,235887
29072,F-11,235897
29073,F-11,235900
29074,F-11,235902
29075,F-11,235903
29076,F-11,235912
29077,F-11,235918
29078,F-11,235924
29079,F-11,235928
29080,F-11,235932
29081,F-11,235939
29082,F-11,235940
29083,F-11,235955
29084,F-11,235970
29085,F-11,235978
29086,F-11,236008
29087,F-11,236012
29088,F-11,236013
29089,F-11,236040
29090,F-11,236044
29091,F-11,236045
29092,F-11,236062
29093,F-11,236064
29094,F-11,236070
29095,F-11,236079
29096,F-11,236098
29097,F-11,236108
29098,F-11,236117
29099,F-11,236120
29100,F-11,236125
29101,F-11,236130
29102,F-11,236132
29103,F-11,236134
29104,F-11,236138
29105,F-11,236147
29106,F-11,236153
29107,F-11,236161
29108,F-11,236164
29109,F-11,236171
29110,F-11,236176
29111,F-11,236177
29112,F-11,236200
29113,F-11,236201
29114,F-11,236209
29115,F-11,236235
29116,F-11,236238
29117,F-11,236247
29118,F-11,236259
29119,F-11,236266
29120,F-11,236279
29121,F-11,236282
29122,F-11,236284
29123,F-11,236291
29124,F-11,236294
29125,F-11,236313
29126,F-11,236315
29127,F-11,236318
29128,F-11,236345
29129,F-11,236359
29130,F-11,236364
29131,F-11,236369
29132,F-11,236374
29133,F-11,236378
29134,F-11,236389
29135,F-11,236390
29136,F-11,236392
29137,F-11,236400
29138,F-11,236401
29139,F-11,236402
29140,F-11,236410
29141,F-11,236427
29142,F-11,236436
29143,F-11,236445
29144,F-11,236450
29145,F-11,236452
29146,F-11,236457
29147,F-11,236458
29148,F-11,236461
29149,F-11,236482
29150,F-11,236483
29151,F-11,236495
29152,F-11,236509
29153,F-11,236515
29154,F-11,236521
29155,F-11,236531
29156,F-11,236533
29157,F-11,236534
29158,F-11,236543
29159,F-11,236546
29160,F-11,236547
29161,F-11,236553
29162,F-11,236556
29163,F-11,236565
29164,F-11,236571
29165,F-11,236611
29166,F-11,236623
29167,F-11,236627
29168,F-11,236632
29169,F-11,236639
29170,F-11,236645
29171,F-11,236647
29172,F-11,236649
29173,F-11,236656
29174,F-11,236696
29175,F-11,236698
29176,F-11,236712
29177,F-11,236716
29178,F-11,236729
29179,F-11,236731
29180,F-11,236743
29181,F-11,236753
29182,F-11,236756
29183,F-11,236757
29184,F-11,236776
29185,F-11,236781
29186,F-11,236786
29187,F-11,236787
29188,F-11,236796
29189,F-11,236808
29190,F-11,236820
29191,F-11,236822
29192,F-11,236828
29193,F-11,236832
29194,F-11,236835
29195,F-11,236856
29196,F-11,236859
29197,F-11,236860
29198,F-11,236869
29199,F-11,236876
29200,F-11,236932
29201,F-11,236956
29202,F-11,236958
29203,F-11,236962
29204,F-11,236964
29205,F-11,236978
29206,F-11,236980
29207,F-11,236984
29208,F-11,236986
29209,F-11,237001
29210,F-11,237002
29211,F-11,237008
29212,F-11,237015
29213,F-11,237026
29214,F-11,237030
29215,F-11,237031
29216,F-11,237040
29217,F-11,237056
29218,F-11,237064
29219,F-11,237068
29220,F-11,237071
29221,F-11,237073
29222,F-11,237089
29223,F-11,237094
29224,F-11,237097
29225,F-11,237107
29226,F-11,237126
29227,F-11,237131
29228,F-11,237133
29229,F-11,237134
29230,F-11,237141
29231,F-11,237144
29232,F-11,237146
29233,F-11,237148
29234,F-11,237150
29235,F-11,237157
29236,F-11,237158
29237,F-11,237164
29238,F-11,237230
29239,F-11,237240
29240,F-11,237247
29241,F-11,237249
29242,F-11,237270
29243,F-11,237272
29244,F-11,237275
29245,F-11,237277
29246,F-11,237283
29247,F-11,237294
29248,F-11,237306
29249,F-11,237310
29250,F-11,237316
29251,F-11,237321
29252,F-11,237325
29253,F-11,237341
29254,F-11,237354
29255,F-11,237377
29256,F-11,237379
29257,F-11,237383
29258,F-11,237399
29259,F-11,237411
29260,F-11,237416
29261,F-11,237421
29262,F-11,237444
29263,F-11,237448
29264,F-11,237450
29265,F-11,237467
29266,F-11,237471
29267,F-11,237473
29268,F-11,237478
29269,F-11,237484
29270,F-11,237507
29271,F-11,237510
29272,F-11,237515
29273,F-11,237524
29274,F-11,237525
29275,F-11,237531
29276,F-11,237535
29277,F-11,237551
29278,F-11,237555
29279,F-11,237558
29280,F-11,237565
29281,F-11,237587
29282,F-11,237594
29283,F-11,237599
29284,F-11,237623
29285,F-11,237639
29286,F-11,237644
29287,F-11,237646
29288,F-11,237649
29289,F-11,237652
29290,F-11,237657
29291,F-11,237658
29292,F-11,237665
29293,F-11,237671
29294,F-11,237681
29295,F-11,237683
29296,F-11,237706
29297,F-11,237709
29298,F-11,237719
29299,F-11,237720
29300,F-11,237726
29301,F-11,237733
29302,F-11,237739
29303,F-11,237747
29304,F-11,237763
29305,F-11,237775
29306,F-11,237797
29307,F-11,237798
29308,F-11,237801
29309,F-11,237809
29310,F-11,237829
29311,F-11,237838
29312,F-11,237839
29313,F-11,237847
29314,F-11,237876
29315,F-11,237887
29316,F-11,237889
29317,F-11,237897
29318,F-11,237905
29319,F-11,237909
29320,F-11,237911
29321,F-11,237915
29322,F-11,237928
29323,F-11,237930
29324,F-11,237933
29325,F-11,237935
29326,F-11,237936
29327,F-11,237937
29328,F-11,237939
29329,F-11,237949
29330,F-11,237952
29331,F-11,237954
29332,F-11,237994
29333,F-11,238004
29334,F-11,238016
29335,F-11,238017
29336,F-11,238020
29337,F-11,238024
29338,F-11,238056
29339,F-11,238061
29340,F-11,238073
29341,F-11,238078
29342,F-11,238079
29343,F-11,238089
29344,F-11,238091
29345,F-11,238093
29346,F-11,238108
29347,F-11,238110
29348,F-11,238115
29349,F-11,238120
29350,F-11,238125
29351,F-11,238140
29352,F-11,238145
29353,F-11,238153
29354,F-11,238155
29355,F-11,238165
29356,F-11,238186
29357,F-11,238202
29358,F-11,238226
29359,F-11,238262
29360,F-11,238278
29361,F-11,238280
29362,F-11,238284
29363,F-11,238285
29364,F-11,238297
29365,F-11,238299
29366,F-11,238313
29367,F-11,238332
29368,F-11,238334
29369,F-11,238339
29370,F-11,238347
29371,F-11,238352
29372,F-11,238353
29373,F-11,238365
29374,F-11,238367
29375,F-11,238385
29376,F-11,238393
29377,F-11,238397
29378,F-11,238413
29379,F-11,238419
29380,F-11,238426
29381,F-11,238431
29382,F-11,238432
29383,F-11,238441
29384,F-11,238445
29385,F-11,238450
29386,F-11,238467
29387,F-11,238471
29388,F-11,238491
29389,F-11,238500
29390,F-11,238508
29391,F-11,238515
29392,F-11,238530
29393,F-11,238537
29394,F-11,238539
29395,F-11,238545
29396,F-11,238557
29397,F-11,238558
29398,F-11,238565
29399,F-11,238575
29400,F-11,238584
29401,F-11,238592
29402,F-11,238593
29403,F-11,238595
29404,F-11,238614
29405,F-11,238624
29406,F-11,238625
29407,F-11,238626
29408,F-11,238628
29409,F-11,238638
29410,F-11,238639
29411,F-11,238641
29412,F-11,238642
29413,F-11,238644
29414,F-11,238650
29415,F-11,238656
29416,F-11,238663
29417,F-11,238670
29418,F-11,238671
29419,F-11,238674
29420,F-11,238688
29421,F-11,238689
29422,F-11,238692
29423,F-11,238693
29424,F-11,238697
29425,F-11,238709
29426,F-11,238710
29427,F-11,238715
29428,F-11,238722
29429,F-11,238728
29430,F-11,238729
29431,F-11,238735
29432,F-11,238739
29433,F-11,238746
29434,F-11,238758
29435,F-11,238764
29436,F-11,238771
29437,F-11,238774
29438,F-11,238784
29439,F-11,238793
29440,F-11,238799
29441,F-11,238802
29442,F-11,238807
29443,F-11,238817
29444,F-11,238821
29445,F-11,238825
29446,F-11,238826
29447,F-11,238828
29448,F-11,238836
29449,F-11,238867
29450,F-11,238892
29451,F-11,238904
29452,F-11,238911
29453,F-11,238913
29454,F-11,238914
29455,F-11,238926
29456,F-11,238927
29457,F-11,238930
29458,F-11,238949
29459,F-11,238950
29460,F-11,238968
29461,F-11,238976
29462,F-11,238977
29463,F-11,238986
29464,F-11,238988
29465,F-11,238989
29466,F-11,238990
29467,F-11,238992
29468,F-11,238999
29469,F-11,239002
29470,F-11,239037
29471,F-11,239044
29472,F-11,239059
29473,F-11,239061
29474,F-11,239069
29475,F-11,239070
29476,F-11,239074
29477,F-11,239076
29478,F-11,239079
29479,F-11,239088
29480,F-11,239098
29481,F-11,239108
29482,F-11,239124
29483,F-11,239125
29484,F-11,239132
29485,F-11,239158
29486,F-11,239169
29487,F-11,239173
29488,F-11,239176
29489,F-11,239181
29490,F-11,239186
29491,F-11,239187
29492,F-11,239193
29493,F-11,239195
29494,F-11,239207
29495,F-11,239211
29496,F-11,239212
29497,F-11,239213
29498,F-11,239218
29499,F-11,239221
29500,F-11,239225
29501,F-11,239233
29502,F-11,239242
29503,F-11,239245
29504,F-11,239266
29505,F-11,239275
29506,F-11,239280
29507,F-11,239284
29508,F-11,239287
29509,F-11,239288
29510,F-11,239289
29511,F-11,239290
29512,F-11,239291
29513,F-11,239301
29514,F-11,239303
29515,F-11,239313
29516,F-11,239314
29517,F-11,239315
29518,F-11,239319
29519,F-11,239326
29520,F-11,239330
29521,F-11,239341
29522,F-11,239342
29523,F-11,239343
29524,F-11,239347
29525,F-11,239356
29526,F-11,239358
29527,F-11,239375
29528,F-11,239384
29529,F-11,239387
29530,F-11,239396
29531,F-11,239402
29532,F-11,239424
29533,F-11,239425
29534,F-11,239431
29535,F-11,239432
29536,F-11,239443
29537,F-11,239459
29538,F-11,239472
29539,F-11,239478
29540,F-11,239502
29541,F-11,239518
29542,F-11,239522
29543,F-11,239531
29544,F-11,239533
29545,F-11,239539
29546,F-11,239542
29547,F-11,239555
29548,F-11,239570
29549,F-11,239581
29550,F-11,239588
29551,F-11,239593
29552,F-11,239599
29553,F-11,239610
29554,F-11,239611
29555,F-11,239614
29556,F-11,239617
29557,F-11,239624
29558,F-11,239656
29559,F-11,239679
29560,F-11,239684
29561,F-11,239695
29562,F-11,239696
29563,F-11,239699
29564,F-11,239705
29565,F-11,239715
29566,F-11,239716
29567,F-11,239721
29568,F-11,239731
29569,F-11,239750
29570,F-11,239754
29571,F-11,239766
29572,F-11,239768
29573,F-11,239769
29574,F-11,239786
29575,F-11,239804
29576,F-11,239808
29577,F-11,239810
29578,F-11,239841
29579,F-11,239851
29580,F-11,239852
29581,F-11,239856
29582,F-11,239857
29583,F-11,239859
29584,F-11,239864
29585,F-11,239869
29586,F-11,239874
29587,F-11,239894
29588,F-11,239904
29589,F-11,239924
29590,F-11,239928
29591,F-11,239945
29592,F-11,239947
29593,F-11,239952
29594,F-11,239965
29595,F-11,239966
29596,F-11,239998
29597,F-11,239999
29598,F-11,240000
29599,F-11,240013
29600,F-11,240017
29601,F-11,240028
29602,F-11,240029
29603,F-11,240031
29604,F-11,240032
29605,F-11,240035
29606,F-11,240055
29607,F-11,240068
29608,F-11,240070
29609,F-11,240073
29610,F-11,240078
29611,F-11,240112
29612,F-11,240120
29613,F-11,240126
29614,F-11,240132
29615,F-11,240141
29616,F-11,240143
29617,F-11,240146
29618,F-11,240169
29619,F-11,240170
29620,F-11,240176
29621,F-11,240185
29622,F-11,240189
29623,F-11,240191
29624,F-11,240204
29625,F-11,240210
29626,F-11,240211
29627,F-11,240213
29628,F-11,240222
29629,F-11,240227
29630,F-11,240231
29631,F-11,240235
29632,F-11,240239
29633,F-11,240250
29634,F-11,240259
29635,F-11,240263
29636,F-11,240271
29637,F-11,240276
29638,F-11,240277
29639,F-11,240293
29640,F-11,240294
29641,F-11,240297
29642,F-11,240307
29643,F-11,240322
29644,F-11,240341
29645,F-11,240348
29646,F-11,240350
29647,F-11,240369
29648,F-11,240371
29649,F-11,240376
29650,F-11,240387
29651,F-11,240389
29652,F-11,240403
29653,F-11,240409
29654,F-11,240410
29655,F-11,240424
29656,F-11,240433
29657,F-11,240435
29658,F-11,240441
29659,F-11,240442
29660,F-11,240460
29661,F-11,240461
29662,F-11,240471
29663,F-11,240487
29664,F-11,240491
29665,F-11,240494
29666,F-11,240501
29667,F-11,240503
29668,F-11,240524
29669,F-11,240536
29670,F-11,240539
29671,F-11,240540
29672,F-11,240554
29673,F-11,240557
29674,F-11,240559
29675,F-11,240591
29676,F-11,240601
29677,F-11,240606
29678,F-11,240612
29679,F-11,240613
29680,F-11,240619
29681,F-11,240623
29682,F-11,240630
29683,F-11,240631
29684,F-11,240634
29685,F-11,240643
29686,F-11,240647
29687,F-11,240671
29688,F-11,240683
29689,F-11,240685
29690,F-11,240687
29691,F-11,240713
29692,F-11,240720
29693,F-11,240737
29694,F-11,240750
29695,F-11,240762
29696,F-11,240770
29697,F-11,240772
29698,F-11,240778
29699,F-11,240781
29700,F-11,240784
29701,F-11,240787
29702,F-11,240798
29703,F-11,240804
29704,F-11,240813
29705,F-11,240816
29706,F-11,240843
29707,F-11,240844
29708,F-11,240845
29709,F-11,240850
29710,F-11,240851
29711,F-11,240856
29712,F-11,240861
29713,F-11,240864
29714,F-11,240865
29715,F-11,240867
29716,F-11,240874
29717,F-11,240877
29718,F-11,240887
29719,F-11,240891
29720,F-11,240892
29721,F-11,240923
29722,F-11,240931
29723,F-11,240932
29724,F-11,240961
29725,F-11,240967
29726,F-11,240973
29727,F-11,240976
29728,F-11,240985
29729,F-11,240995
29730,F-11,240998
29731,F-11,241010
29732,F-11,241011
29733,F-11,241015
29734,F-11,241019
29735,F-11,241024
29736,F-11,241032
29737,F-11,241046
29738,F-11,241050
29739,F-11,241063
29740,F-11,241072
29741,F-11,241097
29742,F-11,241103
29743,F-11,241113
29744,F-11,241142
29745,F-11,241144
29746,F-11,241166
29747,F-11,241169
29748,F-11,241173
29749,F-11,241181
29750,F-11,241183
29751,F-11,241184
29752,F-11,241188
29753,F-11,241190
29754,F-11,241191
29755,F-11,241193
29756,F-11,241197
29757,F-11,241207
29758,F-11,241209
29759,F-11,241210
29760,F-11,241215
29761,F-11,241217
29762,F-11,241241
29763,F-11,241250
29764,F-11,241290
29765,F-11,241293
29766,F-11,241301
29767,F-11,241302
29768,F-11,241314
29769,F-11,241315
29770,F-11,241326
29771,F-11,241339
29772,F-11,241348
29773,F-11,241367
29774,F-11,241372
29775,F-11,241378
29776,F-11,241384
29777,F-11,241407
29778,F-11,241411
29779,F-11,241415
29780,F-11,241425
29781,F-11,241436
29782,F-11,241441
29783,F-11,241444
29784,F-11,241453
29785,F-11,241454
29786,F-11,241455
29787,F-11,241460
29788,F-11,241461
29789,F-11,241476
29790,F-11,241486
29791,F-11,241490
29792,F-11,241499
29793,F-11,241502
29794,F-11,241513
29795,F-11,241516
29796,F-11,241550
29797,F-11,241571
29798,F-11,241583
29799,F-11,241596
29800,F-11,241603
29801,F-11,241607
29802,F-11,241611
29803,F-11,241617
29804,F-11,241620
29805,F-11,241625
29806,F-11,241626
29807,F-11,241637
29808,F-11,241640
29809,F-11,241649
29810,F-11,241652
29811,F-11,241658
29812,F-11,241659
29813,F-11,241669
29814,F-11,241672
29815,F-11,241677
29816,F-11,241709
29817,F-11,241716
29818,F-11,241718
29819,F-11,241744
29820,F-11,241753
29821,F-11,241770
29822,F-11,241771
29823,F-11,241774
29824,F-11,241797
29825,F-11,241799
29826,F-11,241819
29827,F-11,241838
29828,F-11,241842
29829,F-11,241864
29830,F-11,241871
29831,F-11,241877
29832,F-11,241885
29833,F-11,241892
29834,F-11,241937
29835,F-11,241949
29836,F-11,241954
29837,F-11,241964
29838,F-11,241985
29839,F-11,241992
29840,F-11,241997
29841,F-11,242002
29842,F-11,242010
29843,F-11,242026
29844,F-11,242034
29845,F-11,242051
29846,F-11,242055
29847,F-11,242061
29848,F-11,242062
29849,F-11,242065
29850,F-11,242095
29851,F-11,242100
29852,F-11,242101
29853,F-11,242107
29854,F-11,242113
29855,F-11,242115
29856,F-11,242120
29857,F-11,242129
29858,F-11,242135
29859,F-11,242151
29860,F-11,242157
29861,F-11,242162
29862,F-11,242166
29863,F-11,242201
29864,F-11,242215
29865,F-11,242244
29866,F-11,242245
29867,F-11,242257
29868,F-11,242261
29869,F-11,242268
29870,F-11,242285
29871,F-11,242288
29872,F-11,242291
29873,F-11,242300
29874,F-11,242301
29875,F-11,242318
29876,F-11,242320
29877,F-11,242324
29878,F-11,242351
29879,F-11,242357
29880,F-11,242358
29881,F-11,242374
29882,F-11,242384
29883,F-11,242387
29884,F-11,242393
29885,F-11,242395
29886,F-11,242396
29887,F-11,242399
29888,F-11,242407
29889,F-11,242409
29890,F-11,242413
29891,F-11,242415
29892,F-11,242421
29893,F-11,242442
29894,F-11,242451
29895,F-11,242455
29896,F-11,242459
29897,F-11,242464
29898,F-11,242467
29899,F-11,242473
29900,F-11,242477
29901,F-11,242494
29902,F-11,242496
29903,F-11,242506
29904,F-11,242517
29905,F-11,242532
29906,F-11,242544
29907,F-11,242558
29908,F-11,242559
29909,F-11,242579
29910,F-11,242581
29911,F-11,242585
29912,F-11,242589
29913,F-11,242595
29914,F-11,242605
29915,F-11,242606
29916,F-11,242614
29917,F-11,242634
29918,F-11,242640
29919,F-11,242645
29920,F-11,242647
29921,F-11,242654
29922,F-11,242656
29923,F-11,242700
29924,F-11,242709
29925,F-11,242715
29926,F-11,242720
29927,F-11,242724
29928,F-11,242725
29929,F-11,242729
29930,F-11,242730
29931,F-11,242732
29932,F-11,242738
29933,F-11,242743
29934,F-11,242758
29935,F-11,242761
29936,F-11,242765
29937,F-11,242775
29938,F-11,242779
29939,F-11,242786
29940,F-11,242800
29941,F-11,242802
29942,F-11,242803
29943,F-11,242809
29944,F-11,242813
29945,F-11,242825
29946,F-11,242845
29947,F-11,242853
29948,F-11,242866
29949,F-11,242869
29950,F-11,242873
29951,F-11,242883
29952,F-11,242892
29953,F-11,242898
29954,F-11,242905
29955,F-11,242917
29956,F-11,242923
29957,F-11,242926
29958,F-11,242928
29959,F-11,242943
29960,F-11,242945
29961,F-11,242947
29962,F-11,242953
29963,F-11,243000
29964,F-11,243010
29965,F-11,243015
29966,F-11,243024
29967,F-11,243027
29968,F-11,243028
29969,F-11,243039
29970,F-11,243041
29971,F-11,243050
29972,F-11,243056
29973,F-11,243074
29974,F-11,243075
29975,F-11,243082
29976,F-11,243087
29977,F-11,243100
29978,F-11,243121
29979,F-11,243135
29980,F-11,243142
29981,F-11,243145
29982,F-11,243147
29983,F-11,243163
29984,F-11,243176
29985,F-11,243180
29986,F-11,243182
29987,F-11,243196
29988,F-11,243197
29989,F-11,243200
29990,F-11,243202
29991,F-11,243204
29992,F-11,243206
29993,F-11,243210
29994,F-11,243212
29995,F-11,243236
29996,F-11,243248
29997,F-11,243253
29998,F-11,243254
29999,F-11,243266
30000,F-11,243276
30001,F-11,243279
30002,F-11,243295
30003,F-11,243301
30004,F-11,243302
30005,F-11,243311
30006,F-11,243320
30007,F-11,243324
30008,F-11,243327
30009,F-11,243337
30010,F-11,243350
30011,F-11,243359
30012,F-11,243363
30013,F-11,243373
30014,F-11,243379
30015,F-11,243381
30016,F-11,243387
30017,F-11,243388
30018,F-11,243401
30019,F-11,243409
30020,F-11,243410
30021,F-11,243413
30022,F-11,243421
30023,F-11,243424
30024,F-11,243446
30025,F-11,243449
30026,F-11,243450
30027,F-11,243464
30028,F-11,243465
30029,F-11,243480
30030,F-11,243482
30031,F-11,243488
30032,F-11,243495
30033,F-11,243508
30034,F-11,243510
30035,F-11,243524
30036,F-11,243527
30037,F-11,243529
30038,F-11,243532
30039,F-11,243537
30040,F-11,243546
30041,F-11,243562
30042,F-11,243569
30043,F-11,243582
30044,F-11,243611
30045,F-11,243620
30046,F-11,243621
30047,F-11,243624
30048,F-11,243625
30049,F-11,243628
30050,F-11,243635
30051,F-11,243652
30052,F-11,243662
30053,F-11,243668
30054,F-11,243684
30055,F-11,243691
30056,F-11,243694
30057,F-11,243704
30058,F-11,243743
30059,F-11,243760
30060,F-11,243761
30061,F-11,243774
30062,F-11,243781
30063,F-11,243782
30064,F-11,243786
30065,F-11,243791
30066,F-11,243793
30067,F-11,243803
30068,F-11,243809
30069,F-11,243810
30070,F-11,243817
30071,F-11,243818
30072,F-11,243820
30073,F-11,243828
30074,F-11,243833
30075,F-11,243842
30076,F-11,243843
30077,F-11,243860
30078,F-11,243862
30079,F-11,243865
30080,F-11,243867
30081,F-11,243881
30082,F-11,243883
30083,F-11,243887
30084,F-11,243891
30085,F-11,243897
30086,F-11,243898
30087,F-11,243909
30088,F-11,243922
30089,F-11,243923
30090,F-11,243924
30091,F-11,243926
30092,F-11,243943
30093,F-11,243946
30094,F-11,243957
30095,F-11,243960
30096,F-11,243963
30097,F-11,243965
30098,F-11,243999
30099,F-11,244002
30100,F-11,244011
30101,F-11,244013
30102,F-11,244015
30103,F-11,244051
30104,F-11,244058
30105,F-11,244062
30106,F-11,244074
30107,F-11,244080
30108,F-11,244087
30109,F-11,244088
30110,F-11,244090
30111,F-11,244093
30112,F-11,244128
30113,F-11,244132
30114,F-11,244140
30115,F-11,244144
30116,F-11,244145
30117,F-11,244165
30118,F-11,244170
30119,F-11,244175
30120,F-11,244176
30121,F-11,244183
30122,F-11,244198
30123,F-11,244199
30124,F-11,244201
30125,F-11,244215
30126,F-11,244222
30127,F-11,244223
30128,F-11,244228
30129,F-11,244239
30130,F-11,244248
30131,F-11,244252
30132,F-11,244256
30133,F-11,244269
30134,F-11,244272
30135,F-11,244274
30136,F-11,244277
30137,F-11,244291
30138,F-11,244296
30139,F-11,244313
30140,F-11,244319
30141,F-11,244330
30142,F-11,244333
30143,F-11,244359
30144,F-11,244363
30145,F-11,244366
30146,F-11,244368
30147,F-11,244369
30148,F-11,244370
30149,F-11,244372
30150,F-11,244377
30151,F-11,244382
30152,F-11,244386
30153,F-11,244390
30154,F-11,244394
30155,F-11,244402
30156,F-11,244403
30157,F-11,244404
30158,F-11,244411
30159,F-11,244442
30160,F-11,244448
30161,F-11,244451
30162,F-11,244453
30163,F-11,244458
30164,F-11,244463
30165,F-11,244471
30166,F-11,244474
30167,F-11,244475
30168,F-11,244497
30169,F-11,244520
30170,F-11,244541
30171,F-11,244549
30172,F-11,244552
30173,F-11,244555
30174,F-11,244563
30175,F-11,244564
30176,F-11,244585
30177,F-11,244588
30178,F-11,244595
30179,F-11,244596
30180,F-11,244603
30181,F-11,244607
30182,F-11,244608
30183,F-11,244609
30184,F-11,244613
30185,F-11,244614
30186,F-11,244615
30187,F-11,244625
30188,F-11,244643
30189,F-11,244644
30190,F-11,244652
30191,F-11,244654
30192,F-11,244655
30193,F-11,244656
30194,F-11,244659
30195,F-11,244670
30196,F-11,244678
30197,F-11,244679
30198,F-11,244684
30199,F-11,244695
30200,F-11,244700
30201,F-11,244713
30202,F-11,244716
30203,F-11,244722
30204,F-11,244747
30205,F-11,244751
30206,F-11,244766
30207,F-11,244790
30208,F-11,244796
30209,F-11,244802
30210,F-11,244811
30211,F-11,244820
30212,F-11,244825
30213,F-11,244836
30214,F-11,244839
30215,F-11,244852
30216,F-11,244858
30217,F-11,244885
30218,F-11,244894
30219,F-11,244921
30220,F-11,244926
30221,F-11,244935
30222,F-11,244952
30223,F-11,244960
30224,F-11,244969
30225,F-11,244991
30226,F-11,244997
30227,F-11,245012
30228,F-11,245016
30229,F-11,245018
30230,F-11,245020
30231,F-11,245023
30232,F-11,245034
30233,F-11,245047
30234,F-11,245056
30235,F-11,245060
30236,F-11,245072
30237,F-11,245087
30238,F-11,245091
30239,F-11,245094
30240,F-11,245095
30241,F-11,245098
30242,F-11,245104
30243,F-11,245118
30244,F-11,245130
30245,F-11,245131
30246,F-11,245140
30247,F-11,245145
30248,F-11,245164
30249,F-11,245174
30250,F-11,245184
30251,F-11,245194
30252,F-11,245205
30253,F-11,245215
30254,F-11,245223
30255,F-11,245238
30256,F-11,245269
30257,F-11,245283
30258,F-11,245288
30259,F-11,245289
30260,F-11,245291
30261,F-11,245293
30262,F-11,245297
30263,F-11,245324
30264,F-11,245336
30265,F-11,245338
30266,F-11,245341
30267,F-11,245342
30268,F-11,245343
30269,F-11,245346
30270,F-11,245351
30271,F-11,245361
30272,F-11,245364
30273,F-11,245372
30274,F-11,245375
30275,F-11,245380
30276,F-11,245381
30277,F-11,245386
30278,F-11,245398
30279,F-11,245400
30280,F-11,245402
30281,F-11,245405
30282,F-11,245411
30283,F-11,245416
30284,F-11,245426
30285,F-11,245428
30286,F-11,245434
30287,F-11,245441
30288,F-11,245448
30289,F-11,245467
30290,F-11,245468
30291,F-11,245486
30292,F-11,245487
30293,F-11,245489
30294,F-11,245490
30295,F-11,245507
30296,F-11,245519
30297,F-11,245524
30298,F-11,245534
30299,F-11,245561
30300,F-11,245580
30301,F-11,245585
30302,F-11,245592
30303,F-11,245609
30304,F-11,245640
30305,F-11,245660
30306,F-11,245667
30307,F-11,245672
30308,F-11,245694
30309,F-11,245705
30310,F-11,245718
30311,F-11,245721
30312,F-11,245733
30313,F-11,245740
30314,F-11,245743
30315,F-11,245745
30316,F-11,245766
30317,F-11,245778
30318,F-11,245780
30319,F-11,245782
30320,F-11,245786
30321,F-11,245788
30322,F-11,245793
30323,F-11,245800
30324,F-11,245810
30325,F-11,245816
30326,F-11,245818
30327,F-11,245827
30328,F-11,245830
30329,F-11,245832
30330,F-11,245839
30331,F-11,245846
30332,F-11,245856
30333,F-11,245908
30334,F-11,245913
30335,F-11,245923
30336,F-11,245926
30337,F-11,245937
30338,F-11,245939
30339,F-11,245940
30340,F-11,245964
30341,F-11,245966
30342,F-11,245968
30343,F-11,245977
30344,F-11,245983
30345,F-11,245989
30346,F-11,245994
30347,F-11,246001
30348,F-11,246011
30349,F-11,246019
30350,F-11,246021
30351,F-11,246038
30352,F-11,246042
30353,F-11,246046
30354,F-11,246050
30355,F-11,246056
30356,F-11,246060
30357,F-11,246066
30358,F-11,246080
30359,F-11,246095
30360,F-11,246097
30361,F-11,246100
30362,F-11,246103
30363,F-11,246104
30364,F-11,246105
30365,F-11,246107
30366,F-11,246108
30367,F-11,246129
30368,F-11,246135
30369,F-11,246146
30370,F-11,246164
30371,F-11,246189
30372,F-11,246193
30373,F-11,246195
30374,F-11,246196
30375,F-11,246197
30376,F-11,246200
30377,F-11,246203
30378,F-11,246229
30379,F-11,246232
30380,F-11,246233
30381,F-11,246244
30382,F-11,246260
30383,F-11,246295
30384,F-11,246300
30385,F-11,246319
30386,F-11,246332
30387,F-11,246350
30388,F-11,246353
30389,F-11,246358
30390,F-11,246362
30391,F-11,246366
30392,F-11,246376
30393,F-11,246379
30394,F-11,246380
30395,F-11,246404
30396,F-11,246413
30397,F-11,246422
30398,F-11,246429
30399,F-11,246434
30400,F-11,246440
30401,F-11,246444
30402,F-11,246446
30403,F-11,246456
30404,F-11,246469
30405,F-11,246476
30406,F-11,246481
30407,F-11,246494
30408,F-11,246498
30409,F-11,246501
30410,F-11,246510
30411,F-11,246511
30412,F-11,246541
30413,F-11,246542
30414,F-11,246544
30415,F-11,246548
30416,F-11,246549
30417,F-11,246567
30418,F-11,246568
30419,F-11,246580
30420,F-11,246585
30421,F-11,246592
30422,F-11,246594
30423,F-11,246596
30424,F-11,246598
30425,F-11,246599
30426,F-11,246607
30427,F-11,246615
30428,F-11,246618
30429,F-11,246644
30430,F-11,246651
30431,F-11,246655
30432,F-11,246658
30433,F-11,246672
30434,F-11,246685
30435,F-11,246689
30436,F-11,246696
30437,F-11,246703
30438,F-11,246732
30439,F-11,246737
30440,F-11,246747
30441,F-11,246755
30442,F-11,246770
30443,F-11,246774
30444,F-11,246777
30445,F-11,246778
30446,F-11,246783
30447,F-11,246793
30448,F-11,246796
30449,F-11,246799
30450,F-11,246812
30451,F-11,246813
30452,F-11,246818
30453,F-11,246836
30454,F-11,246838
30455,F-11,246840
30456,F-11,246846
30457,F-11,246852
30458,F-11,246856
30459,F-11,246866
30460,F-11,246874
30461,F-11,246877
30462,F-11,246881
30463,F-11,246895
30464,F-11,246904
30465,F-11,246920
30466,F-11,246921
30467,F-11,246936
30468,F-11,246939
30469,F-11,246954
30470,F-11,246962
30471,F-11,246985
30472,F-11,246986
30473,F-11,246997
30474,F-11,246999
30475,F-11,247013
30476,F-11,247019
30477,F-11,247021
30478,F-11,247022
30479,F-11,247023
30480,F-11,247032
30481,F-11,247034
30482,F-11,247035
30483,F-11,247037
30484,F-11,247040
30485,F-11,247042
30486,F-11,247045
30487,F-11,247046
30488,F-11,247048
30489,F-11,247049
30490,F-11,247075
30491,F-11,247086
30492,F-11,247087
30493,F-11,247091
30494,F-11,247093
30495,F-11,247094
30496,F-11,247095
30497,F-11,247098
30498,F-11,247099
30499,F-11,247110
30500,F-11,247123
30501,F-11,247129
30502,F-11,247135
30503,F-11,247143
30504,F-11,247161
30505,F-11,247162
30506,F-11,247167
30507,F-11,247169
30508,F-11,247173
30509,F-11,247186
30510,F-11,247190
30511,F-11,247192
30512,F-11,247195
30513,F-11,247198
30514,F-11,247199
30515,F-11,247203
30516,F-11,247207
30517,F-11,247210
30518,F-11,247215
30519,F-11,247226
30520,F-11,247236
30521,F-11,247238
30522,F-11,247243
30523,F-11,247254
30524,F-11,247255
30525,F-11,247262
30526,F-11,247264
30527,F-11,247267
30528,F-11,247269
30529,F-11,247272
30530,F-11,247273
30531,F-11,247279
30532,F-11,247281
30533,F-11,247284
30534,F-11,247285
30535,F-11,247292
30536,F-11,247317
30537,F-11,247318
30538,F-11,247324
30539,F-11,247333
30540,F-11,247334
30541,F-11,247345
30542,F-11,247351
30543,F-11,247356
30544,F-11,247364
30545,F-11,247368
30546,F-11,247370
30547,F-11,247377
30548,F-11,247401
30549,F-11,247402
30550,F-11,247415
30551,F-11,247417
30552,F-11,247425
30553,F-11,247427
30554,F-11,247430
30555,F-11,247454
30556,F-11,247462
30557,F-11,247468
30558,F-11,247469
30559,F-11,247476
30560,F-11,247481
30561,F-11,247497
30562,F-11,247505
30563,F-11,247529
30564,F-11,247550
30565,F-11,247559
30566,F-11,247560
30567,F-11,247562
30568,F-11,247565
30569,F-11,247570
30570,F-11,247575
30571,F-11,247593
30572,F-11,247597
30573,F-11,247610
30574,F-11,247611
30575,F-11,247615
30576,F-11,247625
30577,F-11,247626
30578,F-11,247629
30579,F-11,247634
30580,F-11,247636
30581,F-11,247643
30582,F-11,247648
30583,F-11,247667
30584,F-11,247671
30585,F-11,247674
30586,F-11,247682
30587,F-11,247685
30588,F-11,247699
30589,F-11,247713
30590,F-11,247720
30591,F-11,247743
30592,F-11,247749
30593,F-11,247765
30594,F-11,247772
30595,F-11,247774
30596,F-11,247779
30597,F-11,247780
30598,F-11,247793
30599,F-11,247802
30600,F-11,247807
30601,F-11,247820
30602,F-11,247824
30603,F-11,247828
30604,F-11,247834
30605,F-11,247846
30606,F-11,247850
30607,F-11,247862
30608,F-11,247864
30609,F-11,247878
30610,F-11,247882
30611,F-11,247898
30612,F-11,247905
30613,F-11,247916
30614,F-11,247920
30615,F-11,247928
30616,F-11,247931
30617,F-11,247933
30618,F-11,247937
30619,F-11,247938
30620,F-11,247941
30621,F-11,247942
30622,F-11,247951
30623,F-11,247955
30624,F-11,247974
30625,F-11,247977
30626,F-11,247986
30627,F-11,247993
30628,F-11,247995
30629,F-11,248019
30630,F-11,248024
30631,F-11,248031
30632,F-11,248053
30633,F-11,248056
30634,F-11,248057
30635,F-11,248062
30636,F-11,248086
30637,F-11,248087
30638,F-11,248088
30639,F-11,248090
30640,F-11,248092
30641,F-11,248093
30642,F-11,248098
30643,F-11,248100
30644,F-11,248103
30645,F-11,248121
30646,F-11,248123
30647,F-11,248129
30648,F-11,248130
30649,F-11,248133
30650,F-11,248147
30651,F-11,248151
30652,F-11,248177
30653,F-11,248179
30654,F-11,248190
30655,F-11,248206
30656,F-11,248208
30657,F-11,248214
30658,F-11,248228
30659,F-11,248233
30660,F-11,248246
30661,F-11,248247
30662,F-11,248248
30663,F-11,248249
30664,F-11,248268
30665,F-11,248278
30666,F-11,248284
30667,F-11,248285
30668,F-11,248286
30669,F-11,248292
30670,F-11,248296
30671,F-11,248307
30672,F-11,248312
30673,F-11,248332
30674,F-11,248335
30675,F-11,248339
30676,F-11,248349
30677,F-11,248350
30678,F-11,248368
30679,F-11,248374
30680,F-11,248377
30681,F-11,248388
30682,F-11,248431
30683,F-11,248440
30684,F-11,248442
30685,F-11,248449
30686,F-11,248461
30687,F-11,248466
30688,F-11,248516
30689,F-11,248554
30690,F-11,248575
30691,F-11,248579
30692,F-11,248583
30693,F-11,248591
30694,F-11,248595
30695,F-11,248606
30696,F-11,248609
30697,F-11,248628
30698,F-11,248634
30699,F-11,248642
30700,F-11,248646
30701,F-11,248657
30702,F-11,248664
30703,F-11,248682
30704,F-11,248692
30705,F-11,248694
30706,F-11,248705
30707,F-11,248709
30708,F-11,248712
30709,F-11,248713
30710,F-11,248716
30711,F-11,248717
30712,F-11,248729
30713,F-11,248743
30714,F-11,248749
30715,F-11,248764
30716,F-11,248774
30717,F-11,248790
30718,F-11,248791
30719,F-11,248793
30720,F-11,248804
30721,F-11,248816
30722,F-11,248819
30723,F-11,248848
30724,F-11,248853
30725,F-11,248855
30726,F-11,248861
30727,F-11,248863
30728,F-11,248878
30729,F-11,248893
30730,F-11,248894
30731,F-11,248901
30732,F-11,248905
30733,F-11,248911
30734,F-11,248914
30735,F-11,248915
30736,F-11,248917
30737,F-11,248919
30738,F-11,248935
30739,F-11,248953
30740,F-11,248954
30741,F-11,248960
30742,F-11,248965
30743,F-11,248982
30744,F-11,248986
30745,F-11,248987
30746,F-11,248994
30747,F-11,249004
30748,F-11,249009
30749,F-11,249019
30750,F-11,249024
30751,F-11,249032
30752,F-11,249041
30753,F-11,249050
30754,F-11,249051
30755,F-11,249052
30756,F-11,249057
30757,F-11,249084
30758,F-11,249087
30759,F-11,249093
30760,F-11,249106
30761,F-11,249113
30762,F-11,249127
30763,F-11,249133
30764,F-11,249140
30765,F-11,249147
30766,F-11,249152
30767,F-11,249153
30768,F-11,249158
30769,F-11,249159
30770,F-11,249164
30771,F-11,249169
30772,F-11,249188
30773,F-11,249197
30774,F-11,249209
30775,F-11,249225
30776,F-11,249249
30777,F-11,249259
30778,F-11,249261
30779,F-11,249263
30780,F-11,249271
30781,F-11,249273
30782,F-11,249275
30783,F-11,249276
30784,F-11,249279
30785,F-11,249283
30786,F-11,249303
30787,F-11,249310
30788,F-11,249321
30789,F-11,249327
30790,F-11,249329
30791,F-11,249330
30792,F-11,249332
30793,F-11,249337
30794,F-11,249369
30795,F-11,249375
30796,F-11,249379
30797,F-11,249388
30798,F-11,249399
30799,F-11,249405
30800,F-11,249411
30801,F-11,249416
30802,F-11,249417
30803,F-11,249421
30804,F-11,249425
30805,F-11,249426
30806,F-11,249431
30807,F-11,249438
30808,F-11,249453
30809,F-11,249459
30810,F-11,249470
30811,F-11,249473
30812,F-11,249486
30813,F-11,249490
30814,F-11,249491
30815,F-11,249494
30816,F-11,249499
30817,F-11,249512
30818,F-11,249520
30819,F-11,249540
30820,F-11,249548
30821,F-11,249560
30822,F-11,249564
30823,F-11,249568
30824,F-11,249585
30825,F-11,249605
30826,F-11,249606
30827,F-11,249611
30828,F-11,249612
30829,F-11,249617
30830,F-11,249621
30831,F-11,249630
30832,F-11,249637
30833,F-11,249643
30834,F-11,249644
30835,F-11,249651
30836,F-11,249672
30837,F-11,249673
30838,F-11,249675
30839,F-11,249690
30840,F-11,249700
30841,F-11,249701
30842,F-11,249705
30843,F-11,249706
30844,F-11,249710
30845,F-11,249717
30846,F-11,249725
30847,F-11,249729
30848,F-11,249740
30849,F-11,249760
30850,F-11,249763
30851,F-11,249768
30852,F-11,249774
30853,F-11,249776
30854,F-11,249786
30855,F-11,249798
30856,F-11,249804
30857,F-11,249814
30858,F-11,249821
30859,F-11,249831
30860,F-11,249846
30861,F-11,249848
30862,F-11,249853
30863,F-11,249863
30864,F-11,249870
30865,F-11,249891
30866,F-11,249924
30867,F-11,249929
30868,F-11,249935
30869,F-11,249943
30870,F-11,249948
30871,F-11,249971
30872,F-11,249979
30873,F-11,249997
30874,F-11,249998
30875,F-11,250001
30876,F-11,250004
30877,F-11,250006
30878,F-11,250008
30879,F-11,250014
30880,F-11,250022
30881,F-11,250023
30882,F-11,250033
30883,F-11,250035
30884,F-11,250057
30885,F-11,250059
30886,F-11,250062
30887,F-11,250065
30888,F-11,250066
30889,F-11,250074
30890,F-11,250075
30891,F-11,250076
30892,F-11,250083
30893,F-11,250086
30894,F-11,250089
30895,F-11,250099
30896,F-11,250100
30897,F-11,250102
30898,F-11,250115
30899,F-11,250119
30900,F-11,250131
30901,F-11,250135
30902,F-11,250142
30903,F-11,250152
30904,F-11,250154
30905,F-11,250164
30906,F-11,250165
30907,F-11,250166
30908,F-11,250176
30909,F-11,250177
30910,F-11,250183
30911,F-11,250191
30912,F-11,250198
30913,F-11,250233
30914,F-11,250241
30915,F-11,250247
30916,F-11,250253
30917,F-11,250254
30918,F-11,250268
30919,F-11,250280
30920,F-11,250281
30921,F-11,250285
30922,F-11,250288
30923,F-11,250297
30924,F-11,250302
30925,F-11,250316
30926,F-11,250337
30927,F-11,250343
30928,F-11,250356
30929,F-11,250364
30930,F-11,250366
30931,F-11,250381
30932,F-11,250388
30933,F-11,250391
30934,F-11,250393
30935,F-11,250405
30936,F-11,250419
30937,F-11,250443
30938,F-11,250460
30939,F-11,250473
30940,F-11,250486
30941,F-11,250494
30942,F-11,250516
30943,F-11,250520
30944,F-11,250528
30945,F-11,250537
30946,F-11,250544
30947,F-11,250558
30948,F-11,250561
30949,F-11,250580
30950,F-11,250581
30951,F-11,250583
30952,F-11,250585
30953,F-11,250600
30954,F-11,250617
30955,F-11,250622
30956,F-11,250640
30957,F-11,250650
30958,F-11,250655
30959,F-11,250694
30960,F-11,250702
30961,F-11,250705
30962,F-11,250707
30963,F-11,250709
30964,F-11,250724
30965,F-11,250728
30966,F-11,250737
30967,F-11,250738
30968,F-11,250751
30969,F-11,250760
30970,F-11,250787
30971,F-11,250793
30972,F-11,250803
30973,F-11,250809
30974,F-11,250810
30975,F-11,250811
30976,F-11,250812
30977,F-11,250813
30978,F-11,250814
30979,F-11,250817
30980,F-11,250826
30981,F-11,250828
30982,F-11,250839
30983,F-11,250857
30984,F-11,250865
30985,F-11,250877
30986,F-11,250893
30987,F-11,250907
30988,F-11,250910
30989,F-11,250912
30990,F-11,250916
30991,F-11,250919
30992,F-11,250920
30993,F-11,250921
30994,F-11,250927
30995,F-11,250928
30996,F-11,250932
30997,F-11,250934
30998,F-11,250938
30999,F-11,250939
31000,F-11,250948
31001,F-11,250964
31002,F-11,250967
31003,F-11,250970
31004,F-11,250973
31005,F-11,250976
31006,F-11,250988
31007,F-11,250992
31008,F-11,251008
31009,F-11,251010
31010,F-11,251020
31011,F-11,251025
31012,F-11,251028
31013,F-11,251044
31014,F-11,251052
31015,F-11,251058
31016,F-11,251063
31017,F-11,251071
31018,F-11,251077
31019,F-11,251107
31020,F-11,251110
31021,F-11,251112
31022,F-11,251118
31023,F-11,251121
31024,F-11,251122
31025,F-11,251125
31026,F-11,251131
31027,F-11,251139
31028,F-11,251142
31029,F-11,251144
31030,F-11,251153
31031,F-11,251159
31032,F-11,251168
31033,F-11,251171
31034,F-11,251175
31035,F-11,251181
31036,F-11,251210
31037,F-11,251215
31038,F-11,251216
31039,F-11,251225
31040,F-11,251230
31041,F-11,251240
31042,F-11,251244
31043,F-11,251246
31044,F-11,251250
31045,F-11,251261
31046,F-11,251264
31047,F-11,251280
31048,F-11,251281
31049,F-11,251297
31050,F-11,251299
31051,F-11,251303
31052,F-11,251306
31053,F-11,251312
31054,F-11,251313
31055,F-11,251314
31056,F-11,251317
31057,F-11,251318
31058,F-11,251324
31059,F-11,251325
31060,F-11,251333
31061,F-11,251335
31062,F-11,251337
31063,F-11,251350
31064,F-11,251355
31065,F-11,251364
31066,F-11,251376
31067,F-11,251378
31068,F-11,251383
31069,F-11,251390
31070,F-11,251432
31071,F-11,251437
31072,F-11,251442
31073,F-11,251445
31074,F-11,251456
31075,F-11,251460
31076,F-11,251463
31077,F-11,251476
31078,F-11,251477
31079,F-11,251488
31080,F-11,251501
31081,F-11,251509
31082,F-11,251535
31083,F-11,251536
31084,F-11,251542
31085,F-11,251556
31086,F-11,251560
31087,F-11,251563
31088,F-11,251574
31089,F-11,251575
31090,F-11,251582
31091,F-11,251590
31092,F-11,251597
31093,F-11,251598
31094,F-11,251603
31095,F-11,251604
31096,F-11,251611
31097,F-11,251621
31098,F-11,251634
31099,F-11,251637
31100,F-11,251641
31101,F-11,251654
31102,F-11,251668
31103,F-11,251669
31104,F-11,251675
31105,F-11,251685
31106,F-11,251689
31107,F-11,251691
31108,F-11,251702
31109,F-11,251708
31110,F-11,251721
31111,F-11,251722
31112,F-11,251727
31113,F-11,251745
31114,F-11,251748
31115,F-11,251750
31116,F-11,251756
31117,F-11,251760
31118,F-11,251762
31119,F-11,251763
31120,F-11,251765
31121,F-11,251771
31122,F-11,251777
31123,F-11,251783
31124,F-11,251793
31125,F-11,251817
31126,F-11,251823
31127,F-11,251828
31128,F-11,251841
31129,F-11,251843
31130,F-11,251847
31131,F-11,251852
31132,F-11,251853
31133,F-11,251869
31134,F-11,251875
31135,F-11,251876
31136,F-11,251884
31137,F-11,251887
31138,F-11,251894
31139,F-11,251898
31140,F-11,251902
31141,F-11,251911
31142,F-11,251917
31143,F-11,251918
31144,F-11,251927
31145,F-11,251934
31146,F-11,251954
31147,F-11,251960
31148,F-11,251968
31149,F-11,251975
31150,F-11,251978
31151,F-11,251984
31152,F-11,251991
31153,F-11,251993
31154,F-11,252010
31155,F-11,252012
31156,F-11,252014
31157,F-11,252021
31158,F-11,252022
31159,F-11,252038
31160,F-11,252050
31161,F-11,252052
31162,F-11,252060
31163,F-11,252062
31164,F-11,252065
31165,F-11,252075
31166,F-11,252078
31167,F-11,252081
31168,F-11,252096
31169,F-11,252112
31170,F-11,252118
31171,F-11,252130
31172,F-11,252137
31173,F-11,252140
31174,F-11,252158
31175,F-11,252161
31176,F-11,252194
31177,F-11,252198
31178,F-11,252220
31179,F-11,252221
31180,F-11,252225
31181,F-11,252226
31182,F-11,252238
31183,F-11,252242
31184,F-11,252255
31185,F-11,252258
31186,F-11,252259
31187,F-11,252272
31188,F-11,252280
31189,F-11,252286
31190,F-11,252292
31191,F-11,252295
31192,F-11,252298
31193,F-11,252299
31194,F-11,252301
31195,F-11,252303
31196,F-11,252304
31197,F-11,252307
31198,F-11,252310
31199,F-11,252316
31200,F-11,252318
31201,F-11,252322
31202,F-11,252336
31203,F-11,252342
31204,F-11,252345
31205,F-11,252351
31206,F-11,252353
31207,F-11,252368
31208,F-11,252376
31209,F-11,252379
31210,F-11,252385
31211,F-11,252394
31212,F-11,252422
31213,F-11,252426
31214,F-11,252453
31215,F-11,252457
31216,F-11,252478
31217,F-11,252481
31218,F-11,252491
31219,F-11,252507
31220,F-11,252518
31221,F-11,252520
31222,F-11,252523
31223,F-11,252525
31224,F-11,252529
31225,F-11,252544
31226,F-11,252549
31227,F-11,252553
31228,F-11,252554
31229,F-11,252566
31230,F-11,252598
31231,F-11,252606
31232,F-11,252609
31233,F-11,252620
31234,F-11,252625
31235,F-11,252628
31236,F-11,252650
31237,F-11,252662
31238,F-11,252684
31239,F-11,252705
31240,F-11,252712
31241,F-11,252719
31242,F-11,252729
31243,F-11,252733
31244,F-11,252738
31245,F-11,252739
31246,F-11,252745
31247,F-11,252757
31248,F-11,252762
31249,F-11,252785
31250,F-11,252787
31251,F-11,252789
31252,F-11,252791
31253,F-11,252796
31254,F-11,252806
31255,F-11,252808
31256,F-11,252809
31257,F-11,252823
31258,F-11,252826
31259,F-11,252828
31260,F-11,252831
31261,F-11,252841
31262,F-11,252842
31263,F-11,252843
31264,F-11,252844
31265,F-11,252846
31266,F-11,252855
31267,F-11,252860
31268,F-11,252866
31269,F-11,252867
31270,F-11,252871
31271,F-11,252889
31272,F-11,252897
31273,F-11,252899
31274,F-11,252900
31275,F-11,252901
31276,F-11,252910
31277,F-11,252919
31278,F-11,252922
31279,F-11,252932
31280,F-11,252946
31281,F-11,252968
31282,F-11,252987
31283,F-11,252994
31284,F-11,253007
31285,F-11,253010
31286,F-11,253011
31287,F-11,253012
31288,F-11,253013
31289,F-11,253020
31290,F-11,253029
31291,F-11,253036
31292,F-11,253037
31293,F-11,253041
31294,F-11,253044
31295,F-11,253057
31296,F-11,253062
31297,F-11,253079
31298,F-11,253081
31299,F-11,253104
31300,F-11,253119
31301,F-11,253134
31302,F-11,253137
31303,F-11,253139
31304,F-11,253146
31305,F-11,253171
31306,F-11,253173
31307,F-11,253178
31308,F-11,253183
31309,F-11,253184
31310,F-11,253185
31311,F-11,253186
31312,F-11,253195
31313,F-11,253202
31314,F-11,253209
31315,F-11,253216
31316,F-11,253217
31317,F-11,253220
31318,F-11,253228
31319,F-11,253232
31320,F-11,253233
31321,F-11,253241
31322,F-11,253250
31323,F-11,253256
31324,F-11,253258
31325,F-11,253259
31326,F-11,253261
31327,F-11,253264
31328,F-11,253265
31329,F-11,253275
31330,F-11,253287
31331,F-11,253299
31332,F-11,253308
31333,F-11,253310
31334,F-11,253314
31335,F-11,253315
31336,F-11,253320
31337,F-11,253321
31338,F-11,253322
31339,F-11,253325
31340,F-11,253329
31341,F-11,253341
31342,F-11,253342
31343,F-11,253343
31344,F-11,253356
31345,F-11,253358
31346,F-11,253371
31347,F-11,253382
31348,F-11,253383
31349,F-11,253390
31350,F-11,253394
31351,F-11,253403
31352,F-11,253409
31353,F-11,253419
31354,F-11,253428
31355,F-11,253436
31356,F-11,253451
31357,F-11,253454
31358,F-11,253461
31359,F-11,253468
31360,F-11,253483
31361,F-11,253485
31362,F-11,253500
31363,F-11,253515
31364,F-11,253529
31365,F-11,253535
31366,F-11,253544
31367,F-11,253545
31368,F-11,253548
31369,F-11,253555
31370,F-11,253559
31371,F-11,253566
31372,F-11,253570
31373,F-11,253576
31374,F-11,253598
31375,F-11,253619
31376,F-11,253622
31377,F-11,253625
31378,F-11,253634
31379,F-11,253643
31380,F-11,253654
31381,F-11,253657
31382,F-11,253659
31383,F-11,253667
31384,F-11,253678
31385,F-11,253684
31386,F-11,253687
31387,F-11,253694
31388,F-11,253708
31389,F-11,253709
31390,F-11,253739
31391,F-11,253745
31392,F-11,253757
31393,F-11,253763
31394,F-11,253770
31395,F-11,253771
31396,F-11,253787
31397,F-11,253802
31398,F-11,253814
31399,F-11,253816
31400,F-11,253820
31401,F-11,253833
31402,F-11,253835
31403,F-11,253839
31404,F-11,253845
31405,F-11,253867
31406,F-11,253872
31407,F-11,253882
31408,F-11,253888
31409,F-11,253891
31410,F-11,253896
31411,F-11,253897
31412,F-11,253904
31413,F-11,253906
31414,F-11,253921
31415,F-11,253929
31416,F-11,253933
31417,F-11,253955
31418,F-11,253965
31419,F-11,253985
31420,F-11,253989
31421,F-11,253996
31422,F-11,254004
31423,F-11,254018
31424,F-11,254024
31425,F-11,254030
31426,F-11,254032
31427,F-11,254038
31428,F-11,254049
31429,F-11,254071
31430,F-11,254074
31431,F-11,254082
31432,F-11,254091
31433,F-11,254101
31434,F-11,254103
31435,F-11,254105
31436,F-11,254133
31437,F-11,254155
31438,F-11,254161
31439,F-11,254166
31440,F-11,254170
31441,F-11,254174
31442,F-11,254181
31443,F-11,254236
31444,F-11,254237
31445,F-11,254253
31446,F-11,254258
31447,F-11,254267
31448,F-11,254284
31449,F-11,254290
31450,F-11,254294
31451,F-11,254300
31452,F-11,254301
31453,F-11,254308
31454,F-11,254317
31455,F-11,254323
31456,F-11,254324
31457,F-11,254327
31458,F-11,254338
31459,F-11,254341
31460,F-11,254342
31461,F-11,254358
31462,F-11,254359
31463,F-11,254364
31464,F-11,254376
31465,F-11,254395
31466,F-11,254396
31467,F-11,254398
31468,F-11,254414
31469,F-11,254418
31470,F-11,254441
31471,F-11,254444
31472,F-11,254445
31473,F-11,254446
31474,F-11,254476
31475,F-11,254483
31476,F-11,254495
31477,F-11,254499
31478,F-11,254508
31479,F-11,254514
31480,F-11,254526
31481,F-11,254531
31482,F-11,254539
31483,F-11,254547
31484,F-11,254560
31485,F-11,254562
31486,F-11,254563
31487,F-11,254564
31488,F-11,254572
31489,F-11,254573
31490,F-11,254581
31491,F-11,254591
31492,F-11,254594
31493,F-11,254602
31494,F-11,254623
31495,F-11,254627
31496,F-11,254629
31497,F-11,254644
31498,F-11,254646
31499,F-11,254659
31500,F-11,254663
31501,F-11,254668
31502,F-11,254687
31503,F-11,254697
31504,F-11,254701
31505,F-11,254708
31506,F-11,254709
31507,F-11,254716
31508,F-11,254717
31509,F-11,254719
31510,F-11,254720
31511,F-11,254734
31512,F-11,254735
31513,F-11,254769
31514,F-11,254770
31515,F-11,254772
31516,F-11,254773
31517,F-11,254779
31518,F-11,254780
31519,F-11,254782
31520,F-11,254791
31521,F-11,254805
31522,F-11,254817
31523,F-11,254818
31524,F-11,254819
31525,F-11,254828
31526,F-11,254831
31527,F-11,254839
31528,F-11,254856
31529,F-11,254858
31530,F-11,254881
31531,F-11,254888
31532,F-11,254903
31533,F-11,254908
31534,F-11,254946
31535,F-11,254947
31536,F-11,254950
31537,F-11,254960
31538,F-11,254978
31539,F-11,254993
31540,F-11,254999
31541,F-11,255002
31542,F-11,255020
31543,F-11,255031
31544,F-11,255045
31545,F-11,255054
31546,F-11,255060
31547,F-11,255063
31548,F-11,255075
31549,F-11,255079
31550,F-11,255088
31551,F-11,255090
31552,F-11,255099
31553,F-11,255102
31554,F-11,255108
31555,F-11,255114
31556,F-11,255115
31557,F-11,255123
31558,F-11,255126
31559,F-11,255130
31560,F-11,255131
31561,F-11,255145
31562,F-11,255147
31563,F-11,255161
31564,F-11,255166
31565,F-11,255179
31566,F-11,255182
31567,F-11,255187
31568,F-11,255207
31569,F-11,255215
31570,F-11,255225
31571,F-11,255228
31572,F-11,255276
31573,F-11,255279
31574,F-11,255280
31575,F-11,255281
31576,F-11,255288
31577,F-11,255301
31578,F-11,255302
31579,F-11,255304
31580,F-11,255305
31581,F-11,255308
31582,F-11,255312
31583,F-11,255316
31584,F-11,255327
31585,F-11,255331
31586,F-11,255334
31587,F-11,255346
31588,F-11,255363
31589,F-11,255367
31590,F-11,255376
31591,F-11,255379
31592,F-11,255385
31593,F-11,255388
31594,F-11,255396
31595,F-11,255403
31596,F-11,255404
31597,F-11,255405
31598,F-11,255419
31599,F-11,255422
31600,F-11,255451
31601,F-11,255452
31602,F-11,255459
31603,F-11,255480
31604,F-11,255484
31605,F-11,255489
31606,F-11,255491
31607,F-11,255497
31608,F-11,255507
31609,F-11,255514
31610,F-11,255526
31611,F-11,255527
31612,F-11,255538
31613,F-11,255539
31614,F-11,255544
31615,F-11,255552
31616,F-11,255563
31617,F-11,255579
31618,F-11,255580
31619,F-11,255581
31620,F-11,255584
31621,F-11,255586
31622,F-11,255598
31623,F-11,255603
31624,F-11,255615
31625,F-11,255621
31626,F-11,255625
31627,F-11,255626
31628,F-11,255633
31629,F-11,255652
31630,F-11,255653
31631,F-11,255654
31632,F-11,255655
31633,F-11,255656
31634,F-11,255668
31635,F-11,255672
31636,F-11,255674
31637,F-11,255684
31638,F-11,255690
31639,F-11,255692
31640,F-11,255703
31641,F-11,255708
31642,F-11,255723
31643,F-11,255725
31644,F-11,255734
31645,F-11,255735
31646,F-11,255743
31647,F-11,255748
31648,F-11,255762
31649,F-11,255784
31650,F-11,255798
31651,F-11,255800
31652,F-11,255802
31653,F-11,255810
31654,F-11,255813
31655,F-11,255814
31656,F-11,255821
31657,F-11,255854
31658,F-11,255864
31659,F-11,255867
31660,F-11,255881
31661,F-11,255886
31662,F-11,255910
31663,F-11,255913
31664,F-11,255928
31665,F-11,255947
31666,F-11,255952
31667,F-11,255953
31668,F-11,255958
31669,F-11,255977
31670,F-11,255984
31671,F-11,255985
31672,F-11,255986
31673,F-11,255988
31674,F-11,256004
31675,F-11,256005
31676,F-11,256007
31677,F-11,256023
31678,F-11,256029
31679,F-11,256045
31680,F-11,256047
31681,F-11,256061
31682,F-11,256064
31683,F-11,256072
31684,F-11,256080
31685,F-11,256091
31686,F-11,256104
31687,F-11,256107
31688,F-11,256108
31689,F-11,256112
31690,F-11,256113
31691,F-11,256123
31692,F-11,256125
31693,F-11,256128
31694,F-11,256130
31695,F-11,256133
31696,F-11,256134
31697,F-11,256141
31698,F-11,256145
31699,F-11,256149
31700,F-11,256152
31701,F-11,256153
31702,F-11,256156
31703,F-11,256166
31704,F-11,256183
31705,F-11,256185
31706,F-11,256186
31707,F-11,256207
31708,F-11,256212
31709,F-11,256213
31710,F-11,256220
31711,F-11,256233
31712,F-11,256251
31713,F-11,256252
31714,F-11,256270
31715,F-11,256293
31716,F-11,256310
31717,F-11,256319
31718,F-11,256320
31719,F-11,256340
31720,F-11,256355
31721,F-11,256357
31722,F-11,256361
31723,F-11,256362
31724,F-11,256363
31725,F-11,256368
31726,F-11,256371
31727,F-11,256372
31728,F-11,256381
31729,F-11,256388
31730,F-11,256401
31731,F-11,256405
31732,F-11,256410
31733,F-11,256416
31734,F-11,256419
31735,F-11,256423
31736,F-11,256429
31737,F-11,256431
31738,F-11,256438
31739,F-11,256440
31740,F-11,256447
31741,F-11,256448
31742,F-11,256451
31743,F-11,256453
31744,F-11,256455
31745,F-11,256457
31746,F-11,256461
31747,F-11,256463
31748,F-11,256468
31749,F-11,256472
31750,F-11,256473
31751,F-11,256478
31752,F-11,256483
31753,F-11,256485
31754,F-11,256487
31755,F-11,256508
31756,F-11,256511
31757,F-11,256523
31758,F-11,256550
31759,F-11,256554
31760,F-11,256556
31761,F-11,256561
31762,F-11,256565
31763,F-11,256572
31764,F-11,256574
31765,F-11,256575
31766,F-11,256584
31767,F-11,256592
31768,F-11,256597
31769,F-11,256609
31770,F-11,256624
31771,F-11,256626
31772,F-11,256627
31773,F-11,256631
31774,F-11,256632
31775,F-11,256640
31776,F-11,256665
31777,F-11,256669
31778,F-11,256670
31779,F-11,256674
31780,F-11,256675
31781,F-11,256677
31782,F-11,256678
31783,F-11,256683
31784,F-11,256685
31785,F-11,256687
31786,F-11,256690
31787,F-11,256692
31788,F-11,256701
31789,F-11,256704
31790,F-11,256720
31791,F-11,256729
31792,F-11,256732
31793,F-11,256743
31794,F-11,256753
31795,F-11,256754
31796,F-11,256756
31797,F-11,256767
31798,F-11,256768
31799,F-11,256771
31800,F-11,256774
31801,F-11,256777
31802,F-11,256792
31803,F-11,256795
31804,F-11,256813
31805,F-11,256841
31806,F-11,256843
31807,F-11,256849
31808,F-11,256855
31809,F-11,256859
31810,F-11,256884
31811,F-11,256900
31812,F-11,256913
31813,F-11,256926
31814,F-11,256937
31815,F-11,256939
31816,F-11,256942
31817,F-11,256944
31818,F-11,256952
31819,F-11,256954
31820,F-11,256956
31821,F-11,256959
31822,F-11,256962
31823,F-11,256965
31824,F-11,256976
31825,F-11,256989
31826,F-11,256993
31827,F-11,257001
31828,F-11,257021
31829,F-11,257032
31830,F-11,257051
31831,F-11,257056
31832,F-11,257057
31833,F-11,257066
31834,F-11,257069
31835,F-11,257072
31836,F-11,257080
31837,F-11,257088
31838,F-11,257094
31839,F-11,257100
31840,F-11,257112
31841,F-11,257121
31842,F-11,257128
31843,F-11,257136
31844,F-11,257140
31845,F-11,257144
31846,F-11,257145
31847,F-11,257146
31848,F-11,257151
31849,F-11,257158
31850,F-11,257171
31851,F-11,257181
31852,F-11,257183
31853,F-11,257193
31854,F-11,257197
31855,F-11,257199
31856,F-11,257202
31857,F-11,257209
31858,F-11,257213
31859,F-11,257217
31860,F-11,257221
31861,F-11,257234
31862,F-11,257242
31863,F-11,257255
31864,F-11,257257
31865,F-11,257281
31866,F-11,257293
31867,F-11,257294
31868,F-11,257313
31869,F-11,257322
31870,F-11,257352
31871,F-11,257370
31872,F-11,257391
31873,F-11,257394
31874,F-11,257405
31875,F-11,257411
31876,F-11,257425
31877,F-11,257432
31878,F-11,257434
31879,F-11,257437
31880,F-11,257444
31881,F-11,257450
31882,F-11,257461
31883,F-11,257469
31884,F-11,257471
31885,F-11,257473
31886,F-11,257476
31887,F-11,257487
31888,F-11,257492
31889,F-11,257493
31890,F-11,257495
31891,F-11,257497
31892,F-11,257505
31893,F-11,257516
31894,F-11,257518
31895,F-11,257523
31896,F-11,257531
31897,F-11,257534
31898,F-11,257538
31899,F-11,257544
31900,F-11,257547
31901,F-11,257550
31902,F-11,257564
31903,F-11,257573
31904,F-11,257593
31905,F-11,257594
31906,F-11,257599
31907,F-11,257606
31908,F-11,257612
31909,F-11,257614
31910,F-11,257639
31911,F-11,257648
31912,F-11,257660
31913,F-11,257666
31914,F-11,257667
31915,F-11,257678
31916,F-11,257680
31917,F-11,257687
31918,F-11,257690
31919,F-11,257704
31920,F-11,257717
31921,F-11,257718
31922,F-11,257726
31923,F-11,257738
31924,F-11,257739
31925,F-11,257751
31926,F-11,257757
31927,F-11,257780
31928,F-11,257788
31929,F-11,257792
31930,F-11,257795
31931,F-11,257822
31932,F-11,257824
31933,F-11,257839
31934,F-11,257861
31935,F-11,257882
31936,F-11,257885
31937,F-11,257888
31938,F-11,257891
31939,F-11,257893
31940,F-11,257897
31941,F-11,257899
31942,F-11,257908
31943,F-11,257914
31944,F-11,257915
31945,F-11,257920
31946,F-11,257929
31947,F-11,257933
31948,F-11,257934
31949,F-11,257942
31950,F-11,257954
31951,F-11,257968
31952,F-11,257979
31953,F-11,257986
31954,F-11,257987
31955,F-11,257993
31956,F-11,258004
31957,F-11,258011
31958,F-11,258015
31959,F-11,258034
31960,F-11,258043
31961,F-11,258047
31962,F-11,258049
31963,F-11,258055
31964,F-11,258056
31965,F-11,258069
31966,F-11,258077
31967,F-11,258078
31968,F-11,258087
31969,F-11,258088
31970,F-11,258091
31971,F-11,258092
31972,F-11,258108
31973,F-11,258112
31974,F-11,258127
31975,F-11,258131
31976,F-11,258132
31977,F-11,258134
31978,F-11,258138
31979,F-11,258142
31980,F-11,258146
31981,F-11,258174
31982,F-11,258190
31983,F-11,258211
31984,F-11,258227
31985,F-11,258232
31986,F-11,258233
31987,F-11,258242
31988,F-11,258253
31989,F-11,258254
31990,F-11,258268
31991,F-11,258278
31992,F-11,258280
31993,F-11,258292
31994,F-11,258298
31995,F-11,258306
31996,F-11,258310
31997,F-11,258311
31998,F-11,258316
31999,F-11,258319
32000,F-11,258320
32001,F-11,258332
32002,F-11,258337
32003,F-11,258340
32004,F-11,258341
32005,F-11,258344
32006,F-11,258356
32007,F-11,258365
32008,F-11,258366
32009,F-11,258369
32010,F-11,258371
32011,F-11,258372
32012,F-11,258379
32013,F-11,258397
32014,F-11,258399
32015,F-11,258407
32016,F-11,258411
32017,F-11,258413
32018,F-11,258423
32019,F-11,258442
32020,F-11,258448
32021,F-11,258486
32022,F-11,258494
32023,F-11,258516
32024,F-11,258521
32025,F-11,258523
32026,F-11,258524
32027,F-11,258556
32028,F-11,258575
32029,F-11,258582
32030,F-11,258586
32031,F-11,258588
32032,F-11,258596
32033,F-11,258598
32034,F-11,258602
32035,F-11,258609
32036,F-11,258623
32037,F-11,258635
32038,F-11,258637
32039,F-11,258647
32040,F-11,258660
32041,F-11,258669
32042,F-11,258672
32043,F-11,258675
32044,F-11,258688
32045,F-11,258693
32046,F-11,258706
32047,F-11,258712
32048,F-11,258715
32049,F-11,258716
32050,F-11,258721
32051,F-11,258723
32052,F-11,258745
32053,F-11,258751
32054,F-11,258752
32055,F-11,258754
32056,F-11,258770
32057,F-11,258771
32058,F-11,258772
32059,F-11,258776
32060,F-11,258778
32061,F-11,258780
32062,F-11,258802
32063,F-11,258804
32064,F-11,258809
32065,F-11,258811
32066,F-11,258848
32067,F-11,258861
32068,F-11,258863
32069,F-11,258868
32070,F-11,258874
32071,F-11,258878
32072,F-11,258880
32073,F-11,258889
32074,F-11,258899
32075,F-11,258920
32076,F-11,258926
32077,F-11,258937
32078,F-11,258946
32079,F-11,258966
32080,F-11,258974
32081,F-11,258978
32082,F-11,258987
32083,F-11,259010
32084,F-11,259017
32085,F-11,259022
32086,F-11,259029
32087,F-11,259031
32088,F-11,259036
32089,F-11,259049
32090,F-11,259058
32091,F-11,259063
32092,F-11,259069
32093,F-11,259074
32094,F-11,259080
32095,F-11,259087
32096,F-11,259095
32097,F-11,259099
32098,F-11,259100
32099,F-11,259120
32100,F-11,259137
32101,F-11,259143
32102,F-11,259145
32103,F-11,259159
32104,F-11,259183
32105,F-11,259186
32106,F-11,259198
32107,F-11,259230
32108,F-11,259231
32109,F-11,259243
32110,F-11,259248
32111,F-11,259252
32112,F-11,259254
32113,F-11,259258
32114,F-11,259265
32115,F-11,259285
32116,F-11,259293
32117,F-11,259303
32118,F-11,259327
32119,F-11,259333
32120,F-11,259345
32121,F-11,259370
32122,F-11,259373
32123,F-11,259384
32124,F-11,259385
32125,F-11,259394
32126,F-11,259403
32127,F-11,259409
32128,F-11,259411
32129,F-11,259421
32130,F-11,259424
32131,F-11,259430
32132,F-11,259435
32133,F-11,259440
32134,F-11,259454
32135,F-11,259455
32136,F-11,259469
32137,F-11,259483
32138,F-11,259500
32139,F-11,259508
32140,F-11,259511
32141,F-11,259522
32142,F-11,259529
32143,F-11,259544
32144,F-11,259545
32145,F-11,259546
32146,F-11,259562
32147,F-11,259584
32148,F-11,259596
32149,F-11,259610
32150,F-11,259620
32151,F-11,259631
32152,F-11,259635
32153,F-11,259646
32154,F-11,259649
32155,F-11,259668
32156,F-11,259669
32157,F-11,259672
32158,F-11,259676
32159,F-11,259685
32160,F-11,259695
32161,F-11,259697
32162,F-11,259701
32163,F-11,259710
32164,F-11,259716
32165,F-11,259724
32166,F-11,259735
32167,F-11,259754
32168,F-11,259770
32169,F-11,259775
32170,F-11,259787
32171,F-11,259800
32172,F-11,259804
32173,F-11,259820
32174,F-11,259822
32175,F-11,259831
32176,F-11,259833
32177,F-11,259835
32178,F-11,259836
32179,F-11,259843
32180,F-11,259860
32181,F-11,259920
32182,F-11,259922
32183,F-11,259930
32184,F-11,259938
32185,F-11,259942
32186,F-11,259951
32187,F-11,259967
32188,F-11,259971
32189,F-11,259978
32190,F-11,260000
32191,F-11,260004
32192,F-11,260024
32193,F-11,260025
32194,F-11,260034
32195,F-11,260047
32196,F-11,260056
32197,F-11,260063
32198,F-11,260067
32199,F-11,260075
32200,F-11,260085
32201,F-11,260086
32202,F-11,260091
32203,F-11,260092
32204,F-11,260096
32205,F-11,260100
32206,F-11,260116
32207,F-11,260138
32208,F-11,260145
32209,F-11,260156
32210,F-11,260173
32211,F-11,260191
32212,F-11,260210
32213,F-11,260224
32214,F-11,260235
32215,F-11,260246
32216,F-11,260254
32217,F-11,260260
32218,F-11,260271
32219,F-11,260273
32220,F-11,260297
32221,F-11,260298
32222,F-11,260308
32223,F-11,260314
32224,F-11,260316
32225,F-11,260328
32226,F-11,260333
32227,F-11,260334
32228,F-11,260338
32229,F-11,260348
32230,F-11,260360
32231,F-11,260364
32232,F-11,260380
32233,F-11,260381
32234,F-11,260389
32235,F-11,260410
32236,F-11,260411
32237,F-11,260412
32238,F-11,260418
32239,F-11,260435
32240,F-11,260437
32241,F-11,260459
32242,F-11,260467
32243,F-11,260474
32244,F-11,260485
32245,F-11,260490
32246,F-11,260514
32247,F-11,260519
32248,F-11,260527
32249,F-11,260529
32250,F-11,260534
32251,F-11,260547
32252,F-11,260550
32253,F-11,260551
32254,F-11,260556
32255,F-11,260557
32256,F-11,260574
32257,F-11,260577
32258,F-11,260579
32259,F-11,260580
32260,F-11,260585
32261,F-11,260590
32262,F-11,260609
32263,F-11,260611
32264,F-11,260626
32265,F-11,260632
32266,F-11,260640
32267,F-11,260651
32268,F-11,260657
32269,F-11,260658
32270,F-11,260664
32271,F-11,260672
32272,F-11,260678
32273,F-11,260679
32274,F-11,260724
32275,F-11,260727
32276,F-11,260729
32277,F-11,260732
32278,F-11,260737
32279,F-11,260738
32280,F-11,260740
32281,F-11,260751
32282,F-11,260755
32283,F-11,260759
32284,F-11,260788
32285,F-11,260790
32286,F-11,260799
32287,F-11,260814
32288,F-11,260839
32289,F-11,260842
32290,F-11,260846
32291,F-11,260870
32292,F-11,260871
32293,F-11,260884
32294,F-11,260900
32295,F-11,260915
32296,F-11,260920
32297,F-11,260921
32298,F-11,260931
32299,F-11,260934
32300,F-11,260937
32301,F-11,260944
32302,F-11,260949
32303,F-11,260954
32304,F-11,260964
32305,F-11,260969
32306,F-11,260971
32307,F-11,260980
32308,F-11,260985
32309,F-11,260988
32310,F-11,260989
32311,F-11,260990
32312,F-11,260994
32313,F-11,261005
32314,F-11,261012
32315,F-11,261014
32316,F-11,261018
32317,F-11,261020
32318,F-11,261047
32319,F-11,261056
32320,F-11,261058
32321,F-11,261060
32322,F-11,261062
32323,F-11,261078
32324,F-11,261087
32325,F-11,261101
32326,F-11,261145
32327,F-11,261148
32328,F-11,261153
32329,F-11,261163
32330,F-11,261170
32331,F-11,261176
32332,F-11,261180
32333,F-11,261183
32334,F-11,261184
32335,F-11,261191
32336,F-11,261199
32337,F-11,261205
32338,F-11,261207
32339,F-11,261211
32340,F-11,261216
32341,F-11,261227
32342,F-11,261228
32343,F-11,261234
32344,F-11,261239
32345,F-11,261242
32346,F-11,261263
32347,F-11,261272
32348,F-11,261286
32349,F-11,261291
32350,F-11,261295
32351,F-11,261296
32352,F-11,261311
32353,F-11,261321
32354,F-11,261323
32355,F-11,261343
32356,F-11,261345
32357,F-11,261360
32358,F-11,261363
32359,F-11,261371
32360,F-11,261377
32361,F-11,261380
32362,F-11,261382
32363,F-11,261392
32364,F-11,261397
32365,F-11,261402
32366,F-11,261411
32367,F-11,261412
32368,F-11,261419
32369,F-11,261423
32370,F-11,261430
32371,F-11,261436
32372,F-11,261441
32373,F-11,261443
32374,F-11,261448
32375,F-11,261449
32376,F-11,261450
32377,F-11,261467
32378,F-11,261484
32379,F-11,261485
32380,F-11,261498
32381,F-11,261507
32382,F-11,261513
32383,F-11,261526
32384,F-11,261527
32385,F-11,261534
32386,F-11,261558
32387,F-11,261559
32388,F-11,261564
32389,F-11,261570
32390,F-11,261585
32391,F-11,261591
32392,F-11,261605
32393,F-11,261616
32394,F-11,261617
32395,F-11,261625
32396,F-11,261628
32397,F-11,261630
32398,F-11,261635
32399,F-11,261652
32400,F-11,261657
32401,F-11,261659
32402,F-11,261663
32403,F-11,261666
32404,F-11,261690
32405,F-11,261692
32406,F-11,261694
32407,F-11,261707
32408,F-11,261728
32409,F-11,261744
32410,F-11,261748
32411,F-11,261753
32412,F-11,261758
32413,F-11,261788
32414,F-11,261799
32415,F-11,261815
32416,F-11,261826
32417,F-11,261854
32418,F-11,261857
32419,F-11,261863
32420,F-11,261879
32421,F-11,261881
32422,F-11,261897
32423,F-11,261903
32424,F-11,261909
32425,F-11,261914
32426,F-11,261919
32427,F-11,261920
32428,F-11,261922
32429,F-11,261927
32430,F-11,261931
32431,F-11,261937
32432,F-11,261939
32433,F-11,261940
32434,F-11,261943
32435,F-11,261949
32436,F-11,261953
32437,F-11,261958
32438,F-11,261959
32439,F-11,261961
32440,F-11,261962
32441,F-11,261963
32442,F-11,261973
32443,F-11,261975
32444,F-11,261979
32445,F-11,262017
32446,F-11,262028
32447,F-11,262030
32448,F-11,262032
32449,F-11,262033
32450,F-11,262038
32451,F-11,262051
32452,F-11,262053
32453,F-11,262066
32454,F-11,262074
32455,F-11,262075
32456,F-11,262094
32457,F-11,262096
32458,F-11,262108
32459,F-11,262113
32460,F-11,262116
32461,F-11,262123
32462,F-11,262160
32463,F-11,262161
32464,F-11,262163
32465,F-11,262167
32466,F-11,262169
32467,F-11,262176
32468,F-11,262195
32469,F-11,262196
32470,F-11,262198
32471,F-11,262205
32472,F-11,262206
32473,F-11,262209
32474,F-11,262211
32475,F-11,262223
32476,F-11,262237
32477,F-11,262238
32478,F-11,262241
32479,F-11,262257
32480,F-11,262265
32481,F-11,262271
32482,F-11,262273
32483,F-11,262278
32484,F-11,262291
32485,F-11,262321
32486,F-11,262332
32487,F-11,262336
32488,F-11,262345
32489,F-11,262352
32490,F-11,262370
32491,F-11,262376
32492,F-11,262380
32493,F-11,262391
32494,F-11,262398
32495,F-11,262399
32496,F-11,262403
32497,F-11,262418
32498,F-11,262421
32499,F-11,262425
32500,F-11,262427
32501,F-11,262428
32502,F-11,262432
32503,F-11,262434
32504,F-11,262442
32505,F-11,262453
32506,F-11,262456
32507,F-11,262478
32508,F-11,262498
32509,F-11,262503
32510,F-11,262508
32511,F-11,262510
32512,F-11,262515
32513,F-11,262516
32514,F-11,262519
32515,F-11,262528
32516,F-11,262534
32517,F-11,262540
32518,F-11,262541
32519,F-11,262546
32520,F-11,262552
32521,F-11,262571
32522,F-11,262572
32523,F-11,262573
32524,F-11,262575
32525,F-11,262581
32526,F-11,262596
32527,F-11,262604
32528,F-11,262614
32529,F-11,262621
32530,F-11,262622
32531,F-11,262624
32532,F-11,262625
32533,F-11,262627
32534,F-11,262640
32535,F-11,262647
32536,F-11,262656
32537,F-11,262670
32538,F-11,262686
32539,F-11,262705
32540,F-11,262728
32541,F-11,262729
32542,F-11,262731
32543,F-11,262732
32544,F-11,262748
32545,F-11,262755
32546,F-11,262758
32547,F-11,262761
32548,F-11,262771
32549,F-11,262774
32550,F-11,262787
32551,F-11,262789
32552,F-11,262796
32553,F-11,262814
32554,F-11,262817
32555,F-11,262836
32556,F-11,262838
32557,F-11,262840
32558,F-11,262841
32559,F-11,262864
32560,F-11,262879
32561,F-11,262881
32562,F-11,262904
32563,F-11,262910
32564,F-11,262934
32565,F-11,262935
32566,F-11,262941
32567,F-11,262949
32568,F-11,262955
32569,F-11,262967
32570,F-11,262995
32571,F-11,263003
32572,F-11,263004
32573,F-11,263005
32574,F-11,263007
32575,F-11,263008
32576,F-11,263021
32577,F-11,263028
32578,F-11,263030
32579,F-11,263047
32580,F-11,263060
32581,F-11,263098
32582,F-11,263105
32583,F-11,263117
32584,F-11,263122
32585,F-11,263145
32586,F-11,263148
32587,F-11,263162
32588,F-11,263187
32589,F-11,263193
32590,F-11,263199
32591,F-11,263200
32592,F-11,263210
32593,F-11,263221
32594,F-11,263223
32595,F-11,263225
32596,F-11,263246
32597,F-11,263254
32598,F-11,263275
32599,F-11,263279
32600,F-11,263303
32601,F-11,263374
32602,F-11,263383
32603,F-11,263387
32604,F-11,263388
32605,F-11,263392
32606,F-11,263395
32607,F-11,263398
32608,F-11,263401
32609,F-11,263416
32610,F-11,263418
32611,F-11,263433
32612,F-11,263439
32613,F-11,263442
32614,F-11,263448
32615,F-11,263449
32616,F-11,263462
32617,F-11,263480
32618,F-11,263491
32619,F-11,263500
32620,F-11,263514
32621,F-11,263515
32622,F-11,263517
32623,F-11,263548
32624,F-11,263557
32625,F-11,263561
32626,F-11,263583
32627,F-11,263584
32628,F-11,263606
32629,F-11,263610
32630,F-11,263616
32631,F-11,263657
32632,F-11,263659
32633,F-11,263662
32634,F-11,263669
32635,F-11,263676
32636,F-11,263681
32637,F-11,263685
32638,F-11,263690
32639,F-11,263693
32640,F-11,263702
32641,F-11,263710
32642,F-11,263723
32643,F-11,263737
32644,F-11,263743
32645,F-11,263764
32646,F-11,263775
32647,F-11,263785
32648,F-11,263804
32649,F-11,263824
32650,F-11,263828
32651,F-11,263830
32652,F-11,263834
32653,F-11,263837
32654,F-11,263841
32655,F-11,263849
32656,F-11,263852
32657,F-11,263861
32658,F-11,263866
32659,F-11,263874
32660,F-11,263883
32661,F-11,263889
32662,F-11,263894
32663,F-11,263904
32664,F-11,263912
32665,F-11,263922
32666,F-11,263923
32667,F-11,263945
32668,F-11,263948
32669,F-11,263951
32670,F-11,263954
32671,F-11,263955
32672,F-11,263956
32673,F-11,263969
32674,F-11,263976
32675,F-11,263995
32676,F-11,264006
32677,F-11,264016
32678,F-11,264019
32679,F-11,264024
32680,F-11,264025
32681,F-11,264028
32682,F-11,264030
32683,F-11,264046
32684,F-11,264054
32685,F-11,264072
32686,F-11,264075
32687,F-11,264077
32688,F-11,264082
32689,F-11,264093
32690,F-11,264094
32691,F-11,264098
32692,F-11,264100
32693,F-11,264101
32694,F-11,264109
32695,F-11,264128
32696,F-11,264130
32697,F-11,264143
32698,F-11,264144
32699,F-11,264148
32700,F-11,264151
32701,F-11,264162
32702,F-11,264163
32703,F-11,264175
32704,F-11,264193
32705,F-11,264195
32706,F-11,264206
32707,F-11,264213
32708,F-11,264216
32709,F-11,264224
32710,F-11,264227
32711,F-11,264228
32712,F-11,264229
32713,F-11,264230
32714,F-11,264231
32715,F-11,264234
32716,F-11,264239
32717,F-11,264244
32718,F-11,264250
32719,F-11,264254
32720,F-11,264268
32721,F-11,264270
32722,F-11,264272
32723,F-11,264279
32724,F-11,264286
32725,F-11,264297
32726,F-11,264301
32727,F-11,264314
32728,F-11,264323
32729,F-11,264324
32730,F-11,264326
32731,F-11,264334
32732,F-11,264348
32733,F-11,264365
32734,F-11,264368
32735,F-11,264369
32736,F-11,264376
32737,F-11,264378
32738,F-11,264384
32739,F-11,264388
32740,F-11,264391
32741,F-11,264396
32742,F-11,264397
32743,F-11,264407
32744,F-11,264422
32745,F-11,264430
32746,F-11,264445
32747,F-11,264452
32748,F-11,264467
32749,F-11,264477
32750,F-11,264488
32751,F-11,264489
32752,F-11,264496
32753,F-11,264497
32754,F-11,264503
32755,F-11,264510
32756,F-11,264517
32757,F-11,264527
32758,F-11,264538
32759,F-11,264547
32760,F-11,264564
32761,F-11,264568
32762,F-11,264570
32763,F-11,264572
32764,F-11,264578
32765,F-11,264582
32766,F-11,264591
32767,F-11,264592
32768,F-11,264600
32769,F-11,264601
32770,F-11,264633
32771,F-11,264643
32772,F-11,264649
32773,F-11,264664
32774,F-11,264673
32775,F-11,264678
32776,F-11,264683
32777,F-11,264695
32778,F-11,264703
32779,F-12,264704
32780,F-12,264705
32781,F-12,264706
32782,F-12,264707
32783,F-12,264708
32784,F-12,264709
32785,F-12,264710
32786,F-12,264711
32787,F-12,264712
32788,F-12,264713
32789,F-12,264715
32790,F-12,264717
32791,F-12,264718
32792,F-12,264719
32793,F-12,264720
32794,F-12,264722
32795,F-12,264723
32796,F-12,264725
32797,F-12,264727
32798,F-12,264730
32799,F-12,264732
32800,F-12,264734
32801,F-12,264735
32802,F-12,264736
32803,F-12,264737
32804,F-12,264738
32805,F-12,264739
32806,F-12,264740
32807,F-12,264741
32808,F-12,264742
32809,F-12,264743
32810,F-12,264745
32811,F-12,264746
32812,F-12,264747
32813,F-12,264748
32814,F-12,264749
32815,F-12,264751
32816,F-12,264752
32817,F-12,264753
32818,F-12,264754
32819,F-12,264755
32820,F-12,264757
32821,F-12,264758
32822,F-12,264759
32823,F-12,264760
32824,F-12,264761
32825,F-12,264762
32826,F-12,264763
32827,F-12,264764
32828,F-12,264765
32829,F-12,264766
32830,F-12,264767
32831,F-12,264768
32832,F-12,264769
32833,F-12,264770
32834,F-12,264771
32835,F-12,264772
32836,F-12,264773
32837,F-12,264774
32838,F-12,264776
32839,F-12,264777
32840,F-12,264778
32841,F-12,264779
32842,F-12,264780
32843,F-12,264781
32844,F-12,264782
32845,F-12,264783
32846,F-12,264784
32847,F-12,264785
32848,F-12,264786
32849,F-12,264787
32850,F-12,264788
32851,F-12,264789
32852,F-12,264790
32853,F-12,264791
32854,F-12,264793
32855,F-12,264795
32856,F-12,264796
32857,F-12,264797
32858,F-12,264798
32859,F-12,264799
32860,F-12,264800
32861,F-12,264801
32862,F-12,264804
32863,F-12,264805
32864,F-12,264806
32865,F-12,264807
32866,F-12,264809
32867,F-12,264810
32868,F-12,264811
32869,F-12,264812
32870,F-12,264813
32871,F-12,264814
32872,F-12,264815
32873,F-12,264816
32874,F-12,264817
32875,F-12,264819
32876,F-12,264820
32877,F-12,264821
32878,F-12,264822
32879,F-12,264823
32880,F-12,264824
32881,F-12,264825
32882,F-12,264826
32883,F-12,264827
32884,F-12,264828
32885,F-12,264829
32886,F-12,264830
32887,F-12,264831
32888,F-12,264832
32889,F-12,264833
32890,F-12,264834
32891,F-12,264835
32892,F-12,264836
32893,F-12,264837
32894,F-12,264839
32895,F-12,264842
32896,F-12,264843
32897,F-12,264844
32898,F-12,264845
32899,F-12,264846
32900,F-12,264847
32901,F-12,264848
32902,F-12,264849
32903,F-12,264850
32904,F-12,264852
32905,F-12,264853
32906,F-12,264854
32907,F-12,264855
32908,F-12,264856
32909,F-12,264857
32910,F-12,264858
32911,F-12,264859
32912,F-12,264860
32913,F-12,264863
32914,F-12,264864
32915,F-12,264865
32916,F-12,264867
32917,F-12,264868
32918,F-12,264869
32919,F-12,264872
32920,F-12,264873
32921,F-12,264874
32922,F-12,264875
32923,F-12,264876
32924,F-12,264877
32925,F-12,264878
32926,F-12,264879
32927,F-12,264880
32928,F-12,264881
32929,F-12,264882
32930,F-12,264883
32931,F-12,264884
32932,F-12,264885
32933,F-12,264886
32934,F-12,264888
32935,F-12,264890
32936,F-12,264891
32937,F-12,264893
32938,F-12,264894
32939,F-12,264895
32940,F-12,264896
32941,F-12,264898
32942,F-12,264899
32943,F-12,264901
32944,F-12,264902
32945,F-12,264904
32946,F-12,264905
32947,F-12,264907
32948,F-12,264908
32949,F-12,264910
32950,F-12,264912
32951,F-12,264913
32952,F-12,264915
32953,F-12,264916
32954,F-12,264917
32955,F-12,264918
32956,F-12,264919
32957,F-12,264920
32958,F-12,264921
32959,F-12,264922
32960,F-12,264923
32961,F-12,264924
32962,F-12,264925
32963,F-12,264926
32964,F-12,264927
32965,F-12,264929
32966,F-12,264930
32967,F-12,264932
32968,F-12,264934
32969,F-12,264935
32970,F-12,264936
32971,F-12,264937
32972,F-12,264938
32973,F-12,264939
32974,F-12,264940
32975,F-12,264943
32976,F-12,264944
32977,F-12,264945
32978,F-12,264946
32979,F-12,264947
32980,F-12,264948
32981,F-12,264949
32982,F-12,264950
32983,F-12,264951
32984,F-12,264952
32985,F-12,264953
32986,F-12,264954
32987,F-12,264955
32988,F-12,264956
32989,F-12,264957
32990,F-12,264958
32991,F-12,264959
32992,F-12,264961
32993,F-12,264962
32994,F-12,264963
32995,F-12,264965
32996,F-12,264966
32997,F-12,264967
32998,F-12,264969
32999,F-12,264970
33000,F-12,264971
33001,F-12,264972
33002,F-12,264973
33003,F-12,264974
33004,F-12,264975
33005,F-12,264976
33006,F-12,264977
33007,F-12,264978
33008,F-12,264979
33009,F-12,264980
33010,F-12,264981
33011,F-12,264982
33012,F-12,264983
33013,F-12,264984
33014,F-12,264986
33015,F-12,264987
33016,F-12,264988
33017,F-12,264989
33018,F-12,264990
33019,F-12,264991
33020,F-12,264992
33021,F-12,264993
33022,F-12,264994
33023,F-12,264995
33024,F-12,264996
33025,F-12,264997
33026,F-12,264999
33027,F-12,265000
33028,F-12,265001
33029,F-12,265002
33030,F-12,265003
33031,F-12,265004
33032,F-12,265005
33033,F-12,265006
33034,F-12,265007
33035,F-12,265008
33036,F-12,265009
33037,F-12,265010
33038,F-12,265012
33039,F-12,265013
33040,F-12,265014
33041,F-12,265016
33042,F-12,265017
33043,F-12,265018
33044,F-12,265020
33045,F-12,265021
33046,F-12,265022
33047,F-12,265023
33048,F-12,265024
33049,F-12,265025
33050,F-12,265026
33051,F-12,265027
33052,F-12,265028
33053,F-12,265029
33054,F-12,265030
33055,F-12,265031
33056,F-12,265032
33057,F-12,265033
33058,F-12,265034
33059,F-12,265035
33060,F-12,265037
33061,F-12,265038
33062,F-12,265039
33063,F-12,265040
33064,F-12,265041
33065,F-12,265042
33066,F-12,265043
33067,F-12,265044
33068,F-12,265045
33069,F-12,265046
33070,F-12,265047
33071,F-12,265048
33072,F-12,265049
33073,F-12,265050
33074,F-12,265051
33075,F-12,265052
33076,F-12,265053
33077,F-12,265054
33078,F-12,265055
33079,F-12,265056
33080,F-12,265057
33081,F-12,265058
33082,F-12,265059
33083,F-12,265060
33084,F-12,265061
33085,F-12,265063
33086,F-12,265064
33087,F-12,265065
33088,F-12,265066
33089,F-12,265069
33090,F-12,265070
33091,F-12,265071
33092,F-12,265072
33093,F-12,265073
33094,F-12,265074
33095,F-12,265075
33096,F-12,265076
33097,F-12,265077
33098,F-12,265078
33099,F-12,265079
33100,F-12,265080
33101,F-12,265082
33102,F-12,265083
33103,F-12,265084
33104,F-12,265085
33105,F-12,265086
33106,F-12,265087
33107,F-12,265088
33108,F-12,265089
33109,F-12,265090
33110,F-12,265091
33111,F-12,265092
33112,F-12,265093
33113,F-12,265094
33114,F-12,265095
33115,F-12,265096
33116,F-12,265097
33117,F-12,265098
33118,F-12,265099
33119,F-12,265100
33120,F-12,265101
33121,F-12,265102
33122,F-12,265103
33123,F-12,265104
33124,F-12,265105
33125,F-12,265106
33126,F-12,265107
33127,F-12,265109
33128,F-12,265110
33129,F-12,265111
33130,F-12,265112
33131,F-12,265113
33132,F-12,265114
33133,F-12,265115
33134,F-12,265116
33135,F-12,265117
33136,F-12,265118
33137,F-12,265119
33138,F-12,265120
33139,F-12,265121
33140,F-12,265122
33141,F-12,265123
33142,F-12,265124
33143,F-12,265125
33144,F-12,265126
33145,F-12,265127
33146,F-12,265129
33147,F-12,265130
33148,F-12,265131
33149,F-12,265132
33150,F-12,265133
33151,F-12,265134
33152,F-12,265135
33153,F-12,265137
33154,F-12,265138
33155,F-12,265139
33156,F-12,265140
33157,F-12,265141
33158,F-12,265142
33159,F-12,265143
33160,F-12,265144
33161,F-12,265145
33162,F-12,265146
33163,F-12,265147
33164,F-12,265148
33165,F-12,265149
33166,F-12,265150
33167,F-12,265151
33168,F-12,265152
33169,F-12,265153
33170,F-12,265155
33171,F-12,265156
33172,F-12,265157
33173,F-12,265158
33174,F-12,265159
33175,F-12,265160
33176,F-12,265161
33177,F-12,265162
33178,F-12,265163
33179,F-12,265164
33180,F-12,265165
33181,F-12,265166
33182,F-12,265168
33183,F-12,265169
33184,F-12,265170
33185,F-12,265171
33186,F-12,265173
33187,F-12,265174
33188,F-12,265175
33189,F-12,265177
33190,F-12,265178
33191,F-12,265179
33192,F-12,265180
33193,F-12,265181
33194,F-12,265182
33195,F-12,265183
33196,F-12,265184
33197,F-12,265186
33198,F-12,265187
33199,F-12,265188
33200,F-12,265189
33201,F-12,265190
33202,F-12,265191
33203,F-12,265192
33204,F-12,265193
33205,F-12,265195
33206,F-12,265196
33207,F-12,265197
33208,F-12,265198
33209,F-12,265199
33210,F-12,265200
33211,F-12,265201
33212,F-12,265202
33213,F-12,265203
33214,F-12,265204
33215,F-12,265205
33216,F-12,265206
33217,F-12,265207
33218,F-12,265208
33219,F-12,265209
33220,F-12,265210
33221,F-12,265211
33222,F-12,265212
33223,F-12,265213
33224,F-12,265214
33225,F-12,265216
33226,F-12,265217
33227,F-12,265218
33228,F-12,265220
33229,F-12,265221
33230,F-12,265222
33231,F-12,265223
33232,F-12,265224
33233,F-12,265225
33234,F-12,265226
33235,F-12,265228
33236,F-12,265229
33237,F-12,265230
33238,F-12,265231
33239,F-12,265232
33240,F-12,265233
33241,F-12,265234
33242,F-12,265235
33243,F-12,265236
33244,F-12,265237
33245,F-12,265238
33246,F-12,265239
33247,F-12,265240
33248,F-12,265241
33249,F-12,265242
33250,F-12,265243
33251,F-12,265244
33252,F-12,265245
33253,F-12,265246
33254,F-12,265247
33255,F-12,265248
33256,F-12,265249
33257,F-12,265250
33258,F-12,265251
33259,F-12,265252
33260,F-12,265253
33261,F-12,265254
33262,F-12,265255
33263,F-12,265256
33264,F-12,265257
33265,F-12,265259
33266,F-12,265260
33267,F-12,265261
33268,F-12,265262
33269,F-12,265263
33270,F-12,265266
33271,F-12,265267
33272,F-12,265268
33273,F-12,265269
33274,F-12,265270
33275,F-12,265271
33276,F-12,265272
33277,F-12,265273
33278,F-12,265274
33279,F-12,265276
33280,F-12,265277
33281,F-12,265278
33282,F-12,265279
33283,F-12,265280
33284,F-12,265281
33285,F-12,265282
33286,F-12,265283
33287,F-12,265284
33288,F-12,265285
33289,F-12,265286
33290,F-12,265287
33291,F-12,265288
33292,F-12,265289
33293,F-12,265290
33294,F-12,265291
33295,F-12,265292
33296,F-12,265293
33297,F-12,265294
33298,F-12,265295
33299,F-12,265296
33300,F-12,265298
33301,F-12,265299
33302,F-12,265300
33303,F-12,265301
33304,F-12,265302
33305,F-12,265303
33306,F-12,265304
33307,F-12,265305
33308,F-12,265306
33309,F-12,265308
33310,F-12,265309
33311,F-12,265310
33312,F-12,265313
33313,F-12,265314
33314,F-12,265316
33315,F-12,265317
33316,F-12,265318
33317,F-12,265319
33318,F-12,265320
33319,F-12,265321
33320,F-12,265322
33321,F-12,265323
33322,F-12,265324
33323,F-12,265326
33324,F-12,265327
33325,F-12,265328
33326,F-12,265329
33327,F-12,265330
33328,F-12,265331
33329,F-12,265332
33330,F-12,265333
33331,F-12,265334
33332,F-12,265335
33333,F-12,265336
33334,F-12,265338
33335,F-12,265339
33336,F-12,265340
33337,F-12,265341
33338,F-12,265342
33339,F-12,265343
33340,F-12,265344
33341,F-12,265345
33342,F-12,265347
33343,F-12,265348
33344,F-12,265349
33345,F-12,265350
33346,F-12,265351
33347,F-12,265352
33348,F-12,265354
33349,F-12,265355
33350,F-12,265356
33351,F-12,265357
33352,F-12,265358
33353,F-12,265359
33354,F-12,265360
33355,F-12,265362
33356,F-12,265363
33357,F-12,265364
33358,F-12,265366
33359,F-12,265367
33360,F-12,265368
33361,F-12,265369
33362,F-12,265370
33363,F-12,265371
33364,F-12,265372
33365,F-12,265373
33366,F-12,265374
33367,F-12,265375
33368,F-12,265376
33369,F-12,265377
33370,F-12,265379
33371,F-12,265380
33372,F-12,265383
33373,F-12,265384
33374,F-12,265385
33375,F-12,265386
33376,F-12,265387
33377,F-12,265388
33378,F-12,265389
33379,F-12,265392
33380,F-12,265393
33381,F-12,265396
33382,F-12,265397
33383,F-12,265398
33384,F-12,265399
33385,F-12,265400
33386,F-12,265401
33387,F-12,265402
33388,F-12,265404
33389,F-12,265405
33390,F-12,265406
33391,F-12,265407
33392,F-12,265408
33393,F-12,265409
33394,F-12,265410
33395,F-12,265411
33396,F-12,265412
33397,F-12,265414
33398,F-12,265415
33399,F-12,265416
33400,F-12,265417
33401,F-12,265418
33402,F-12,265419
33403,F-12,265420
33404,F-12,265421
33405,F-12,265422
33406,F-12,265423
33407,F-12,265425
33408,F-12,265426
33409,F-12,265427
33410,F-12,265428
33411,F-12,265429
33412,F-12,265430
33413,F-12,265431
33414,F-12,265432
33415,F-12,265433
33416,F-12,265434
33417,F-12,265435
33418,F-12,265436
33419,F-12,265437
33420,F-12,265438
33421,F-12,265439
33422,F-12,265440
33423,F-12,265441
33424,F-12,265444
33425,F-12,265445
33426,F-12,265446
33427,F-12,265448
33428,F-12,265449
33429,F-12,265450
33430,F-12,265451
33431,F-12,265452
33432,F-12,265454
33433,F-12,265455
33434,F-12,265456
33435,F-12,265457
33436,F-12,265458
33437,F-12,265459
33438,F-12,265460
33439,F-12,265461
33440,F-12,265462
33441,F-12,265463
33442,F-12,265464
33443,F-12,265465
33444,F-12,265467
33445,F-12,265468
33446,F-12,265469
33447,F-12,265470
33448,F-12,265471
33449,F-12,265472
33450,F-12,265473
33451,F-12,265474
33452,F-12,265475
33453,F-12,265476
33454,F-12,265477
33455,F-12,265478
33456,F-12,265479
33457,F-12,265480
33458,F-12,265481
33459,F-12,265482
33460,F-12,265483
33461,F-12,265484
33462,F-12,265485
33463,F-12,265486
33464,F-12,265487
33465,F-12,265488
33466,F-12,265489
33467,F-12,265490
33468,F-12,265491
33469,F-12,265492
33470,F-12,265493
33471,F-12,265494
33472,F-12,265496
33473,F-12,265497
33474,F-12,265498
33475,F-12,265500
33476,F-12,265501
33477,F-12,265502
33478,F-12,265503
33479,F-12,265505
33480,F-12,265506
33481,F-12,265507
33482,F-12,265508
33483,F-12,265510
33484,F-12,265511
33485,F-12,265512
33486,F-12,265513
33487,F-12,265514
33488,F-12,265515
33489,F-12,265516
33490,F-12,265517
33491,F-12,265518
33492,F-12,265519
33493,F-12,265520
33494,F-12,265521
33495,F-12,265522
33496,F-12,265524
33497,F-12,265525
33498,F-12,265526
33499,F-12,265527
33500,F-12,265528
33501,F-12,265529
33502,F-12,265530
33503,F-12,265533
33504,F-12,265535
33505,F-12,265536
33506,F-12,265537
33507,F-12,265539
33508,F-12,265540
33509,F-12,265542
33510,F-12,265544
33511,F-12,265545
33512,F-12,265546
33513,F-12,265547
33514,F-12,265548
33515,F-12,265549
33516,F-12,265550
33517,F-12,265552
33518,F-12,265553
33519,F-12,265555
33520,F-12,265556
33521,F-12,265557
33522,F-12,265558
33523,F-12,265559
33524,F-12,265560
33525,F-12,265561
33526,F-12,265562
33527,F-12,265563
33528,F-12,265564
33529,F-12,265565
33530,F-12,265566
33531,F-12,265568
33532,F-12,265569
33533,F-12,265570
33534,F-12,265573
33535,F-12,265574
33536,F-12,265576
33537,F-12,265577
33538,F-12,265578
33539,F-12,265580
33540,F-12,265581
33541,F-12,265582
33542,F-12,265583
33543,F-12,265584
33544,F-12,265585
33545,F-12,265586
33546,F-12,265587
33547,F-12,265588
33548,F-12,265589
33549,F-12,265590
33550,F-12,265591
33551,F-12,265592
33552,F-12,265594
33553,F-12,265596
33554,F-12,265597
33555,F-12,265598
33556,F-12,265599
33557,F-12,265600
33558,F-12,265601
33559,F-12,265602
33560,F-12,265603
33561,F-12,265604
33562,F-12,265605
33563,F-12,265606
33564,F-12,265607
33565,F-12,265608
33566,F-12,265609
33567,F-12,265610
33568,F-12,265611
33569,F-12,265612
33570,F-12,265613
33571,F-12,265614
33572,F-12,265615
33573,F-12,265616
33574,F-12,265617
33575,F-12,265618
33576,F-12,265619
33577,F-12,265620
33578,F-12,265621
33579,F-12,265622
33580,F-12,265623
33581,F-12,265624
33582,F-12,265626
33583,F-12,265627
33584,F-12,265628
33585,F-12,265629
33586,F-12,265630
33587,F-12,265631
33588,F-12,265632
33589,F-12,265634
33590,F-12,265636
33591,F-12,265637
33592,F-12,265638
33593,F-12,265639
33594,F-12,265640
33595,F-12,265641
33596,F-12,265642
33597,F-12,265643
33598,F-12,265644
33599,F-12,265645
33600,F-12,265646
33601,F-12,265647
33602,F-12,265648
33603,F-12,265649
33604,F-12,265650
33605,F-12,265651
33606,F-12,265652
33607,F-12,265653
33608,F-12,265654
33609,F-12,265656
33610,F-12,265657
33611,F-12,265658
33612,F-12,265659
33613,F-12,265660
33614,F-12,265661
33615,F-12,265662
33616,F-12,265663
33617,F-12,265664
33618,F-12,265665
33619,F-12,265666
33620,F-12,265667
33621,F-12,265668
33622,F-12,265670
33623,F-12,265671
33624,F-12,265672
33625,F-12,265673
33626,F-12,265677
33627,F-12,265678
33628,F-12,265679
33629,F-12,265680
33630,F-12,265681
33631,F-12,265683
33632,F-12,265686
33633,F-12,265687
33634,F-12,265688
33635,F-12,265689
33636,F-12,265690
33637,F-12,265691
33638,F-12,265692
33639,F-12,265693
33640,F-12,265694
33641,F-12,265696
33642,F-12,265697
33643,F-12,265698
33644,F-12,265699
33645,F-12,265700
33646,F-12,265701
33647,F-12,265702
33648,F-12,265703
33649,F-12,265704
33650,F-12,265705
33651,F-12,265706
33652,F-12,265707
33653,F-12,265708
33654,F-12,265709
33655,F-12,265710
33656,F-12,265712
33657,F-12,265713
33658,F-12,265715
33659,F-12,265716
33660,F-12,265717
33661,F-12,265718
33662,F-12,265719
33663,F-12,265723
33664,F-12,265724
33665,F-12,265726
33666,F-12,265727
33667,F-12,265728
33668,F-12,265729
33669,F-12,265730
33670,F-12,265731
33671,F-12,265732
33672,F-12,265735
33673,F-12,265736
33674,F-12,265737
33675,F-12,265738
33676,F-12,265741
33677,F-12,265742
33678,F-12,265743
33679,F-12,265746
33680,F-12,265747
33681,F-12,265748
33682,F-12,265749
33683,F-12,265750
33684,F-12,265752
33685,F-12,265753
33686,F-12,265754
33687,F-12,265756
33688,F-12,265757
33689,F-12,265758
33690,F-12,265759
33691,F-12,265760
33692,F-12,265761
33693,F-12,265762
33694,F-12,265763
33695,F-12,265764
33696,F-12,265765
33697,F-12,265766
33698,F-12,265767
33699,F-12,265770
33700,F-12,265771
33701,F-12,265772
33702,F-12,265773
33703,F-12,265774
33704,F-12,265775
33705,F-12,265776
33706,F-12,265777
33707,F-12,265778
33708,F-12,265779
33709,F-12,265780
33710,F-12,265781
33711,F-12,265782
33712,F-12,265783
33713,F-12,265784
33714,F-12,265788
33715,F-12,265789
33716,F-12,265791
33717,F-12,265792
33718,F-12,265793
33719,F-12,265794
33720,F-12,265796
33721,F-12,265797
33722,F-12,265799
33723,F-12,265800
33724,F-12,265801
33725,F-12,265802
33726,F-12,265803
33727,F-12,265804
33728,F-12,265805
33729,F-12,265806
33730,F-12,265807
33731,F-12,265809
33732,F-12,265810
33733,F-12,265811
33734,F-12,265812
33735,F-12,265813
33736,F-12,265814
33737,F-12,265816
33738,F-12,265817
33739,F-12,265819
33740,F-12,265820
33741,F-12,265821
33742,F-12,265822
33743,F-12,265824
33744,F-12,265826
33745,F-12,265827
33746,F-12,265828
33747,F-12,265829
33748,F-12,265830
33749,F-12,265831
33750,F-12,265832
33751,F-12,265833
33752,F-12,265834
33753,F-12,265835
33754,F-12,265836
33755,F-12,265837
33756,F-12,265838
33757,F-12,265839
33758,F-12,265840
33759,F-12,265841
33760,F-12,265842
33761,F-12,265843
33762,F-12,265844
33763,F-12,265845
33764,F-12,265846
33765,F-12,265847
33766,F-12,265848
33767,F-12,265850
33768,F-12,265851
33769,F-12,265852
33770,F-12,265853
33771,F-12,265854
33772,F-12,265855
33773,F-12,265856
33774,F-12,265857
33775,F-12,265858
33776,F-12,265859
33777,F-12,265860
33778,F-12,265861
33779,F-12,265862
33780,F-12,265863
33781,F-12,265864
33782,F-12,265865
33783,F-12,265866
33784,F-12,265867
33785,F-12,265868
33786,F-12,265869
33787,F-12,265870
33788,F-12,265872
33789,F-12,265873
33790,F-12,265874
33791,F-12,265875
33792,F-12,265876
33793,F-12,265877
33794,F-12,265878
33795,F-12,265880
33796,F-12,265881
33797,F-12,265883
33798,F-12,265885
33799,F-12,265886
33800,F-12,265887
33801,F-12,265888
33802,F-12,265889
33803,F-12,265890
33804,F-12,265891
33805,F-12,265892
33806,F-12,265893
33807,F-12,265894
33808,F-12,265895
33809,F-12,265896
33810,F-12,265899
33811,F-12,265900
33812,F-12,265901
33813,F-12,265902
33814,F-12,265905
33815,F-12,265906
33816,F-12,265907
33817,F-12,265909
33818,F-12,265910
33819,F-12,265911
33820,F-12,265912
33821,F-12,265913
33822,F-12,265914
33823,F-12,265915
33824,F-12,265916
33825,F-12,265917
33826,F-12,265918
33827,F-12,265919
33828,F-12,265920
33829,F-12,265921
33830,F-12,265922
33831,F-12,265924
33832,F-12,265925
33833,F-12,265926
33834,F-12,265927
33835,F-12,265928
33836,F-12,265929
33837,F-12,265930
33838,F-12,265931
33839,F-12,265934
33840,F-12,265935
33841,F-12,265936
33842,F-12,265937
33843,F-12,265938
33844,F-12,265939
33845,F-12,265940
33846,F-12,265941
33847,F-12,265942
33848,F-12,265943
33849,F-12,265945
33850,F-12,265946
33851,F-12,265947
33852,F-12,265948
33853,F-12,265949
33854,F-12,265950
33855,F-12,265951
33856,F-12,265952
33857,F-12,265953
33858,F-12,265954
33859,F-12,265955
33860,F-12,265956
33861,F-12,265957
33862,F-12,265958
33863,F-12,265959
33864,F-12,265960
33865,F-12,265961
33866,F-12,265962
33867,F-12,265963
33868,F-12,265965
33869,F-12,265966
33870,F-12,265967
33871,F-12,265968
33872,F-12,265969
33873,F-12,265971
33874,F-12,265972
33875,F-12,265973
33876,F-12,265975
33877,F-12,265976
33878,F-12,265978
33879,F-12,265979
33880,F-12,265980
33881,F-12,265981
33882,F-12,265982
33883,F-12,265983
33884,F-12,265985
33885,F-12,265986
33886,F-12,265987
33887,F-12,265990
33888,F-12,265992
33889,F-12,265993
33890,F-12,265995
33891,F-12,265996
33892,F-12,265997
33893,F-12,265998
33894,F-12,265999
33895,F-12,266000
33896,F-12,266001
33897,F-12,266003
33898,F-12,266004
33899,F-12,266005
33900,F-12,266006
33901,F-12,266007
33902,F-12,266008
33903,F-12,266009
33904,F-12,266010
33905,F-12,266011
33906,F-12,266012
33907,F-12,266013
33908,F-12,266014
33909,F-12,266015
33910,F-12,266016
33911,F-12,266017
33912,F-12,266018
33913,F-12,266019
33914,F-12,266020
33915,F-12,266021
33916,F-12,266022
33917,F-12,266023
33918,F-12,266024
33919,F-12,266025
33920,F-12,266027
33921,F-12,266029
33922,F-12,266031
33923,F-12,266032
33924,F-12,266033
33925,F-12,266034
33926,F-12,266035
33927,F-12,266036
33928,F-12,266037
33929,F-12,266038
33930,F-12,266039
33931,F-12,266040
33932,F-12,266041
33933,F-12,266042
33934,F-12,266043
33935,F-12,266045
33936,F-12,266046
33937,F-12,266047
33938,F-12,266048
33939,F-12,266049
33940,F-12,266050
33941,F-12,266051
33942,F-12,266052
33943,F-12,266054
33944,F-12,266056
33945,F-12,266057
33946,F-12,266058
33947,F-12,266059
33948,F-12,266060
33949,F-12,266061
33950,F-12,266063
33951,F-12,266064
33952,F-12,266065
33953,F-12,266066
33954,F-12,266067
33955,F-12,266068
33956,F-12,266070
33957,F-12,266071
33958,F-12,266073
33959,F-12,266074
33960,F-12,266075
33961,F-12,266076
33962,F-12,266078
33963,F-12,266079
33964,F-12,266080
33965,F-12,266081
33966,F-12,266082
33967,F-12,266083
33968,F-12,266084
33969,F-12,266085
33970,F-12,266086
33971,F-12,266087
33972,F-12,266088
33973,F-12,266089
33974,F-12,266090
33975,F-12,266092
33976,F-12,266093
33977,F-12,266094
33978,F-12,266095
33979,F-12,266096
33980,F-12,266097
33981,F-12,266098
33982,F-12,266100
33983,F-12,266102
33984,F-12,266103
33985,F-12,266104
33986,F-12,266105
33987,F-12,266106
33988,F-12,266107
33989,F-12,266108
33990,F-12,266109
33991,F-12,266110
33992,F-12,266111
33993,F-12,266112
33994,F-12,266113
33995,F-12,266114
33996,F-12,266115
33997,F-12,266116
33998,F-12,266117
33999,F-12,266118
34000,F-12,266119
34001,F-12,266120
34002,F-12,266122
34003,F-12,266123
34004,F-12,266124
34005,F-12,266125
34006,F-12,266126
34007,F-12,266127
34008,F-12,266128
34009,F-12,266129
34010,F-12,266130
34011,F-12,266132
34012,F-12,266133
34013,F-12,266134
34014,F-12,266135
34015,F-12,266136
34016,F-12,266137
34017,F-12,266139
34018,F-12,266141
34019,F-12,266142
34020,F-12,266143
34021,F-12,266144
34022,F-12,266145
34023,F-12,266146
34024,F-12,266147
34025,F-12,266148
34026,F-12,266149
34027,F-12,266150
34028,F-12,266151
34029,F-12,266152
34030,F-12,266153
34031,F-12,266154
34032,F-12,266155
34033,F-12,266156
34034,F-12,266158
34035,F-12,266159
34036,F-12,266160
34037,F-12,266161
34038,F-12,266162
34039,F-12,266163
34040,F-12,266164
34041,F-12,266165
34042,F-12,266167
34043,F-12,266168
34044,F-12,266169
34045,F-12,266170
34046,F-12,266171
34047,F-12,266172
34048,F-12,266173
34049,F-12,266175
34050,F-12,266176
34051,F-12,266177
34052,F-12,266178
34053,F-12,266180
34054,F-12,266181
34055,F-12,266183
34056,F-12,266184
34057,F-12,266185
34058,F-12,266186
34059,F-12,266187
34060,F-12,266188
34061,F-12,266189
34062,F-12,266190
34063,F-12,266191
34064,F-12,266192
34065,F-12,266193
34066,F-12,266196
34067,F-12,266197
34068,F-12,266198
34069,F-12,266199
34070,F-12,266200
34071,F-12,266201
34072,F-12,266202
34073,F-12,266203
34074,F-12,266204
34075,F-12,266205
34076,F-12,266208
34077,F-12,266209
34078,F-12,266210
34079,F-12,266211
34080,F-12,266213
34081,F-12,266214
34082,F-12,266216
34083,F-12,266217
34084,F-12,266218
34085,F-12,266221
34086,F-12,266223
34087,F-12,266225
34088,F-12,266227
34089,F-12,266228
34090,F-12,266229
34091,F-12,266231
34092,F-12,266232
34093,F-12,266233
34094,F-12,266234
34095,F-12,266235
34096,F-12,266236
34097,F-12,266238
34098,F-12,266240
34099,F-12,266243
34100,F-12,266244
34101,F-12,266246
34102,F-12,266247
34103,F-12,266250
34104,F-12,266251
34105,F-12,266252
34106,F-12,266253
34107,F-12,266254
34108,F-12,266255
34109,F-12,266256
34110,F-12,266257
34111,F-12,266258
34112,F-12,266259
34113,F-12,266260
34114,F-12,266261
34115,F-12,266262
34116,F-12,266263
34117,F-12,266264
34118,F-12,266266
34119,F-12,266267
34120,F-12,266268
34121,F-12,266269
34122,F-12,266270
34123,F-12,266271
34124,F-12,266272
34125,F-12,266273
34126,F-12,266276
34127,F-12,266278
34128,F-12,266279
34129,F-12,266280
34130,F-12,266281
34131,F-12,266282
34132,F-12,266283
34133,F-12,266285
34134,F-12,266287
34135,F-12,266288
34136,F-12,266290
34137,F-12,266291
34138,F-12,266292
34139,F-12,266293
34140,F-12,266294
34141,F-12,266295
34142,F-12,266296
34143,F-12,266300
34144,F-12,266301
34145,F-12,266302
34146,F-12,266303
34147,F-12,266304
34148,F-12,266305
34149,F-12,266306
34150,F-12,266307
34151,F-12,266308
34152,F-12,266309
34153,F-12,266310
34154,F-12,266311
34155,F-12,266312
34156,F-12,266313
34157,F-12,266315
34158,F-12,266316
34159,F-12,266317
34160,F-12,266318
34161,F-12,266319
34162,F-12,266320
34163,F-12,266321
34164,F-12,266322
34165,F-12,266323
34166,F-12,266324
34167,F-12,266325
34168,F-12,266326
34169,F-12,266327
34170,F-12,266329
34171,F-12,266330
34172,F-12,266331
34173,F-12,266332
34174,F-12,266333
34175,F-12,266334
34176,F-12,266335
34177,F-12,266336
34178,F-12,266337
34179,F-12,266339
34180,F-12,266340
34181,F-12,266341
34182,F-12,266342
34183,F-12,266343
34184,F-12,266344
34185,F-12,266345
34186,F-12,266346
34187,F-12,266347
34188,F-12,266348
34189,F-12,266349
34190,F-12,266350
34191,F-12,266351
34192,F-12,266352
34193,F-12,266353
34194,F-12,266356
34195,F-12,266357
34196,F-12,266358
34197,F-12,266359
34198,F-12,266360
34199,F-12,266361
34200,F-12,266363
34201,F-12,266364
34202,F-12,266365
34203,F-12,266366
34204,F-12,266367
34205,F-12,266368
34206,F-12,266369
34207,F-12,266370
34208,F-12,266372
34209,F-12,266373
34210,F-12,266374
34211,F-12,266375
34212,F-12,266376
34213,F-12,266377
34214,F-12,266378
34215,F-12,266379
34216,F-12,266380
34217,F-12,266381
34218,F-12,266382
34219,F-12,266383
34220,F-12,266384
34221,F-12,266386
34222,F-12,266387
34223,F-12,266388
34224,F-12,266390
34225,F-12,266391
34226,F-12,266392
34227,F-12,266393
34228,F-12,266394
34229,F-12,266395
34230,F-12,266396
34231,F-12,266397
34232,F-12,266398
34233,F-12,266399
34234,F-12,266400
34235,F-12,266401
34236,F-12,266403
34237,F-12,266404
34238,F-12,266405
34239,F-12,266407
34240,F-12,266408
34241,F-12,266409
34242,F-12,266410
34243,F-12,266411
34244,F-12,266413
34245,F-12,266415
34246,F-12,266416
34247,F-12,266417
34248,F-12,266418
34249,F-12,266419
34250,F-12,266421
34251,F-12,266422
34252,F-12,266423
34253,F-12,266424
34254,F-12,266425
34255,F-12,266426
34256,F-12,266428
34257,F-12,266429
34258,F-12,266430
34259,F-12,266431
34260,F-12,266432
34261,F-12,266433
34262,F-12,266434
34263,F-12,266435
34264,F-12,266436
34265,F-12,266437
34266,F-12,266438
34267,F-12,266439
34268,F-12,266440
34269,F-12,266441
34270,F-12,266442
34271,F-12,266443
34272,F-12,266444
34273,F-12,266445
34274,F-12,266446
34275,F-12,266447
34276,F-12,266448
34277,F-12,266449
34278,F-12,266450
34279,F-12,266453
34280,F-12,266454
34281,F-12,266456
34282,F-12,266458
34283,F-12,266459
34284,F-12,266460
34285,F-12,266461
34286,F-12,266462
34287,F-12,266463
34288,F-12,266464
34289,F-12,266466
34290,F-12,266467
34291,F-12,266468
34292,F-12,266469
34293,F-12,266470
34294,F-12,266471
34295,F-12,266472
34296,F-12,266473
34297,F-12,266474
34298,F-12,266475
34299,F-12,266476
34300,F-12,266477
34301,F-12,266478
34302,F-12,266479
34303,F-12,266480
34304,F-12,266482
34305,F-12,266483
34306,F-12,266484
34307,F-12,266485
34308,F-12,266486
34309,F-12,266487
34310,F-12,266488
34311,F-12,266489
34312,F-12,266490
34313,F-12,266491
34314,F-12,266492
34315,F-12,266493
34316,F-12,266494
34317,F-12,266495
34318,F-12,266497
34319,F-12,266498
34320,F-12,266499
34321,F-12,266500
34322,F-12,266501
34323,F-12,266502
34324,F-12,266503
34325,F-12,266504
34326,F-12,266505
34327,F-12,266506
34328,F-12,266507
34329,F-12,266509
34330,F-12,266510
34331,F-12,266511
34332,F-12,266512
34333,F-12,266513
34334,F-12,266514
34335,F-12,266515
34336,F-12,266516
34337,F-12,266517
34338,F-12,266518
34339,F-12,266519
34340,F-12,266520
34341,F-12,266521
34342,F-12,266522
34343,F-12,266524
34344,F-12,266525
34345,F-12,266526
34346,F-12,266527
34347,F-12,266528
34348,F-12,266529
34349,F-12,266530
34350,F-12,266531
34351,F-12,266532
34352,F-12,266533
34353,F-12,266535
34354,F-12,266537
34355,F-12,266538
34356,F-12,266539
34357,F-12,266540
34358,F-12,266542
34359,F-12,266543
34360,F-12,266544
34361,F-12,266545
34362,F-12,266546
34363,F-12,266547
34364,F-12,266548
34365,F-12,266549
34366,F-12,266550
34367,F-12,266551
34368,F-12,266552
34369,F-12,266553
34370,F-12,266554
34371,F-12,266555
34372,F-12,266556
34373,F-12,266557
34374,F-12,266558
34375,F-12,266559
34376,F-12,266560
34377,F-12,266561
34378,F-12,266562
34379,F-12,266563
34380,F-12,266564
34381,F-12,266565
34382,F-12,266567
34383,F-12,266568
34384,F-12,266570
34385,F-12,266571
34386,F-12,266572
34387,F-12,266573
34388,F-12,266574
34389,F-12,266575
34390,F-12,266576
34391,F-12,266577
34392,F-12,266578
34393,F-12,266579
34394,F-12,266580
34395,F-12,266581
34396,F-12,266582
34397,F-12,266583
34398,F-12,266584
34399,F-12,266585
34400,F-12,266586
34401,F-12,266588
34402,F-12,266589
34403,F-12,266591
34404,F-12,266592
34405,F-12,266593
34406,F-12,266595
34407,F-12,266596
34408,F-12,266597
34409,F-12,266598
34410,F-12,266599
34411,F-12,266600
34412,F-12,266601
34413,F-12,266602
34414,F-12,266605
34415,F-12,266606
34416,F-12,266607
34417,F-12,266609
34418,F-12,266610
34419,F-12,266612
34420,F-12,266614
34421,F-12,266615
34422,F-12,266616
34423,F-12,266617
34424,F-12,266618
34425,F-12,266620
34426,F-12,266621
34427,F-12,266622
34428,F-12,266623
34429,F-12,266625
34430,F-12,266627
34431,F-12,266629
34432,F-12,266630
34433,F-12,266631
34434,F-12,266632
34435,F-12,266633
34436,F-12,266635
34437,F-12,266636
34438,F-12,266638
34439,F-12,266639
34440,F-12,266640
34441,F-12,266641
34442,F-12,266642
34443,F-12,266643
34444,F-12,266644
34445,F-12,266645
34446,F-12,266646
34447,F-12,266647
34448,F-12,266648
34449,F-12,266649
34450,F-12,266650
34451,F-12,266651
34452,F-12,266652
34453,F-12,266653
34454,F-12,266654
34455,F-12,266655
34456,F-12,266656
34457,F-12,266657
34458,F-12,266659
34459,F-12,266660
34460,F-12,266661
34461,F-12,266662
34462,F-12,266663
34463,F-12,266664
34464,F-12,266665
34465,F-12,266666
34466,F-12,266667
34467,F-12,266668
34468,F-12,266669
34469,F-12,266670
34470,F-12,266671
34471,F-12,266672
34472,F-12,266673
34473,F-12,266674
34474,F-12,266675
34475,F-12,266676
34476,F-12,266678
34477,F-12,266679
34478,F-12,266681
34479,F-12,266682
34480,F-12,266683
34481,F-12,266684
34482,F-12,266685
34483,F-12,266686
34484,F-12,266687
34485,F-12,266689
34486,F-12,266690
34487,F-12,266691
34488,F-12,266692
34489,F-12,266693
34490,F-12,266694
34491,F-12,266695
34492,F-12,266696
34493,F-12,266697
34494,F-12,266698
34495,F-12,266699
34496,F-12,266700
34497,F-12,266701
34498,F-12,266702
34499,F-12,266703
34500,F-12,266704
34501,F-12,266705
34502,F-12,266706
34503,F-12,266708
34504,F-12,266709
34505,F-12,266710
34506,F-12,266711
34507,F-12,266712
34508,F-12,266713
34509,F-12,266714
34510,F-12,266715
34511,F-12,266716
34512,F-12,266717
34513,F-12,266719
34514,F-12,266720
34515,F-12,266721
34516,F-12,266722
34517,F-12,266723
34518,F-12,266725
34519,F-12,266726
34520,F-12,266727
34521,F-12,266728
34522,F-12,266729
34523,F-12,266730
34524,F-12,266732
34525,F-12,266734
34526,F-12,266735
34527,F-12,266736
34528,F-12,266737
34529,F-12,266738
34530,F-12,266739
34531,F-12,266740
34532,F-12,266741
34533,F-12,266742
34534,F-12,266743
34535,F-12,266744
34536,F-12,266745
34537,F-12,266746
34538,F-12,266747
34539,F-12,266749
34540,F-12,266750
34541,F-12,266751
34542,F-12,266752
34543,F-12,266753
34544,F-12,266754
34545,F-12,266755
34546,F-12,266756
34547,F-12,266757
34548,F-12,266758
34549,F-12,266759
34550,F-12,266760
34551,F-12,266762
34552,F-12,266763
34553,F-12,266764
34554,F-12,266765
34555,F-12,266767
34556,F-12,266768
34557,F-12,266770
34558,F-12,266771
34559,F-12,266773
34560,F-12,266775
34561,F-12,266776
34562,F-12,266777
34563,F-12,266778
34564,F-12,266779
34565,F-12,266780
34566,F-12,266781
34567,F-12,266782
34568,F-12,266783
34569,F-12,266784
34570,F-12,266785
34571,F-12,266788
34572,F-12,266789
34573,F-12,266790
34574,F-12,266791
34575,F-12,266792
34576,F-12,266794
34577,F-12,266795
34578,F-12,266796
34579,F-12,266797
34580,F-12,266798
34581,F-12,266799
34582,F-12,266800
34583,F-12,266801
34584,F-12,266802
34585,F-12,266803
34586,F-12,266804
34587,F-12,266805
34588,F-12,266806
34589,F-12,266807
34590,F-12,266808
34591,F-12,266809
34592,F-12,266811
34593,F-12,266812
34594,F-12,266813
34595,F-12,266814
34596,F-12,266815
34597,F-12,266816
34598,F-12,266819
34599,F-12,266820
34600,F-12,266821
34601,F-12,266822
34602,F-12,266825
34603,F-12,266826
34604,F-12,266828
34605,F-12,266829
34606,F-12,266830
34607,F-12,266831
34608,F-12,266833
34609,F-12,266834
34610,F-12,266835
34611,F-12,266836
34612,F-12,266837
34613,F-12,266838
34614,F-12,266839
34615,F-12,266840
34616,F-12,266842
34617,F-12,266843
34618,F-12,266844
34619,F-12,266845
34620,F-12,266846
34621,F-12,266848
34622,F-12,266850
34623,F-12,266851
34624,F-12,266852
34625,F-12,266853
34626,F-12,266854
34627,F-12,266855
34628,F-12,266856
34629,F-12,266857
34630,F-12,266858
34631,F-12,266859
34632,F-12,266861
34633,F-12,266862
34634,F-12,266863
34635,F-12,266864
34636,F-12,266865
34637,F-12,266866
34638,F-12,266867
34639,F-12,266868
34640,F-12,266869
34641,F-12,266871
34642,F-12,266872
34643,F-12,266874
34644,F-12,266875
34645,F-12,266877
34646,F-12,266878
34647,F-12,266879
34648,F-12,266882
34649,F-12,266883
34650,F-12,266885
34651,F-12,266886
34652,F-12,266887
34653,F-12,266888
34654,F-12,266889
34655,F-12,266890
34656,F-12,266891
34657,F-12,266892
34658,F-12,266893
34659,F-12,266894
34660,F-12,266895
34661,F-12,266896
34662,F-12,266897
34663,F-12,266898
34664,F-12,266899
34665,F-12,266900
34666,F-12,266901
34667,F-12,266903
34668,F-12,266904
34669,F-12,266905
34670,F-12,266906
34671,F-12,266907
34672,F-12,266909
34673,F-12,266910
34674,F-12,266911
34675,F-12,266912
34676,F-12,266913
34677,F-12,266914
34678,F-12,266915
34679,F-12,266916
34680,F-12,266917
34681,F-12,266918
34682,F-12,266919
34683,F-12,266920
34684,F-12,266921
34685,F-12,266922
34686,F-12,266923
34687,F-12,266924
34688,F-12,266925
34689,F-12,266926
34690,F-12,266927
34691,F-12,266928
34692,F-12,266929
34693,F-12,266931
34694,F-12,266932
34695,F-12,266933
34696,F-12,266934
34697,F-12,266935
34698,F-12,266936
34699,F-12,266937
34700,F-12,266938
34701,F-12,266939
34702,F-12,266940
34703,F-12,266941
34704,F-12,266942
34705,F-12,266943
34706,F-12,266944
34707,F-12,266945
34708,F-12,266946
34709,F-12,266947
34710,F-12,266948
34711,F-12,266949
34712,F-12,266950
34713,F-12,266952
34714,F-12,266953
34715,F-12,266954
34716,F-12,266955
34717,F-12,266956
34718,F-12,266957
34719,F-12,266958
34720,F-12,266959
34721,F-12,266960
34722,F-12,266963
34723,F-12,266965
34724,F-12,266967
34725,F-12,266968
34726,F-12,266969
34727,F-12,266970
34728,F-12,266971
34729,F-12,266972
34730,F-12,266973
34731,F-12,266974
34732,F-12,266975
34733,F-12,266976
34734,F-12,266977
34735,F-12,266978
34736,F-12,266979
34737,F-12,266980
34738,F-12,266982
34739,F-12,266983
34740,F-12,266984
34741,F-12,266985
34742,F-12,266986
34743,F-12,266987
34744,F-12,266988
34745,F-12,266989
34746,F-12,266990
34747,F-12,266991
34748,F-12,266992
34749,F-12,266994
34750,F-12,266995
34751,F-12,266996
34752,F-12,266997
34753,F-12,266999
34754,F-12,267000
34755,F-12,267001
34756,F-12,267002
34757,F-12,267003
34758,F-12,267004
34759,F-12,267006
34760,F-12,267007
34761,F-12,267008
34762,F-12,267010
34763,F-12,267011
34764,F-12,267012
34765,F-12,267016
34766,F-12,267017
34767,F-12,267019
34768,F-12,267021
34769,F-12,267022
34770,F-12,267023
34771,F-12,267024
34772,F-12,267025
34773,F-12,267027
34774,F-12,267028
34775,F-12,267029
34776,F-12,267030
34777,F-12,267031
34778,F-12,267032
34779,F-12,267033
34780,F-12,267034
34781,F-12,267035
34782,F-12,267036
34783,F-12,267037
34784,F-12,267038
34785,F-12,267039
34786,F-12,267040
34787,F-12,267041
34788,F-12,267042
34789,F-12,267043
34790,F-12,267044
34791,F-12,267045
34792,F-12,267046
34793,F-12,267047
34794,F-12,267050
34795,F-12,267051
34796,F-12,267052
34797,F-12,267053
34798,F-12,267054
34799,F-12,267055
34800,F-12,267056
34801,F-12,267057
34802,F-12,267058
34803,F-12,267059
34804,F-12,267061
34805,F-12,267062
34806,F-12,267064
34807,F-12,267065
34808,F-12,267066
34809,F-12,267068
34810,F-12,267069
34811,F-12,267070
34812,F-12,267072
34813,F-12,267073
34814,F-12,267075
34815,F-12,267076
34816,F-12,267077
34817,F-12,267078
34818,F-12,267079
34819,F-12,267080
34820,F-12,267081
34821,F-12,267082
34822,F-12,267083
34823,F-12,267084
34824,F-12,267085
34825,F-12,267086
34826,F-12,267087
34827,F-12,267090
34828,F-12,267092
34829,F-12,267093
34830,F-12,267094
34831,F-12,267095
34832,F-12,267096
34833,F-12,267097
34834,F-12,267098
34835,F-12,267099
34836,F-12,267100
34837,F-12,267101
34838,F-12,267103
34839,F-12,267105
34840,F-12,267106
34841,F-12,267107
34842,F-12,267108
34843,F-12,267109
34844,F-12,267110
34845,F-12,267112
34846,F-12,267113
34847,F-12,267114
34848,F-12,267115
34849,F-12,267116
34850,F-12,267117
34851,F-12,267119
34852,F-12,267120
34853,F-12,267121
34854,F-12,267122
34855,F-12,267124
34856,F-12,267125
34857,F-12,267126
34858,F-12,267127
34859,F-12,267128
34860,F-12,267129
34861,F-12,267130
34862,F-12,267131
34863,F-12,267132
34864,F-12,267135
34865,F-12,267137
34866,F-12,267138
34867,F-12,267139
34868,F-12,267140
34869,F-12,267141
34870,F-12,267142
34871,F-12,267143
34872,F-12,267144
34873,F-12,267145
34874,F-12,267146
34875,F-12,267147
34876,F-12,267149
34877,F-12,267150
34878,F-12,267151
34879,F-12,267152
34880,F-12,267153
34881,F-12,267154
34882,F-12,267155
34883,F-12,267156
34884,F-12,267157
34885,F-12,267158
34886,F-12,267159
34887,F-12,267160
34888,F-12,267161
34889,F-12,267162
34890,F-12,267163
34891,F-12,267164
34892,F-12,267165
34893,F-12,267166
34894,F-12,267167
34895,F-12,267168
34896,F-12,267169
34897,F-12,267170
34898,F-12,267171
34899,F-12,267172
34900,F-12,267174
34901,F-12,267175
34902,F-12,267176
34903,F-12,267177
34904,F-12,267179
34905,F-12,267180
34906,F-12,267181
34907,F-12,267182
34908,F-12,267184
34909,F-12,267185
34910,F-12,267186
34911,F-12,267187
34912,F-12,267188
34913,F-12,267189
34914,F-12,267190
34915,F-12,267191
34916,F-12,267192
34917,F-12,267193
34918,F-12,267194
34919,F-12,267195
34920,F-12,267196
34921,F-12,267197
34922,F-12,267198
34923,F-12,267199
34924,F-12,267200
34925,F-12,267201
34926,F-12,267203
34927,F-12,267204
34928,F-12,267205
34929,F-12,267206
34930,F-12,267208
34931,F-12,267209
34932,F-12,267211
34933,F-12,267212
34934,F-12,267213
34935,F-12,267214
34936,F-12,267215
34937,F-12,267216
34938,F-12,267217
34939,F-12,267220
34940,F-12,267221
34941,F-12,267222
34942,F-12,267223
34943,F-12,267224
34944,F-12,267225
34945,F-12,267226
34946,F-12,267227
34947,F-12,267228
34948,F-12,267229
34949,F-12,267230
34950,F-12,267231
34951,F-12,267232
34952,F-12,267233
34953,F-12,267234
34954,F-12,267235
34955,F-12,267236
34956,F-12,267237
34957,F-12,267238
34958,F-12,267239
34959,F-12,267240
34960,F-12,267241
34961,F-12,267242
34962,F-12,267244
34963,F-12,267245
34964,F-12,267246
34965,F-12,267248
34966,F-12,267249
34967,F-12,267250
34968,F-12,267251
34969,F-12,267252
34970,F-12,267253
34971,F-12,267254
34972,F-12,267255
34973,F-12,267256
34974,F-12,267257
34975,F-12,267258
34976,F-12,267259
34977,F-12,267260
34978,F-12,267261
34979,F-12,267262
34980,F-12,267263
34981,F-12,267264
34982,F-12,267265
34983,F-12,267266
34984,F-12,267267
34985,F-12,267268
34986,F-12,267270
34987,F-12,267271
34988,F-12,267272
34989,F-12,267273
34990,F-12,267274
34991,F-12,267275
34992,F-12,267276
34993,F-12,267277
34994,F-12,267279
34995,F-12,267280
34996,F-12,267281
34997,F-12,267282
34998,F-12,267283
34999,F-12,267284
35000,F-12,267285
35001,F-12,267286
35002,F-12,267287
35003,F-12,267288
35004,F-12,267289
35005,F-12,267290
35006,F-12,267291
35007,F-12,267292
35008,F-12,267293
35009,F-12,267295
35010,F-12,267296
35011,F-12,267297
35012,F-12,267298
35013,F-12,267299
35014,F-12,267300
35015,F-12,267301
35016,F-12,267302
35017,F-12,267303
35018,F-12,267304
35019,F-12,267306
35020,F-12,267307
35021,F-12,267308
35022,F-12,267309
35023,F-12,267310
35024,F-12,267311
35025,F-12,267312
35026,F-12,267313
35027,F-12,267314
35028,F-12,267315
35029,F-12,267316
35030,F-12,267317
35031,F-12,267318
35032,F-12,267319
35033,F-12,267321
35034,F-12,267322
35035,F-12,267323
35036,F-12,267324
35037,F-12,267325
35038,F-12,267326
35039,F-12,267327
35040,F-12,267328
35041,F-12,267329
35042,F-12,267330
35043,F-12,267331
35044,F-12,267332
35045,F-12,267333
35046,F-12,267334
35047,F-12,267335
35048,F-12,267336
35049,F-12,267337
35050,F-12,267338
35051,F-12,267340
35052,F-12,267341
35053,F-12,267342
35054,F-12,267343
35055,F-12,267344
35056,F-12,267346
35057,F-12,267347
35058,F-12,267350
35059,F-12,267351
35060,F-12,267352
35061,F-12,267353
35062,F-12,267354
35063,F-12,267355
35064,F-12,267356
35065,F-12,267357
35066,F-12,267358
35067,F-12,267359
35068,F-12,267360
35069,F-12,267361
35070,F-12,267362
35071,F-12,267363
35072,F-12,267364
35073,F-12,267365
35074,F-12,267366
35075,F-12,267367
35076,F-12,267368
35077,F-12,267369
35078,F-12,267370
35079,F-12,267371
35080,F-12,267372
35081,F-12,267373
35082,F-12,267374
35083,F-12,267375
35084,F-12,267376
35085,F-12,267377
35086,F-12,267378
35087,F-12,267379
35088,F-12,267380
35089,F-12,267382
35090,F-12,267383
35091,F-12,267384
35092,F-12,267385
35093,F-12,267386
35094,F-12,267387
35095,F-12,267388
35096,F-12,267389
35097,F-12,267390
35098,F-12,267391
35099,F-12,267392
35100,F-12,267393
35101,F-12,267394
35102,F-12,267395
35103,F-12,267396
35104,F-12,267397
35105,F-12,267398
35106,F-12,267400
35107,F-12,267401
35108,F-12,267402
35109,F-12,267403
35110,F-12,267406
35111,F-12,267407
35112,F-12,267408
35113,F-12,267409
35114,F-12,267410
35115,F-12,267411
35116,F-12,267412
35117,F-12,267413
35118,F-12,267414
35119,F-12,267415
35120,F-12,267416
35121,F-12,267417
35122,F-12,267418
35123,F-12,267419
35124,F-12,267420
35125,F-12,267422
35126,F-12,267423
35127,F-12,267425
35128,F-12,267426
35129,F-12,267427
35130,F-12,267429
35131,F-12,267430
35132,F-12,267431
35133,F-12,267432
35134,F-12,267433
35135,F-12,267434
35136,F-12,267435
35137,F-12,267436
35138,F-12,267437
35139,F-12,267438
35140,F-12,267439
35141,F-12,267441
35142,F-12,267442
35143,F-12,267443
35144,F-12,267444
35145,F-12,267446
35146,F-12,267447
35147,F-12,267448
35148,F-12,267449
35149,F-12,267450
35150,F-12,267452
35151,F-12,267454
35152,F-12,267456
35153,F-12,267457
35154,F-12,267458
35155,F-12,267460
35156,F-12,267461
35157,F-12,267462
35158,F-12,267463
35159,F-12,267464
35160,F-12,267465
35161,F-12,267467
35162,F-12,267468
35163,F-12,267470
35164,F-12,267471
35165,F-12,267472
35166,F-12,267473
35167,F-12,267474
35168,F-12,267475
35169,F-12,267476
35170,F-12,267477
35171,F-12,267478
35172,F-12,267479
35173,F-12,267480
35174,F-12,267482
35175,F-12,267483
35176,F-12,267484
35177,F-12,267485
35178,F-12,267486
35179,F-12,267487
35180,F-12,267488
35181,F-12,267489
35182,F-12,267490
35183,F-12,267491
35184,F-12,267492
35185,F-12,267493
35186,F-12,267494
35187,F-12,267495
35188,F-12,267496
35189,F-12,267497
35190,F-12,267498
35191,F-12,267499
35192,F-12,267500
35193,F-12,267501
35194,F-12,267502
35195,F-12,267503
35196,F-12,267504
35197,F-12,267505
35198,F-12,267506
35199,F-12,267507
35200,F-12,267509
35201,F-12,267512
35202,F-12,267513
35203,F-12,267516
35204,F-12,267517
35205,F-12,267518
35206,F-12,267519
35207,F-12,267521
35208,F-12,267522
35209,F-12,267523
35210,F-12,267525
35211,F-12,267526
35212,F-12,267528
35213,F-12,267529
35214,F-12,267532
35215,F-12,267534
35216,F-12,267535
35217,F-12,267536
35218,F-12,267537
35219,F-12,267538
35220,F-12,267539
35221,F-12,267540
35222,F-12,267541
35223,F-12,267542
35224,F-12,267543
35225,F-12,267544
35226,F-12,267545
35227,F-12,267546
35228,F-12,267549
35229,F-12,267550
35230,F-12,267551
35231,F-12,267552
35232,F-12,267553
35233,F-12,267554
35234,F-12,267555
35235,F-12,267556
35236,F-12,267557
35237,F-12,267558
35238,F-12,267559
35239,F-12,267560
35240,F-12,267562
35241,F-12,267563
35242,F-12,267564
35243,F-12,267565
35244,F-12,267567
35245,F-12,267569
35246,F-12,267570
35247,F-12,267571
35248,F-12,267573
35249,F-12,267574
35250,F-12,267575
35251,F-12,267576
35252,F-12,267577
35253,F-12,267578
35254,F-12,267580
35255,F-12,267581
35256,F-12,267582
35257,F-12,267583
35258,F-12,267584
35259,F-12,267585
35260,F-12,267586
35261,F-12,267587
35262,F-12,267589
35263,F-12,267590
35264,F-12,267592
35265,F-12,267593
35266,F-12,267594
35267,F-12,267595
35268,F-12,267596
35269,F-12,267597
35270,F-12,267598
35271,F-12,267599
35272,F-12,267600
35273,F-12,267601
35274,F-12,267602
35275,F-12,267605
35276,F-12,267607
35277,F-12,267609
35278,F-12,267610
35279,F-12,267611
35280,F-12,267612
35281,F-12,267613
35282,F-12,267614
35283,F-12,267615
35284,F-12,267616
35285,F-12,267617
35286,F-12,267618
35287,F-12,267619
35288,F-12,267620
35289,F-12,267621
35290,F-12,267622
35291,F-12,267623
35292,F-12,267624
35293,F-12,267625
35294,F-12,267626
35295,F-12,267627
35296,F-12,267628
35297,F-12,267630
35298,F-12,267631
35299,F-12,267632
35300,F-12,267633
35301,F-12,267634
35302,F-12,267635
35303,F-12,267636
35304,F-12,267637
35305,F-12,267638
35306,F-12,267639
35307,F-12,267641
35308,F-12,267642
35309,F-12,267643
35310,F-12,267644
35311,F-12,267645
35312,F-12,267646
35313,F-12,267647
35314,F-12,267648
35315,F-12,267649
35316,F-12,267650
35317,F-12,267652
35318,F-12,267653
35319,F-12,267654
35320,F-12,267655
35321,F-12,267656
35322,F-12,267658
35323,F-12,267659
35324,F-12,267660
35325,F-12,267661
35326,F-12,267662
35327,F-12,267664
35328,F-12,267665
35329,F-12,267666
35330,F-12,267667
35331,F-12,267668
35332,F-12,267669
35333,F-12,267670
35334,F-12,267672
35335,F-12,267673
35336,F-12,267675
35337,F-12,267676
35338,F-12,267677
35339,F-12,267678
35340,F-12,267679
35341,F-12,267680
35342,F-12,267681
35343,F-12,267682
35344,F-12,267683
35345,F-12,267684
35346,F-12,267685
35347,F-12,267686
35348,F-12,267687
35349,F-12,267688
35350,F-12,267690
35351,F-12,267691
35352,F-12,267694
35353,F-12,267695
35354,F-12,267696
35355,F-12,267697
35356,F-12,267698
35357,F-12,267699
35358,F-12,267701
35359,F-12,267702
35360,F-12,267703
35361,F-12,267704
35362,F-12,267705
35363,F-12,267706
35364,F-12,267707
35365,F-12,267708
35366,F-12,267710
35367,F-12,267711
35368,F-12,267712
35369,F-12,267713
35370,F-12,267714
35371,F-12,267715
35372,F-12,267716
35373,F-12,267717
35374,F-12,267718
35375,F-12,267719
35376,F-12,267720
35377,F-12,267721
35378,F-12,267722
35379,F-12,267723
35380,F-12,267724
35381,F-12,267725
35382,F-12,267726
35383,F-12,267727
35384,F-12,267729
35385,F-12,267730
35386,F-12,267731
35387,F-12,267732
35388,F-12,267733
35389,F-12,267734
35390,F-12,267735
35391,F-12,267736
35392,F-12,267737
35393,F-12,267738
35394,F-12,267739
35395,F-12,267740
35396,F-12,267741
35397,F-12,267742
35398,F-12,267743
35399,F-12,267744
35400,F-12,267745
35401,F-12,267746
35402,F-12,267748
35403,F-12,267749
35404,F-12,267750
35405,F-12,267751
35406,F-12,267752
35407,F-12,267753
35408,F-12,267754
35409,F-12,267757
35410,F-12,267758
35411,F-12,267759
35412,F-12,267760
35413,F-12,267761
35414,F-12,267762
35415,F-12,267763
35416,F-12,267765
35417,F-12,267766
35418,F-12,267767
35419,F-12,267768
35420,F-12,267769
35421,F-12,267770
35422,F-12,267771
35423,F-12,267772
35424,F-12,267773
35425,F-12,267774
35426,F-12,267775
35427,F-12,267776
35428,F-12,267777
35429,F-12,267778
35430,F-12,267779
35431,F-12,267780
35432,F-12,267781
35433,F-12,267782
35434,F-12,267783
35435,F-12,267784
35436,F-12,267785
35437,F-12,267786
35438,F-12,267787
35439,F-12,267788
35440,F-12,267789
35441,F-12,267790
35442,F-12,267791
35443,F-12,267792
35444,F-12,267793
35445,F-12,267794
35446,F-12,267795
35447,F-12,267796
35448,F-12,267797
35449,F-12,267798
35450,F-12,267799
35451,F-12,267800
35452,F-12,267801
35453,F-12,267802
35454,F-12,267803
35455,F-12,267805
35456,F-12,267806
35457,F-12,267807
35458,F-12,267808
35459,F-12,267809
35460,F-12,267810
35461,F-12,267812
35462,F-12,267813
35463,F-12,267815
35464,F-12,267816
35465,F-12,267817
35466,F-12,267818
35467,F-12,267819
35468,F-12,267821
35469,F-12,267822
35470,F-12,267824
35471,F-12,267825
35472,F-12,267827
35473,F-12,267828
35474,F-12,267829
35475,F-12,267830
35476,F-12,267831
35477,F-12,267832
35478,F-12,267833
35479,F-12,267834
35480,F-12,267835
35481,F-12,267836
35482,F-12,267840
35483,F-12,267841
35484,F-12,267842
35485,F-12,267844
35486,F-12,267845
35487,F-12,267846
35488,F-12,267847
35489,F-12,267848
35490,F-12,267849
35491,F-12,267850
35492,F-12,267852
35493,F-12,267853
35494,F-12,267854
35495,F-12,267855
35496,F-12,267856
35497,F-12,267857
35498,F-12,267858
35499,F-12,267859
35500,F-12,267860
35501,F-12,267861
35502,F-12,267862
35503,F-12,267863
35504,F-12,267864
35505,F-12,267866
35506,F-12,267867
35507,F-12,267868
35508,F-12,267869
35509,F-12,267870
35510,F-12,267872
35511,F-12,267873
35512,F-12,267874
35513,F-12,267875
35514,F-12,267877
35515,F-12,267878
35516,F-12,267879
35517,F-12,267880
35518,F-12,267881
35519,F-12,267882
35520,F-12,267885
35521,F-12,267886
35522,F-12,267887
35523,F-12,267888
35524,F-12,267889
35525,F-12,267890
35526,F-12,267891
35527,F-12,267892
35528,F-12,267893
35529,F-12,267894
35530,F-12,267896
35531,F-12,267897
35532,F-12,267899
35533,F-12,267900
35534,F-12,267901
35535,F-12,267902
35536,F-12,267903
35537,F-12,267904
35538,F-12,267908
35539,F-12,267909
35540,F-12,267910
35541,F-12,267911
35542,F-12,267912
35543,F-12,267913
35544,F-12,267914
35545,F-12,267915
35546,F-12,267916
35547,F-12,267917
35548,F-12,267919
35549,F-12,267920
35550,F-12,267921
35551,F-12,267922
35552,F-12,267923
35553,F-12,267924
35554,F-12,267925
35555,F-12,267926
35556,F-12,267927
35557,F-12,267928
35558,F-12,267929
35559,F-12,267930
35560,F-12,267931
35561,F-12,267932
35562,F-12,267933
35563,F-12,267934
35564,F-12,267935
35565,F-12,267936
35566,F-12,267938
35567,F-12,267939
35568,F-12,267940
35569,F-12,267941
35570,F-12,267942
35571,F-12,267943
35572,F-12,267944
35573,F-12,267945
35574,F-12,267946
35575,F-12,267947
35576,F-12,267948
35577,F-12,267949
35578,F-12,267951
35579,F-12,267952
35580,F-12,267953
35581,F-12,267954
35582,F-12,267955
35583,F-12,267956
35584,F-12,267957
35585,F-12,267958
35586,F-12,267959
35587,F-12,267960
35588,F-12,267961
35589,F-12,267962
35590,F-12,267963
35591,F-12,267964
35592,F-12,267965
35593,F-12,267966
35594,F-12,267967
35595,F-12,267968
35596,F-12,267970
35597,F-12,267971
35598,F-12,267972
35599,F-12,267973
35600,F-12,267974
35601,F-12,267975
35602,F-12,267976
35603,F-12,267977
35604,F-12,267979
35605,F-12,267980
35606,F-12,267981
35607,F-12,267982
35608,F-12,267983
35609,F-12,267984
35610,F-12,267985
35611,F-12,267986
35612,F-12,267987
35613,F-12,267988
35614,F-12,267989
35615,F-12,267990
35616,F-12,267991
35617,F-12,267992
35618,F-12,267993
35619,F-12,267994
35620,F-12,267995
35621,F-12,267997
35622,F-12,267998
35623,F-12,267999
35624,F-12,268000
35625,F-12,268001
35626,F-12,268002
35627,F-12,268004
35628,F-12,268006
35629,F-12,268007
35630,F-12,268008
35631,F-12,268009
35632,F-12,268011
35633,F-12,268012
35634,F-12,268013
35635,F-12,268014
35636,F-12,268016
35637,F-12,268017
35638,F-12,268018
35639,F-12,268019
35640,F-12,268020
35641,F-12,268021
35642,F-12,268022
35643,F-12,268023
35644,F-12,268024
35645,F-12,268025
35646,F-12,268026
35647,F-12,268027
35648,F-12,268028
35649,F-12,268029
35650,F-12,268030
35651,F-12,268031
35652,F-12,268032
35653,F-12,268033
35654,F-12,268034
35655,F-12,268035
35656,F-12,268036
35657,F-12,268037
35658,F-12,268038
35659,F-12,268039
35660,F-12,268040
35661,F-12,268041
35662,F-12,268042
35663,F-12,268043
35664,F-12,268044
35665,F-12,268045
35666,F-12,268046
35667,F-12,268048
35668,F-12,268049
35669,F-12,268050
35670,F-12,268051
35671,F-12,268052
35672,F-12,268053
35673,F-12,268054
35674,F-12,268055
35675,F-12,268056
35676,F-12,268058
35677,F-12,268059
35678,F-12,268060
35679,F-12,268061
35680,F-12,268062
35681,F-12,268063
35682,F-12,268064
35683,F-12,268065
35684,F-12,268067
35685,F-12,268068
35686,F-12,268071
35687,F-12,268072
35688,F-12,268074
35689,F-12,268075
35690,F-12,268077
35691,F-12,268079
35692,F-12,268080
35693,F-12,268081
35694,F-12,268082
35695,F-12,268083
35696,F-12,268084
35697,F-12,268085
35698,F-12,268087
35699,F-12,268089
35700,F-12,268090
35701,F-12,268091
35702,F-12,268093
35703,F-12,268095
35704,F-12,268097
35705,F-12,268098
35706,F-12,268099
35707,F-12,268100
35708,F-12,268101
35709,F-12,268102
35710,F-12,268103
35711,F-12,268106
35712,F-12,268107
35713,F-12,268110
35714,F-12,268111
35715,F-12,268112
35716,F-12,268114
35717,F-12,268115
35718,F-12,268117
35719,F-12,268118
35720,F-12,268120
35721,F-12,268121
35722,F-12,268122
35723,F-12,268123
35724,F-12,268124
35725,F-12,268125
35726,F-12,268126
35727,F-12,268127
35728,F-12,268128
35729,F-12,268129
35730,F-12,268130
35731,F-12,268132
35732,F-12,268133
35733,F-12,268134
35734,F-12,268135
35735,F-12,268136
35736,F-12,268137
35737,F-12,268139
35738,F-12,268143
35739,F-12,268145
35740,F-12,268146
35741,F-12,268147
35742,F-12,268148
35743,F-12,268150
35744,F-12,268151
35745,F-12,268152
35746,F-12,268153
35747,F-12,268154
35748,F-12,268155
35749,F-12,268156
35750,F-12,268157
35751,F-12,268158
35752,F-12,268159
35753,F-12,268160
35754,F-12,268161
35755,F-12,268162
35756,F-12,268164
35757,F-12,268165
35758,F-12,268166
35759,F-12,268167
35760,F-12,268168
35761,F-12,268170
35762,F-12,268171
35763,F-12,268172
35764,F-12,268173
35765,F-12,268174
35766,F-12,268175
35767,F-12,268176
35768,F-12,268177
35769,F-12,268178
35770,F-12,268179
35771,F-12,268182
35772,F-12,268183
35773,F-12,268184
35774,F-12,268185
35775,F-12,268187
35776,F-12,268188
35777,F-12,268189
35778,F-12,268190
35779,F-12,268193
35780,F-12,268194
35781,F-12,268195
35782,F-12,268197
35783,F-12,268198
35784,F-12,268199
35785,F-12,268200
35786,F-12,268201
35787,F-12,268202
35788,F-12,268204
35789,F-12,268206
35790,F-12,268207
35791,F-12,268208
35792,F-12,268209
35793,F-12,268210
35794,F-12,268211
35795,F-12,268212
35796,F-12,268213
35797,F-12,268215
35798,F-12,268216
35799,F-12,268217
35800,F-12,268218
35801,F-12,268219
35802,F-12,268220
35803,F-12,268221
35804,F-12,268222
35805,F-12,268224
35806,F-12,268225
35807,F-12,268226
35808,F-12,268227
35809,F-12,268228
35810,F-12,268229
35811,F-12,268230
35812,F-12,268234
35813,F-12,268235
35814,F-12,268236
35815,F-12,268238
35816,F-12,268239
35817,F-12,268240
35818,F-12,268242
35819,F-12,268244
35820,F-12,268245
35821,F-12,268246
35822,F-12,268247
35823,F-12,268248
35824,F-12,268249
35825,F-12,268251
35826,F-12,268252
35827,F-12,268253
35828,F-12,268254
35829,F-12,268256
35830,F-12,268257
35831,F-12,268258
35832,F-12,268259
35833,F-12,268260
35834,F-12,268261
35835,F-12,268263
35836,F-12,268264
35837,F-12,268265
35838,F-12,268266
35839,F-12,268267
35840,F-12,268268
35841,F-12,268269
35842,F-12,268270
35843,F-12,268271
35844,F-12,268272
35845,F-12,268273
35846,F-12,268274
35847,F-12,268275
35848,F-12,268276
35849,F-12,268278
35850,F-12,268279
35851,F-12,268280
35852,F-12,268281
35853,F-12,268282
35854,F-12,268283
35855,F-12,268284
35856,F-12,268285
35857,F-12,268287
35858,F-12,268288
35859,F-12,268290
35860,F-12,268291
35861,F-12,268292
35862,F-12,268293
35863,F-12,268294
35864,F-12,268295
35865,F-12,268296
35866,F-12,268297
35867,F-12,268298
35868,F-12,268299
35869,F-12,268300
35870,F-12,268301
35871,F-12,268302
35872,F-12,268303
35873,F-12,268304
35874,F-12,268306
35875,F-12,268307
35876,F-12,268308
35877,F-12,268309
35878,F-12,268310
35879,F-12,268311
35880,F-12,268312
35881,F-12,268313
35882,F-12,268314
35883,F-12,268316
35884,F-12,268317
35885,F-12,268318
35886,F-12,268319
35887,F-12,268320
35888,F-12,268321
35889,F-12,268322
35890,F-12,268324
35891,F-12,268325
35892,F-12,268326
35893,F-12,268327
35894,F-12,268328
35895,F-12,268329
35896,F-12,268330
35897,F-12,268331
35898,F-12,268332
35899,F-12,268333
35900,F-12,268334
35901,F-12,268335
35902,F-12,268336
35903,F-12,268337
35904,F-12,268338
35905,F-12,268339
35906,F-12,268340
35907,F-12,268342
35908,F-12,268343
35909,F-12,268344
35910,F-12,268345
35911,F-12,268346
35912,F-12,268347
35913,F-12,268348
35914,F-12,268350
35915,F-12,268352
35916,F-12,268353
35917,F-12,268354
35918,F-12,268355
35919,F-12,268356
35920,F-12,268357
35921,F-12,268358
35922,F-12,268359
35923,F-12,268360
35924,F-12,268361
35925,F-12,268362
35926,F-12,268363
35927,F-12,268364
35928,F-12,268365
35929,F-12,268366
35930,F-12,268367
35931,F-12,268368
35932,F-12,268369
35933,F-12,268370
35934,F-12,268371
35935,F-12,268372
35936,F-12,268373
35937,F-12,268374
35938,F-12,268375
35939,F-12,268376
35940,F-12,268377
35941,F-12,268378
35942,F-12,268379
35943,F-12,268380
35944,F-12,268381
35945,F-12,268382
35946,F-12,268383
35947,F-12,268384
35948,F-12,268385
35949,F-12,268386
35950,F-12,268390
35951,F-12,268391
35952,F-12,268393
35953,F-12,268394
35954,F-12,268395
35955,F-12,268396
35956,F-12,268397
35957,F-12,268398
35958,F-12,268399
35959,F-12,268400
35960,F-12,268401
35961,F-12,268402
35962,F-12,268403
35963,F-12,268404
35964,F-12,268405
35965,F-12,268406
35966,F-12,268407
35967,F-12,268408
35968,F-12,268409
35969,F-12,268410
35970,F-12,268411
35971,F-12,268413
35972,F-12,268414
35973,F-12,268415
35974,F-12,268417
35975,F-12,268418
35976,F-12,268419
35977,F-12,268420
35978,F-12,268421
35979,F-12,268422
35980,F-12,268423
35981,F-12,268424
35982,F-12,268425
35983,F-12,268426
35984,F-12,268427
35985,F-12,268428
35986,F-12,268429
35987,F-12,268430
35988,F-12,268431
35989,F-12,268432
35990,F-12,268433
35991,F-12,268434
35992,F-12,268435
35993,F-12,268436
35994,F-12,268437
35995,F-12,268438
35996,F-12,268439
35997,F-12,268440
35998,F-12,268441
35999,F-12,268442
36000,F-12,268443
36001,F-12,268444
36002,F-12,268445
36003,F-12,268446
36004,F-12,268447
36005,F-12,268448
36006,F-12,268449
36007,F-12,268450
36008,F-12,268451
36009,F-12,268452
36010,F-12,268453
36011,F-12,268456
36012,F-12,268457
36013,F-12,268458
36014,F-12,268460
36015,F-12,268461
36016,F-12,268462
36017,F-12,268463
36018,F-12,268464
36019,F-12,268465
36020,F-12,268466
36021,F-12,268468
36022,F-12,268469
36023,F-12,268470
36024,F-12,268471
36025,F-12,268472
36026,F-12,268473
36027,F-12,268474
36028,F-12,268475
36029,F-12,268476
36030,F-12,268477
36031,F-12,268478
36032,F-12,268479
36033,F-12,268480
36034,F-12,268481
36035,F-12,268482
36036,F-12,268483
36037,F-12,268484
36038,F-12,268485
36039,F-12,268486
36040,F-12,268487
36041,F-12,268488
36042,F-12,268489
36043,F-12,268490
36044,F-12,268491
36045,F-12,268492
36046,F-12,268493
36047,F-12,268494
36048,F-12,268495
36049,F-12,268496
36050,F-12,268498
36051,F-12,268499
36052,F-12,268500
36053,F-12,268501
36054,F-12,268502
36055,F-12,268503
36056,F-12,268507
36057,F-12,268508
36058,F-12,268509
36059,F-12,268510
36060,F-12,268511
36061,F-12,268513
36062,F-12,268515
36063,F-12,268516
36064,F-12,268518
36065,F-12,268519
36066,F-12,268520
36067,F-12,268522
36068,F-12,268523
36069,F-12,268524
36070,F-12,268525
36071,F-12,268527
36072,F-12,268528
36073,F-12,268530
36074,F-12,268531
36075,F-12,268532
36076,F-12,268533
36077,F-12,268534
36078,F-12,268535
36079,F-12,268536
36080,F-12,268537
36081,F-12,268539
36082,F-12,268540
36083,F-12,268541
36084,F-12,268542
36085,F-12,268543
36086,F-12,268546
36087,F-12,268547
36088,F-12,268548
36089,F-12,268549
36090,F-12,268550
36091,F-12,268551
36092,F-12,268552
36093,F-12,268553
36094,F-12,268554
36095,F-12,268555
36096,F-12,268556
36097,F-12,268557
36098,F-12,268558
36099,F-12,268559
36100,F-12,268560
36101,F-12,268561
36102,F-12,268562
36103,F-12,268563
36104,F-12,268564
36105,F-12,268565
36106,F-12,268566
36107,F-12,268567
36108,F-12,268568
36109,F-12,268569
36110,F-12,268571
36111,F-12,268572
36112,F-12,268573
36113,F-12,268574
36114,F-12,268575
36115,F-12,268576
36116,F-12,268577
36117,F-12,268578
36118,F-12,268579
36119,F-12,268580
36120,F-12,268581
36121,F-12,268583
36122,F-12,268584
36123,F-12,268585
36124,F-12,268586
36125,F-12,268587
36126,F-12,268588
36127,F-12,268589
36128,F-12,268590
36129,F-12,268591
36130,F-12,268592
36131,F-12,268593
36132,F-12,268594
36133,F-12,268595
36134,F-12,268596
36135,F-12,268597
36136,F-12,268598
36137,F-12,268599
36138,F-12,268600
36139,F-12,268601
36140,F-12,268602
36141,F-12,268603
36142,F-12,268604
36143,F-12,268605
36144,F-12,268606
36145,F-12,268607
36146,F-12,268608
36147,F-12,268610
36148,F-12,268611
36149,F-12,268612
36150,F-12,268613
36151,F-12,268614
36152,F-12,268615
36153,F-12,268616
36154,F-12,268617
36155,F-12,268618
36156,F-12,268619
36157,F-12,268621
36158,F-12,268623
36159,F-12,268624
36160,F-12,268625
36161,F-12,268626
36162,F-12,268627
36163,F-12,268628
36164,F-12,268629
36165,F-12,268630
36166,F-12,268631
36167,F-12,268632
36168,F-12,268633
36169,F-12,268634
36170,F-12,268636
36171,F-12,268637
36172,F-12,268639
36173,F-12,268640
36174,F-12,268641
36175,F-12,268642
36176,F-12,268643
36177,F-12,268644
36178,F-12,268645
36179,F-12,268647
36180,F-12,268648
36181,F-12,268649
36182,F-12,268651
36183,F-12,268652
36184,F-12,268653
36185,F-12,268656
36186,F-12,268657
36187,F-12,268659
36188,F-12,268661
36189,F-12,268662
36190,F-12,268663
36191,F-12,268664
36192,F-12,268665
36193,F-12,268666
36194,F-12,268667
36195,F-12,268668
36196,F-12,268669
36197,F-12,268670
36198,F-12,268671
36199,F-12,268672
36200,F-12,268673
36201,F-12,268674
36202,F-12,268675
36203,F-12,268676
36204,F-12,268677
36205,F-12,268678
36206,F-12,268679
36207,F-12,268680
36208,F-12,268681
36209,F-12,268682
36210,F-12,268684
36211,F-12,268685
36212,F-12,268686
36213,F-12,268687
36214,F-12,268688
36215,F-12,268689
36216,F-12,268690
36217,F-12,268691
36218,F-12,268692
36219,F-12,268693
36220,F-12,268694
36221,F-12,268695
36222,F-12,268696
36223,F-12,268699
36224,F-12,268701
36225,F-12,268702
36226,F-12,268703
36227,F-12,268704
36228,F-12,268705
36229,F-12,268707
36230,F-12,268708
36231,F-12,268709
36232,F-12,268711
36233,F-12,268712
36234,F-12,268713
36235,F-12,268714
36236,F-12,268715
36237,F-12,268716
36238,F-12,268717
36239,F-12,268718
36240,F-12,268719
36241,F-12,268720
36242,F-12,268721
36243,F-12,268722
36244,F-12,268723
36245,F-12,268724
36246,F-12,268725
36247,F-12,268726
36248,F-12,268727
36249,F-12,268728
36250,F-12,268729
36251,F-12,268730
36252,F-12,268731
36253,F-12,268732
36254,F-12,268733
36255,F-12,268734
36256,F-12,268735
36257,F-12,268736
36258,F-12,268737
36259,F-12,268739
36260,F-12,268740
36261,F-12,268741
36262,F-12,268744
36263,F-12,268745
36264,F-12,268746
36265,F-12,268747
36266,F-12,268748
36267,F-12,268750
36268,F-12,268751
36269,F-12,268753
36270,F-12,268754
36271,F-12,268755
36272,F-12,268756
36273,F-12,268757
36274,F-12,268758
36275,F-12,268759
36276,F-12,268760
36277,F-12,268761
36278,F-12,268762
36279,F-12,268763
36280,F-12,268764
36281,F-12,268765
36282,F-12,268767
36283,F-12,268768
36284,F-12,268769
36285,F-12,268770
36286,F-12,268771
36287,F-12,268772
36288,F-12,268773
36289,F-12,268776
36290,F-12,268777
36291,F-12,268778
36292,F-12,268779
36293,F-12,268780
36294,F-12,268781
36295,F-12,268782
36296,F-12,268784
36297,F-12,268785
36298,F-12,268786
36299,F-12,268787
36300,F-12,268788
36301,F-12,268789
36302,F-12,268790
36303,F-12,268793
36304,F-12,268794
36305,F-12,268796
36306,F-12,268797
36307,F-12,268798
36308,F-12,268799
36309,F-12,268801
36310,F-12,268802
36311,F-12,268804
36312,F-12,268805
36313,F-12,268806
36314,F-12,268808
36315,F-12,268809
36316,F-12,268810
36317,F-12,268811
36318,F-12,268812
36319,F-12,268813
36320,F-12,268814
36321,F-12,268815
36322,F-12,268816
36323,F-12,268817
36324,F-12,268818
36325,F-12,268819
36326,F-12,268820
36327,F-12,268821
36328,F-12,268822
36329,F-12,268823
36330,F-12,268824
36331,F-12,268825
36332,F-12,268826
36333,F-12,268827
36334,F-12,268828
36335,F-12,268829
36336,F-12,268830
36337,F-12,268831
36338,F-12,268832
36339,F-12,268833
36340,F-12,268834
36341,F-12,268836
36342,F-12,268837
36343,F-12,268839
36344,F-12,268840
36345,F-12,268841
36346,F-12,268842
36347,F-12,268843
36348,F-12,268844
36349,F-12,268845
36350,F-12,268846
36351,F-12,268847
36352,F-12,268851
36353,F-12,268852
36354,F-12,268853
36355,F-12,268854
36356,F-12,268855
36357,F-12,268856
36358,F-12,268857
36359,F-12,268858
36360,F-12,268859
36361,F-12,268860
36362,F-12,268861
36363,F-12,268862
36364,F-12,268863
36365,F-12,268864
36366,F-12,268865
36367,F-12,268866
36368,F-12,268867
36369,F-12,268868
36370,F-12,268869
36371,F-12,268871
36372,F-12,268872
36373,F-12,268873
36374,F-12,268875
36375,F-12,268876
36376,F-12,268877
36377,F-12,268878
36378,F-12,268879
36379,F-12,268880
36380,F-12,268881
36381,F-12,268884
36382,F-12,268885
36383,F-12,268886
36384,F-12,268887
36385,F-12,268888
36386,F-12,268891
36387,F-12,268892
36388,F-12,268893
36389,F-12,268894
36390,F-12,268895
36391,F-12,268896
36392,F-12,268897
36393,F-12,268898
36394,F-12,268899
36395,F-12,268901
36396,F-12,268902
36397,F-12,268903
36398,F-12,268904
36399,F-12,268905
36400,F-12,268906
36401,F-12,268907
36402,F-12,268908
36403,F-12,268909
36404,F-12,268910
36405,F-12,268911
36406,F-12,268912
36407,F-12,268913
36408,F-12,268914
36409,F-12,268915
36410,F-12,268916
36411,F-12,268917
36412,F-12,268918
36413,F-12,268919
36414,F-12,268921
36415,F-12,268922
36416,F-12,268923
36417,F-12,268925
36418,F-12,268926
36419,F-12,268928
36420,F-12,268929
36421,F-12,268930
36422,F-12,268931
36423,F-12,268932
36424,F-12,268933
36425,F-12,268934
36426,F-12,268935
36427,F-12,268937
36428,F-12,268938
36429,F-12,268939
36430,F-12,268940
36431,F-12,268941
36432,F-12,268942
36433,F-12,268943
36434,F-12,268944
36435,F-12,268945
36436,F-12,268946
36437,F-12,268947
36438,F-12,268948
36439,F-12,268949
36440,F-12,268950
36441,F-12,268951
36442,F-12,268952
36443,F-12,268953
36444,F-12,268954
36445,F-12,268955
36446,F-12,268956
36447,F-12,268957
36448,F-12,268958
36449,F-12,268959
36450,F-12,268960
36451,F-12,268962
36452,F-12,268963
36453,F-12,268964
36454,F-12,268965
36455,F-12,268967
36456,F-12,268968
36457,F-12,268969
36458,F-12,268970
36459,F-12,268971
36460,F-12,268972
36461,F-12,268973
36462,F-12,268975
36463,F-12,268976
36464,F-12,268978
36465,F-12,268979
36466,F-12,268980
36467,F-12,268981
36468,F-12,268982
36469,F-12,268983
36470,F-12,268984
36471,F-12,268985
36472,F-12,268986
36473,F-12,268987
36474,F-12,268988
36475,F-12,268989
36476,F-12,268990
36477,F-12,268991
36478,F-12,268992
36479,F-12,268993
36480,F-12,268994
36481,F-12,268995
36482,F-12,268996
36483,F-12,268997
36484,F-12,268998
36485,F-12,269000
36486,F-12,269001
36487,F-12,269002
36488,F-12,269003
36489,F-12,269004
36490,F-12,269005
36491,F-12,269006
36492,F-12,269007
36493,F-12,269009
36494,F-12,269010
36495,F-12,269011
36496,F-12,269012
36497,F-12,269013
36498,F-12,269014
36499,F-12,269015
36500,F-12,269016
36501,F-12,269017
36502,F-12,269018
36503,F-12,269019
36504,F-12,269021
36505,F-12,269023
36506,F-12,269024
36507,F-12,269026
36508,F-12,269027
36509,F-12,269028
36510,F-12,269030
36511,F-12,269031
36512,F-12,269032
36513,F-12,269033
36514,F-12,269034
36515,F-12,269035
36516,F-12,269036
36517,F-12,269038
36518,F-12,269039
36519,F-12,269042
36520,F-12,269043
36521,F-12,269044
36522,F-12,269045
36523,F-12,269046
36524,F-12,269047
36525,F-12,269048
36526,F-12,269049
36527,F-12,269050
36528,F-12,269051
36529,F-12,269052
36530,F-12,269053
36531,F-12,269054
36532,F-12,269055
36533,F-12,269056
36534,F-12,269057
36535,F-12,269058
36536,F-12,269059
36537,F-12,269060
36538,F-12,269061
36539,F-12,269064
36540,F-12,269065
36541,F-12,269066
36542,F-12,269067
36543,F-12,269068
36544,F-12,269069
36545,F-12,269070
36546,F-12,269071
36547,F-12,269072
36548,F-12,269073
36549,F-12,269074
36550,F-12,269075
36551,F-12,269076
36552,F-12,269077
36553,F-12,269078
36554,F-12,269080
36555,F-12,269081
36556,F-12,269082
36557,F-12,269083
36558,F-12,269084
36559,F-12,269085
36560,F-12,269086
36561,F-12,269087
36562,F-12,269089
36563,F-12,269090
36564,F-12,269091
36565,F-12,269092
36566,F-12,269093
36567,F-12,269094
36568,F-12,269095
36569,F-12,269096
36570,F-12,269097
36571,F-12,269098
36572,F-12,269099
36573,F-12,269100
36574,F-12,269101
36575,F-12,269103
36576,F-12,269104
36577,F-12,269105
36578,F-12,269107
36579,F-12,269108
36580,F-12,269110
36581,F-12,269111
36582,F-12,269112
36583,F-12,269113
36584,F-12,269114
36585,F-12,269115
36586,F-12,269116
36587,F-12,269118
36588,F-12,269119
36589,F-12,269120
36590,F-12,269121
36591,F-12,269122
36592,F-12,269123
36593,F-12,269124
36594,F-12,269125
36595,F-12,269126
36596,F-12,269127
36597,F-12,269128
36598,F-12,269129
36599,F-12,269130
36600,F-12,269132
36601,F-12,269133
36602,F-12,269134
36603,F-12,269135
36604,F-12,269136
36605,F-12,269137
36606,F-12,269138
36607,F-12,269139
36608,F-12,269141
36609,F-12,269142
36610,F-12,269143
36611,F-12,269144
36612,F-12,269145
36613,F-12,269146
36614,F-12,269147
36615,F-12,269148
36616,F-12,269149
36617,F-12,269150
36618,F-12,269151
36619,F-12,269153
36620,F-12,269155
36621,F-12,269156
36622,F-12,269157
36623,F-12,269158
36624,F-12,269159
36625,F-12,269160
36626,F-12,269162
36627,F-12,269163
36628,F-12,269164
36629,F-12,269165
36630,F-12,269166
36631,F-12,269167
36632,F-12,269168
36633,F-12,269169
36634,F-12,269170
36635,F-12,269171
36636,F-12,269172
36637,F-12,269174
36638,F-12,269175
36639,F-12,269176
36640,F-12,269177
36641,F-12,269178
36642,F-12,269180
36643,F-12,269181
36644,F-12,269183
36645,F-12,269186
36646,F-12,269187
36647,F-12,269188
36648,F-12,269189
36649,F-12,269190
36650,F-12,269191
36651,F-12,269192
36652,F-12,269193
36653,F-12,269194
36654,F-12,269196
36655,F-12,269197
36656,F-12,269198
36657,F-12,269199
36658,F-12,269200
36659,F-12,269201
36660,F-12,269202
36661,F-12,269203
36662,F-12,269204
36663,F-12,269205
36664,F-12,269206
36665,F-12,269207
36666,F-12,269208
36667,F-12,269210
36668,F-12,269211
36669,F-12,269212
36670,F-12,269213
36671,F-12,269214
36672,F-12,269215
36673,F-12,269216
36674,F-12,269217
36675,F-12,269218
36676,F-12,269219
36677,F-12,269220
36678,F-12,269222
36679,F-12,269223
36680,F-12,269225
36681,F-12,269226
36682,F-12,269228
36683,F-12,269229
36684,F-12,269230
36685,F-12,269232
36686,F-12,269233
36687,F-12,269234
36688,F-12,269235
36689,F-12,269236
36690,F-12,269237
36691,F-12,269238
36692,F-12,269239
36693,F-12,269240
36694,F-12,269241
36695,F-12,269242
36696,F-12,269243
36697,F-12,269245
36698,F-12,269246
36699,F-12,269248
36700,F-12,269249
36701,F-12,269251
36702,F-12,269252
36703,F-12,269253
36704,F-12,269254
36705,F-12,269255
36706,F-12,269256
36707,F-12,269257
36708,F-12,269258
36709,F-12,269261
36710,F-12,269262
36711,F-12,269263
36712,F-12,269264
36713,F-12,269265
36714,F-12,269267
36715,F-12,269268
36716,F-12,269269
36717,F-12,269270
36718,F-12,269271
36719,F-12,269272
36720,F-12,269273
36721,F-12,269274
36722,F-12,269275
36723,F-12,269276
36724,F-12,269277
36725,F-12,269278
36726,F-12,269279
36727,F-12,269280
36728,F-12,269281
36729,F-12,269282
36730,F-12,269283
36731,F-12,269284
36732,F-12,269285
36733,F-12,269286
36734,F-12,269287
36735,F-12,269288
36736,F-12,269289
36737,F-12,269290
36738,F-12,269292
36739,F-12,269293
36740,F-12,269294
36741,F-12,269295
36742,F-12,269296
36743,F-12,269297
36744,F-12,269298
36745,F-12,269299
36746,F-12,269301
36747,F-12,269302
36748,F-12,269303
36749,F-12,269306
36750,F-12,269307
36751,F-12,269308
36752,F-12,269309
36753,F-12,269310
36754,F-12,269311
36755,F-12,269312
36756,F-12,269315
36757,F-12,269316
36758,F-12,269317
36759,F-12,269318
36760,F-12,269319
36761,F-12,269320
36762,F-12,269321
36763,F-12,269322
36764,F-12,269323
36765,F-12,269324
36766,F-12,269325
36767,F-12,269326
36768,F-12,269328
36769,F-12,269329
36770,F-12,269330
36771,F-12,269331
36772,F-12,269332
36773,F-12,269333
36774,F-12,269334
36775,F-12,269335
36776,F-12,269336
36777,F-12,269337
36778,F-12,269338
